<?xml version="1.0" encoding="UTF-8" standalone="yes"?>
<PcGts xmlns="http://schema.primaresearch.org/PAGE/gts/pagecontent/2013-07-15">
    <Metadata>
        <Creator>Transkribus</Creator>
        <Created>2025-11-24T10:46:41.002416</Created>
        <LastChange>2025-11-25T17:34:39.611+01:00</LastChange>
    </Metadata>
    <Page imageFilename="103417184_2_p002.jpg" imageWidth="3508" imageHeight="2479">
        <TextRegion id="tr_1763977623" custom="readingOrder {index:0;}">
            <Coords points="322,479 2467,479 2467,813 322,813"/>
        </TextRegion>
        <TextRegion id="tr_1763977625" custom="readingOrder {index:1;}">
            <Coords points="319,828 1096,828 1096,1570 319,1570"/>
        </TextRegion>
        <ImageRegion id="r" custom="readingOrder {index:2;}">
            <Coords points="1110,915 1525,915 1525,1481 1110,1481"/>
        </ImageRegion>
        <TextRegion id="tr_1763977626" custom="readingOrder {index:3;}">
            <Coords points="1375,834 1711,834 1711,1585 1375,1585"/>
        </TextRegion>
        <TextRegion id="tr_1763977622" custom="readingOrder {index:4;}">
            <Coords points="1687,818 2052,818 2052,1572 1687,1572"/>
        </TextRegion>
        <TextRegion id="tr_1763977621" custom="readingOrder {index:5;}">
            <Coords points="2042,820 2482,820 2482,1592 2042,1592"/>
        </TextRegion>
        <TextRegion id="tr_1763977624" custom="readingOrder {index:6;}">
            <Coords points="340,1550 2502,1550 2502,1765 340,1765"/>
        </TextRegion>
    </Page>
</PcGts>
