<?xml version="1.0" encoding="UTF-8" standalone="yes"?>
<PcGts xmlns="http://schema.primaresearch.org/PAGE/gts/pagecontent/2013-07-15">
    <Metadata>
        <Creator>Transkribus</Creator>
        <Created>2025-11-24T10:47:49.349710</Created>
        <LastChange>2025-11-25T17:34:56.299+01:00</LastChange>
    </Metadata>
    <Page imageFilename="103417214_3_p003.jpg" imageWidth="3508" imageHeight="2479">
        <TextRegion id="tr_1763977679" custom="readingOrder {index:0;}">
            <Coords points="390,455 2515,455 2515,803 390,803"/>
        </TextRegion>
        <TextRegion id="tr_1763977677" custom="readingOrder {index:1;}">
            <Coords points="377,806 1164,806 1164,1541 377,1541"/>
        </TextRegion>
        <TextRegion id="tr_1763977678" custom="readingOrder {index:2;}">
            <Coords points="1711,814 2110,814 2110,1566 1711,1566"/>
        </TextRegion>
        <TextRegion id="tr_1763977676" custom="readingOrder {index:3;}">
            <Coords points="2077,806 2517,806 2517,1575 2077,1575"/>
        </TextRegion>
        <ImageRegion id="r" custom="readingOrder {index:4;}">
            <Coords points="1174,906 1582,906 1582,1478 1174,1478"/>
        </ImageRegion>
        <TextRegion id="tr_1763977675" custom="readingOrder {index:5;}">
            <Coords points="374,1536 2511,1536 2511,1749 374,1749"/>
        </TextRegion>
    </Page>
</PcGts>
