<?xml version="1.0" encoding="UTF-8" standalone="yes"?>
<PcGts xmlns="http://schema.primaresearch.org/PAGE/gts/pagecontent/2013-07-15">
    <Metadata>
        <Creator>Transkribus</Creator>
        <Created>2025-11-25T17:19:06.405455</Created>
        <LastChange>2025-11-25T17:35:20.099+01:00</LastChange>
    </Metadata>
    <Page imageFilename="106776032_4_p004.jpg" imageWidth="3508" imageHeight="2479">
        <TextRegion id="tr_1764087562" custom="readingOrder {index:0;}">
            <Coords points="410,480 2509,480 2509,817 410,817"/>
        </TextRegion>
        <TextRegion id="tr_1764087559" custom="readingOrder {index:1;}">
            <Coords points="388,818 1193,818 1193,1579 388,1579"/>
        </TextRegion>
        <TextRegion id="tr_1764087561" custom="readingOrder {index:2;}">
            <Coords points="1761,819 2125,819 2125,1585 1761,1585"/>
        </TextRegion>
        <TextRegion id="tr_1764087558" custom="readingOrder {index:3;}">
            <Coords points="2118,823 2547,823 2547,1609 2118,1609"/>
        </TextRegion>
        <ImageRegion id="r" custom="readingOrder {index:4;}">
            <Coords points="1192,943 1587,943 1587,1547 1192,1547"/>
        </ImageRegion>
        <TextRegion id="tr_1764087560" custom="readingOrder {index:5;}">
            <Coords points="379,1559 2534,1559 2534,1767 379,1767"/>
        </TextRegion>
    </Page>
</PcGts>
