<?xml version="1.0" encoding="UTF-8" standalone="yes"?>
<PcGts xmlns="http://schema.primaresearch.org/PAGE/gts/pagecontent/2013-07-15">
    <Metadata>
        <Creator>Transkribus</Creator>
        <Created>2025-11-25T17:19:06.405455</Created>
        <LastChange>2025-11-25T17:35:37.510+01:00</LastChange>
    </Metadata>
    <Page imageFilename="106776033_5_p005.jpg" imageWidth="3508" imageHeight="2479">
        <TextRegion id="tr_1764087566" custom="readingOrder {index:0;}">
            <Coords points="364,495 2521,495 2521,834 364,834"/>
        </TextRegion>
        <TextRegion id="tr_1764087562" custom="readingOrder {index:1;}">
            <Coords points="356,822 1142,822 1142,1580 356,1580"/>
        </TextRegion>
        <TextRegion id="tr_1764087563" custom="readingOrder {index:2;}">
            <Coords points="1702,840 2078,840 2078,1611 1702,1611"/>
        </TextRegion>
        <TextRegion id="tr_1764087565" custom="readingOrder {index:3;}">
            <Coords points="2063,837 2504,837 2504,1615 2063,1615"/>
        </TextRegion>
        <ImageRegion id="r" custom="readingOrder {index:4;}">
            <Coords points="1149,943 1532,943 1532,1490 1149,1490"/>
        </ImageRegion>
        <TextRegion id="tr_1764087564" custom="readingOrder {index:5;}">
            <Coords points="343,1575 2462,1575 2462,1785 343,1785"/>
        </TextRegion>
    </Page>
</PcGts>
