<?xml version="1.0" encoding="UTF-8" standalone="yes"?>
<PcGts xmlns="http://schema.primaresearch.org/PAGE/gts/pagecontent/2013-07-15">
    <Metadata>
        <Creator>Transkribus</Creator>
        <Created>2025-11-25T17:19:06.405455</Created>
        <LastChange>2025-11-25T17:35:54.512+01:00</LastChange>
    </Metadata>
    <Page imageFilename="106776637_6_p006.jpg" imageWidth="3508" imageHeight="2479">
        <TextRegion id="tr_1764087562" custom="readingOrder {index:0;}">
            <Coords points="362,511 2490,511 2490,837 362,837"/>
        </TextRegion>
        <TextRegion id="tr_1764087560" custom="readingOrder {index:1;}">
            <Coords points="349,840 1134,840 1134,1597 349,1597"/>
        </TextRegion>
        <TextRegion id="tr_1764087561" custom="readingOrder {index:2;}">
            <Coords points="1696,842 2079,842 2079,1617 1696,1617"/>
        </TextRegion>
        <TextRegion id="tr_1764087563" custom="readingOrder {index:3;}">
            <Coords points="2053,852 2482,852 2482,1619 2053,1619"/>
        </TextRegion>
        <ImageRegion id="r" custom="readingOrder {index:4;}">
            <Coords points="1133,968 1513,968 1513,1547 1133,1547"/>
        </ImageRegion>
        <TextRegion id="tr_1764087564" custom="readingOrder {index:5;}">
            <Coords points="338,1586 2475,1586 2475,1798 338,1798"/>
        </TextRegion>
    </Page>
</PcGts>
