<?xml version="1.0" encoding="UTF-8" standalone="yes"?>
<PcGts xmlns="http://schema.primaresearch.org/PAGE/gts/pagecontent/2013-07-15">
    <Metadata>
        <Creator>Transkribus</Creator>
        <Created>2025-11-25T17:19:06.405455</Created>
        <LastChange>2025-11-25T17:36:38.036+01:00</LastChange>
    </Metadata>
    <Page imageFilename="106776034_7_p007.jpg" imageWidth="3508" imageHeight="2479">
        <TextRegion id="tr_1764087560" custom="readingOrder {index:0;}">
            <Coords points="281,334 2509,334 2509,639 281,639"/>
        </TextRegion>
        <ImageRegion id="r" custom="readingOrder {index:1;}">
            <Coords points="1064,302 2480,302 2480,2153 1064,2153"/>
        </ImageRegion>
        <TextRegion id="tr_1764087559" custom="readingOrder {index:2;}">
            <Coords points="301,635 1066,635 1066,1413 301,1413"/>
        </TextRegion>
    </Page>
</PcGts>
