<?xml version="1.0" encoding="UTF-8" standalone="yes"?>
<PcGts xmlns="http://schema.primaresearch.org/PAGE/gts/pagecontent/2013-07-15">
    <Metadata>
        <Creator>Transkribus</Creator>
        <Created>2025-11-25T17:19:06.405455</Created>
        <LastChange>2025-11-25T17:19:26.352+01:00</LastChange>
    </Metadata>
    <Page imageFilename="106776638_8_p008.jpg" imageWidth="3508" imageHeight="2479">
        <TextRegion id="tr_1764087558">
            <Coords points="606,746 2040,746 2040,1704 606,1704"/>
        </TextRegion>
    </Page>
</PcGts>
