<?xml version="1.0" encoding="UTF-8" standalone="yes"?>
<PcGts xmlns="http://schema.primaresearch.org/PAGE/gts/pagecontent/2013-07-15">
    <Metadata>
        <Creator>Transkribus</Creator>
        <Created>2025-11-24T10:49:05.799108</Created>
        <LastChange>2025-11-24T10:49:12.882+01:00</LastChange>
    </Metadata>
    <Page imageFilename="103417279_9_p009.jpg" imageWidth="3508" imageHeight="2479">
        <TextRegion id="tr_1763977754">
            <Coords points="332,445 2460,445 2460,792 332,792"/>
        </TextRegion>
        <TextRegion id="tr_1763977752">
            <Coords points="345,791 1109,791 1109,1538 345,1538"/>
        </TextRegion>
        <TextRegion id="tr_1763977755">
            <Coords points="1103,812 1337,812 1337,1550 1103,1550"/>
        </TextRegion>
        <TextRegion id="tr_1763977756">
            <Coords points="1337,792 1680,792 1680,1566 1337,1566"/>
        </TextRegion>
        <TextRegion id="tr_1763977751">
            <Coords points="1644,786 2056,786 2056,1537 1644,1537"/>
        </TextRegion>
        <TextRegion id="tr_1763977750">
            <Coords points="2012,792 2474,792 2474,1546 2012,1546"/>
        </TextRegion>
        <TextRegion id="tr_1763977753">
            <Coords points="342,1527 2490,1527 2490,1740 342,1740"/>
        </TextRegion>
    </Page>
</PcGts>
