<?xml version="1.0" encoding="UTF-8" standalone="yes"?>
<PcGts xmlns="http://schema.primaresearch.org/PAGE/gts/pagecontent/2013-07-15">
    <Metadata>
        <Creator>Transkribus</Creator>
        <Created>2025-11-25T17:19:06.405455</Created>
        <LastChange>2025-11-25T17:37:05.804+01:00</LastChange>
    </Metadata>
    <Page imageFilename="106776639_10_p010.jpg" imageWidth="3508" imageHeight="2479">
        <TextRegion id="tr_1764087562" custom="readingOrder {index:0;}">
            <Coords points="348,324 2580,324 2580,718 348,718"/>
        </TextRegion>
        <ImageRegion id="r" custom="readingOrder {index:1;}">
            <Coords points="1062,271 2443,271 2443,2181 1062,2181"/>
        </ImageRegion>
        <TextRegion id="tr_1764087561" custom="readingOrder {index:2;}">
            <Coords points="332,623 1071,623 1071,1407 332,1407"/>
        </TextRegion>
    </Page>
</PcGts>
