<?xml version="1.0" encoding="UTF-8" standalone="yes"?>
<PcGts xmlns="http://schema.primaresearch.org/PAGE/gts/pagecontent/2013-07-15">
    <Metadata>
        <Creator>Transkribus</Creator>
        <Created>2025-12-08T20:10:51.966947</Created>
        <LastChange>2025-12-08T20:11:14.186+01:00</LastChange>
    </Metadata>
    <Page imageFilename="106776036_11_p011.jpg" imageWidth="3508" imageHeight="2479">
        <TextRegion id="tr_1765221071">
            <Coords points="368,478 2539,478 2539,778 368,778"/>
        </TextRegion>
        <TextRegion id="tr_1765221070">
            <Coords points="351,769 1134,769 1134,1555 351,1555"/>
        </TextRegion>
        <TextRegion id="tr_1765221073">
            <Coords points="1144,776 1372,776 1372,1557 1144,1557"/>
        </TextRegion>
        <TextRegion id="tr_1765221072">
            <Coords points="1367,782 1715,782 1715,1586 1367,1586"/>
        </TextRegion>
        <TextRegion id="tr_1765221069">
            <Coords points="1703,781 2104,781 2104,1569 1703,1569"/>
        </TextRegion>
        <TextRegion id="tr_1765221074">
            <Coords points="2072,789 2530,789 2530,1576 2072,1576"/>
        </TextRegion>
        <TextRegion id="tr_1765221075">
            <Coords points="363,1543 2553,1543 2553,1771 363,1771"/>
        </TextRegion>
    </Page>
</PcGts>
