<?xml version="1.0" encoding="UTF-8" standalone="yes"?>
<PcGts xmlns="http://schema.primaresearch.org/PAGE/gts/pagecontent/2013-07-15">
    <Metadata>
        <Creator>Transkribus</Creator>
        <Created>2025-09-25T13:13:06.229+02:00</Created>
        <LastChange>2025-11-25T17:39:31.050+01:00</LastChange>
    </Metadata>
    <Page imageFilename="p012.jpg" imageWidth="3508" imageHeight="2479">
        <ImageRegion id="r" custom="readingOrder {index:0;}">
            <Coords points="1770,411 2571,411 2571,1536 1770,1536"/>
        </ImageRegion>
    </Page>
</PcGts>
