<?xml version="1.0" encoding="UTF-8" standalone="yes"?>
<PcGts xmlns="http://schema.primaresearch.org/PAGE/gts/pagecontent/2013-07-15">
    <Metadata>
        <Creator>Transkribus</Creator>
        <Created>2025-12-08T20:11:51.272542</Created>
        <LastChange>2025-12-08T20:11:58.442+01:00</LastChange>
    </Metadata>
    <Page imageFilename="106776037_13_p013.jpg" imageWidth="3508" imageHeight="2479">
        <TextRegion id="tr_1765221117">
            <Coords points="299,511 2375,511 2375,815 299,815"/>
        </TextRegion>
        <TextRegion id="tr_1765221116">
            <Coords points="286,816 1065,816 1065,1597 286,1597"/>
        </TextRegion>
        <TextRegion id="tr_1765221119">
            <Coords points="1063,829 1297,829 1297,1605 1063,1605"/>
        </TextRegion>
        <TextRegion id="tr_1765221118">
            <Coords points="1293,821 1632,821 1632,1605 1293,1605"/>
        </TextRegion>
        <TextRegion id="tr_1765221115">
            <Coords points="1613,838 1999,838 1999,1597 1613,1597"/>
        </TextRegion>
        <TextRegion id="tr_1765221121">
            <Coords points="1980,851 2417,851 2417,1613 1980,1613"/>
        </TextRegion>
        <TextRegion id="tr_1765221120">
            <Coords points="319,1577 2431,1577 2431,1794 319,1794"/>
        </TextRegion>
    </Page>
</PcGts>
