<?xml version="1.0" encoding="UTF-8" standalone="yes"?>
<PcGts xmlns="http://schema.primaresearch.org/PAGE/gts/pagecontent/2013-07-15">
    <Metadata>
        <Creator>Transkribus</Creator>
        <Created>2025-09-25T13:13:06.488+02:00</Created>
        <LastChange>2025-11-25T17:39:54.094+01:00</LastChange>
    </Metadata>
    <Page imageFilename="p014.jpg" imageWidth="3508" imageHeight="2479">
        <ImageRegion id="r" custom="readingOrder {index:0;}">
            <Coords points="1108,264 2508,264 2508,2155 1108,2155"/>
        </ImageRegion>
    </Page>
</PcGts>
