<?xml version="1.0" encoding="UTF-8" standalone="yes"?>
<PcGts xmlns="http://schema.primaresearch.org/PAGE/gts/pagecontent/2013-07-15">
    <Metadata>
        <Creator>Transkribus</Creator>
        <Created>2025-12-08T20:12:32.360657</Created>
        <LastChange>2025-12-08T20:12:39.500+01:00</LastChange>
    </Metadata>
    <Page imageFilename="106776038_15_p015.jpg" imageWidth="3508" imageHeight="2479">
        <TextRegion id="tr_1765221161">
            <Coords points="376,558 2565,558 2565,840 376,840"/>
        </TextRegion>
        <TextRegion id="tr_1765221158">
            <Coords points="379,846 1218,846 1218,1651 379,1651"/>
        </TextRegion>
        <TextRegion id="tr_1765221163">
            <Coords points="1168,850 1405,850 1405,1661 1168,1661"/>
        </TextRegion>
        <TextRegion id="tr_1765221162">
            <Coords points="1404,845 1759,845 1759,1635 1404,1635"/>
        </TextRegion>
        <TextRegion id="tr_1765221159">
            <Coords points="1738,849 2137,849 2137,1646 1738,1646"/>
        </TextRegion>
        <TextRegion id="tr_1765221157">
            <Coords points="2111,864 2578,864 2578,1649 2111,1649"/>
        </TextRegion>
        <TextRegion id="tr_1765221160">
            <Coords points="402,1628 2564,1628 2564,1832 402,1832"/>
        </TextRegion>
    </Page>
</PcGts>
