<?xml version="1.0" encoding="UTF-8" standalone="yes"?>
<PcGts xmlns="http://schema.primaresearch.org/PAGE/gts/pagecontent/2013-07-15">
    <Metadata>
        <Creator>Transkribus</Creator>
        <Created>2025-12-08T20:13:14.682093</Created>
        <LastChange>2025-12-08T20:13:54.499+01:00</LastChange>
    </Metadata>
    <Page imageFilename="106776039_16_p016.jpg" imageWidth="3508" imageHeight="2479">
        <TextRegion id="tr_1765221201" custom="readingOrder {index:0;}">
            <Coords points="367,508 2488,508 2488,811 367,811"/>
        </TextRegion>
        <TextRegion id="tr_1765221199" custom="readingOrder {index:1;}">
            <Coords points="388,816 1168,816 1168,1585 388,1585"/>
        </TextRegion>
        <TextRegion id="tr_1765221202" custom="readingOrder {index:2;}">
            <Coords points="1698,835 2084,835 2084,1577 1698,1577"/>
        </TextRegion>
        <TextRegion id="tr_1765221203" custom="readingOrder {index:3;}">
            <Coords points="2060,833 2501,833 2501,1589 2060,1589"/>
        </TextRegion>
        <ImageRegion id="r" custom="readingOrder {index:4;}">
            <Coords points="1195,950 1596,950 1596,1567 1195,1567"/>
        </ImageRegion>
        <TextRegion id="tr_1765221200" custom="readingOrder {index:5;}">
            <Coords points="398,1573 2524,1573 2524,1777 398,1777"/>
        </TextRegion>
    </Page>
</PcGts>
