<?xml version="1.0" encoding="UTF-8" standalone="yes"?>
<PcGts xmlns="http://schema.primaresearch.org/PAGE/gts/pagecontent/2013-07-15">
    <Metadata>
        <Creator>Transkribus</Creator>
        <Created>2025-12-08T20:14:25.042479</Created>
        <LastChange>2025-12-08T20:16:12.265+01:00</LastChange>
    </Metadata>
    <Page imageFilename="106776040_17_p017.jpg" imageWidth="3508" imageHeight="2479">
        <TextRegion id="tr_1765221269" custom="readingOrder {index:0;}">
            <Coords points="364,517 2489,517 2489,824 364,824"/>
        </TextRegion>
        <TextRegion id="tr_1765221270" custom="readingOrder {index:1;}">
            <Coords points="356,823 1161,823 1161,1591 356,1591"/>
        </TextRegion>
        <TextRegion id="tr_1765221272" custom="readingOrder {index:2;}">
            <Coords points="1702,844 2096,844 2096,1605 1702,1605"/>
        </TextRegion>
        <TextRegion id="tr_1765221271" custom="readingOrder {index:3;}">
            <Coords points="2071,844 2511,844 2511,1607 2071,1607"/>
        </TextRegion>
        <ImageRegion id="r" custom="readingOrder {index:4;}">
            <Coords points="1236,991 1648,991 1648,1597 1236,1597"/>
        </ImageRegion>
        <TextRegion id="tr_1765221273" custom="readingOrder {index:5;}">
            <Coords points="364,1596 2497,1596 2497,1786 364,1786"/>
        </TextRegion>
    </Page>
</PcGts>
