<?xml version="1.0" encoding="UTF-8" standalone="yes"?>
<PcGts xmlns="http://schema.primaresearch.org/PAGE/gts/pagecontent/2013-07-15">
    <Metadata>
        <Creator>Transkribus</Creator>
        <Created>2025-09-25T13:13:06.981+02:00</Created>
        <LastChange>2025-11-25T17:40:56.125+01:00</LastChange>
    </Metadata>
    <Page imageFilename="p018.jpg" imageWidth="3508" imageHeight="2479">
        <ImageRegion id="r" custom="readingOrder {index:0;}">
            <Coords points="1809,355 2496,355 2496,1312 1809,1312"/>
        </ImageRegion>
    </Page>
</PcGts>
