<?xml version="1.0" encoding="UTF-8" standalone="yes"?>
<PcGts xmlns="http://schema.primaresearch.org/PAGE/gts/pagecontent/2013-07-15">
    <Metadata>
        <Creator>Transkribus</Creator>
        <Created>2025-12-08T20:16:44.467371</Created>
        <LastChange>2025-12-08T20:16:51.558+01:00</LastChange>
    </Metadata>
    <Page imageFilename="106776657_19_p019.jpg" imageWidth="3508" imageHeight="2479">
        <TextRegion id="tr_1765221411">
            <Coords points="276,527 2454,527 2454,829 276,829"/>
        </TextRegion>
        <TextRegion id="tr_1765221412">
            <Coords points="284,826 1133,826 1133,1607 284,1607"/>
        </TextRegion>
        <TextRegion id="tr_1765221414">
            <Coords points="1300,834 1655,834 1655,1630 1300,1630"/>
        </TextRegion>
        <TextRegion id="tr_1765221409">
            <Coords points="1642,849 2019,849 2019,1617 1642,1617"/>
        </TextRegion>
        <TextRegion id="tr_1765221413">
            <Coords points="2005,868 2457,868 2457,1588 2005,1588"/>
        </TextRegion>
        <TextRegion id="tr_1765221410">
            <Coords points="292,1603 2446,1603 2446,1801 292,1801"/>
        </TextRegion>
    </Page>
</PcGts>
