<?xml version="1.0" encoding="UTF-8" standalone="yes"?>
<PcGts xmlns="http://schema.primaresearch.org/PAGE/gts/pagecontent/2013-07-15">
    <Metadata>
        <Creator>Transkribus</Creator>
        <Created>2025-09-25T13:13:07.255+02:00</Created>
        <LastChange>2025-11-25T17:41:19.659+01:00</LastChange>
    </Metadata>
    <Page imageFilename="p020.jpg" imageWidth="3508" imageHeight="2479">
        <ImageRegion id="r" custom="readingOrder {index:0;}">
            <Coords points="2044,444 2408,444 2408,1030 2044,1030"/>
        </ImageRegion>
    </Page>
</PcGts>
