<?xml version="1.0" encoding="UTF-8" standalone="yes"?>
<PcGts xmlns="http://schema.primaresearch.org/PAGE/gts/pagecontent/2013-07-15">
    <Metadata>
        <Creator>Transkribus</Creator>
        <Created>2025-12-09T11:26:19.939850</Created>
        <LastChange>2025-12-09T11:26:30.044+01:00</LastChange>
    </Metadata>
    <Page imageFilename="106776043_21_p021.jpg" imageWidth="3508" imageHeight="2479">
        <TextRegion id="tr_1765275988">
            <Coords points="289,489 2467,489 2467,791 289,791"/>
        </TextRegion>
        <TextRegion id="tr_1765275987">
            <Coords points="296,773 1084,773 1084,1557 296,1557"/>
        </TextRegion>
        <TextRegion id="tr_1765275993">
            <Coords points="1083,799 1319,799 1319,1580 1083,1580"/>
        </TextRegion>
        <TextRegion id="tr_1765275992">
            <Coords points="1320,796 1663,796 1663,1600 1320,1600"/>
        </TextRegion>
        <TextRegion id="tr_1765275989">
            <Coords points="1644,806 2037,806 2037,1588 1644,1588"/>
        </TextRegion>
        <TextRegion id="tr_1765275991">
            <Coords points="2015,831 2456,831 2456,1589 2015,1589"/>
        </TextRegion>
        <TextRegion id="tr_1765275990">
            <Coords points="306,1567 2412,1567 2412,1771 306,1771"/>
        </TextRegion>
    </Page>
</PcGts>
