<?xml version="1.0" encoding="UTF-8" standalone="yes"?>
<PcGts xmlns="http://schema.primaresearch.org/PAGE/gts/pagecontent/2013-07-15">
    <Metadata>
        <Creator>Transkribus</Creator>
        <Created>2025-09-25T13:13:07.497+02:00</Created>
        <LastChange>2025-11-25T17:52:52.289+01:00</LastChange>
    </Metadata>
    <Page imageFilename="p022.jpg" imageWidth="3508" imageHeight="2479">
        <ImageRegion id="r" custom="readingOrder {index:0;}">
            <Coords points="1758,474 2440,474 2440,1445 1758,1445"/>
        </ImageRegion>
    </Page>
</PcGts>
