<?xml version="1.0" encoding="UTF-8" standalone="yes"?>
<PcGts xmlns="http://schema.primaresearch.org/PAGE/gts/pagecontent/2013-07-15">
    <Metadata>
        <Creator>Transkribus</Creator>
        <Created>2025-12-09T11:27:31.219709</Created>
        <LastChange>2025-12-09T11:27:38.381+01:00</LastChange>
    </Metadata>
    <Page imageFilename="106776044_23_p023.jpg" imageWidth="3508" imageHeight="2479">
        <TextRegion id="tr_1765276055">
            <Coords points="324,518 2439,518 2439,810 324,810"/>
        </TextRegion>
        <TextRegion id="tr_1765276058">
            <Coords points="318,823 1104,823 1104,1578 318,1578"/>
        </TextRegion>
        <TextRegion id="tr_1765276061">
            <Coords points="1103,811 1338,811 1338,1593 1103,1593"/>
        </TextRegion>
        <TextRegion id="tr_1765276060">
            <Coords points="1328,815 1675,815 1675,1594 1328,1594"/>
        </TextRegion>
        <TextRegion id="tr_1765276059">
            <Coords points="1662,821 2051,821 2051,1584 1662,1584"/>
        </TextRegion>
        <TextRegion id="tr_1765276056">
            <Coords points="2035,842 2471,842 2471,1574 2035,1574"/>
        </TextRegion>
        <TextRegion id="tr_1765276057">
            <Coords points="346,1576 2487,1576 2487,1776 346,1776"/>
        </TextRegion>
    </Page>
</PcGts>
