<?xml version="1.0" encoding="UTF-8" standalone="yes"?>
<PcGts xmlns="http://schema.primaresearch.org/PAGE/gts/pagecontent/2013-07-15">
    <Metadata>
        <Creator>Transkribus</Creator>
        <Created>2025-09-25T13:13:07.782+02:00</Created>
        <LastChange>2025-11-25T17:53:18.855+01:00</LastChange>
    </Metadata>
    <Page imageFilename="p024.jpg" imageWidth="3508" imageHeight="2479">
        <ImageRegion id="r" custom="readingOrder {index:0;}">
            <Coords points="1798,444 2475,444 2475,1440 1798,1440"/>
        </ImageRegion>
    </Page>
</PcGts>
