<?xml version="1.0" encoding="UTF-8" standalone="yes"?>
<PcGts xmlns="http://schema.primaresearch.org/PAGE/gts/pagecontent/2013-07-15">
    <Metadata>
        <Creator>Transkribus</Creator>
        <Created>2025-12-09T11:36:04.081524</Created>
        <LastChange>2025-12-09T11:36:17.232+01:00</LastChange>
    </Metadata>
    <Page imageFilename="106776745_25_p025.jpg" imageWidth="3508" imageHeight="2479">
        <TextRegion id="tr_1765276571">
            <Coords points="265,525 2477,525 2477,819 265,819"/>
        </TextRegion>
        <TextRegion id="tr_1765276572">
            <Coords points="298,837 1087,837 1087,1617 298,1617"/>
        </TextRegion>
        <TextRegion id="tr_1765276577">
            <Coords points="1080,825 1314,825 1314,1635 1080,1635"/>
        </TextRegion>
        <TextRegion id="tr_1765276575">
            <Coords points="1312,829 1674,829 1674,1638 1312,1638"/>
        </TextRegion>
        <TextRegion id="tr_1765276576">
            <Coords points="1648,849 2043,849 2043,1626 1648,1626"/>
        </TextRegion>
        <TextRegion id="tr_1765276573">
            <Coords points="2019,850 2490,850 2490,1630 2019,1630"/>
        </TextRegion>
        <TextRegion id="tr_1765276574">
            <Coords points="301,1608 2508,1608 2508,1817 301,1817"/>
        </TextRegion>
    </Page>
</PcGts>
