<?xml version="1.0" encoding="UTF-8" standalone="yes"?>
<PcGts xmlns="http://schema.primaresearch.org/PAGE/gts/pagecontent/2013-07-15">
    <Metadata>
        <Creator>Transkribus</Creator>
        <Created>2025-09-25T13:13:08.022+02:00</Created>
        <LastChange>2025-11-25T17:53:49.249+01:00</LastChange>
    </Metadata>
    <Page imageFilename="p026.jpg" imageWidth="3508" imageHeight="2479">
        <ImageRegion id="r" custom="readingOrder {index:0;}">
            <Coords points="305,453 941,453 941,1422 305,1422"/>
        </ImageRegion>
    </Page>
</PcGts>
