<?xml version="1.0" encoding="UTF-8" standalone="yes"?>
<PcGts xmlns="http://schema.primaresearch.org/PAGE/gts/pagecontent/2013-07-15">
    <Metadata>
        <Creator>Transkribus</Creator>
        <Created>2025-12-09T11:36:04.081524</Created>
        <LastChange>2025-12-09T11:36:22.972+01:00</LastChange>
    </Metadata>
    <Page imageFilename="106776746_27_p027.jpg" imageWidth="3508" imageHeight="2479">
        <TextRegion id="tr_1765276573">
            <Coords points="372,519 2501,519 2501,838 372,838"/>
        </TextRegion>
        <TextRegion id="tr_1765276569">
            <Coords points="346,820 1152,820 1152,1614 346,1614"/>
        </TextRegion>
        <TextRegion id="tr_1765276570">
            <Coords points="1674,838 2092,838 2092,1606 1674,1606"/>
        </TextRegion>
        <TextRegion id="tr_1765276572">
            <Coords points="2061,855 2485,855 2485,1602 2061,1602"/>
        </TextRegion>
        <TextRegion id="tr_1765276571">
            <Coords points="372,1593 2453,1593 2453,1782 372,1782"/>
        </TextRegion>
    </Page>
</PcGts>
