<?xml version="1.0" encoding="UTF-8" standalone="yes"?>
<PcGts xmlns="http://schema.primaresearch.org/PAGE/gts/pagecontent/2013-07-15">
    <Metadata>
        <Creator>Transkribus</Creator>
        <Created>2025-09-25T13:13:08.286+02:00</Created>
        <LastChange>2025-11-25T17:54:13.508+01:00</LastChange>
    </Metadata>
    <Page imageFilename="p028.jpg" imageWidth="3508" imageHeight="2479">
        <ImageRegion id="r" custom="readingOrder {index:0;}">
            <Coords points="340,469 1055,469 1055,1475 340,1475"/>
        </ImageRegion>
    </Page>
</PcGts>
