<?xml version="1.0" encoding="UTF-8" standalone="yes"?>
<PcGts xmlns="http://schema.primaresearch.org/PAGE/gts/pagecontent/2013-07-15">
    <Metadata>
        <Creator>Transkribus</Creator>
        <Created>2025-12-09T11:36:04.081524</Created>
        <LastChange>2025-12-09T11:36:23.127+01:00</LastChange>
    </Metadata>
    <Page imageFilename="106776727_29_p029.jpg" imageWidth="3508" imageHeight="2479">
        <TextRegion id="tr_1765276575">
            <Coords points="412,519 2510,519 2510,838 412,838"/>
        </TextRegion>
        <TextRegion id="tr_1765276573">
            <Coords points="397,821 1181,821 1181,1582 397,1582"/>
        </TextRegion>
        <TextRegion id="tr_1765276577">
            <Coords points="1159,841 1401,841 1401,1606 1159,1606"/>
        </TextRegion>
        <TextRegion id="tr_1765276576">
            <Coords points="1406,836 1746,836 1746,1603 1406,1603"/>
        </TextRegion>
        <TextRegion id="tr_1765276572">
            <Coords points="1722,839 2103,839 2103,1604 1722,1604"/>
        </TextRegion>
        <TextRegion id="tr_1765276574">
            <Coords points="2095,854 2528,854 2528,1624 2095,1624"/>
        </TextRegion>
        <TextRegion id="tr_1765276571">
            <Coords points="411,1590 2502,1590 2502,1784 411,1784"/>
        </TextRegion>
    </Page>
</PcGts>
