<?xml version="1.0" encoding="UTF-8" standalone="yes"?>
<PcGts xmlns="http://schema.primaresearch.org/PAGE/gts/pagecontent/2013-07-15">
    <Metadata>
        <Creator>Transkribus</Creator>
        <Created>2025-09-25T13:13:08.539+02:00</Created>
        <LastChange>2025-11-25T17:54:32.763+01:00</LastChange>
    </Metadata>
    <Page imageFilename="p030.jpg" imageWidth="3508" imageHeight="2479">
        <ImageRegion id="r" custom="readingOrder {index:0;}">
            <Coords points="279,236 1483,236 1483,2174 279,2174"/>
        </ImageRegion>
    </Page>
</PcGts>
