<?xml version="1.0" encoding="UTF-8" standalone="yes"?>
<PcGts xmlns="http://schema.primaresearch.org/PAGE/gts/pagecontent/2013-07-15">
    <Metadata>
        <Creator>Transkribus</Creator>
        <Created>2025-12-09T11:36:04.081524</Created>
        <LastChange>2025-12-09T11:36:23.281+01:00</LastChange>
    </Metadata>
    <Page imageFilename="106776728_31_p031.jpg" imageWidth="3508" imageHeight="2479">
        <TextRegion id="tr_1765276578">
            <Coords points="403,582 2614,582 2614,856 403,856"/>
        </TextRegion>
        <TextRegion id="tr_1765276577">
            <Coords points="401,874 1216,874 1216,1661 401,1661"/>
        </TextRegion>
        <TextRegion id="tr_1765276574">
            <Coords points="1766,866 2239,866 2239,1636 1766,1636"/>
        </TextRegion>
        <TextRegion id="tr_1765276576">
            <Coords points="2171,870 2619,870 2619,1654 2171,1654"/>
        </TextRegion>
        <TextRegion id="tr_1765276575">
            <Coords points="370,1643 2593,1643 2593,1829 370,1829"/>
        </TextRegion>
    </Page>
</PcGts>
