<?xml version="1.0" encoding="UTF-8" standalone="yes"?>
<PcGts xmlns="http://schema.primaresearch.org/PAGE/gts/pagecontent/2013-07-15">
    <Metadata>
        <Creator>Transkribus</Creator>
        <Created>2025-12-09T11:36:04.081524</Created>
        <LastChange>2025-12-09T11:39:41.512+01:00</LastChange>
    </Metadata>
    <Page imageFilename="106776749_32_p032.jpg" imageWidth="3508" imageHeight="2479">
        <TextRegion id="tr_1765276574" custom="readingOrder {index:0;}">
            <Coords points="354,513 2506,513 2506,819 354,819"/>
        </TextRegion>
        <TextRegion id="tr_1765276573" custom="readingOrder {index:1;}">
            <Coords points="337,819 1150,819 1150,1610 337,1610"/>
        </TextRegion>
        <TextRegion id="tr_1765276572" custom="readingOrder {index:2;}">
            <Coords points="1700,826 2126,826 2126,1620 1700,1620"/>
        </TextRegion>
        <TextRegion id="tr_1765276575" custom="readingOrder {index:3;}">
            <Coords points="2103,838 2523,842 2523,1636 2094,1636"/>
        </TextRegion>
        <ImageRegion id="r" custom="readingOrder {index:4;}">
            <Coords points="1222,961 1621,961 1621,1587 1222,1587"/>
        </ImageRegion>
        <TextRegion id="tr_1765276576" custom="readingOrder {index:5;}">
            <Coords points="324,1602 2512,1602 2512,1810 324,1810"/>
        </TextRegion>
    </Page>
</PcGts>
