<?xml version="1.0" encoding="UTF-8" standalone="yes"?>
<PcGts xmlns="http://schema.primaresearch.org/PAGE/gts/pagecontent/2013-07-15">
    <Metadata>
        <Creator>Transkribus</Creator>
        <Created>2025-12-09T11:36:04.081524</Created>
        <LastChange>2025-12-09T11:40:05.282+01:00</LastChange>
    </Metadata>
    <Page imageFilename="106776729_33_p033.jpg" imageWidth="3508" imageHeight="2479">
        <TextRegion id="tr_1765276571" custom="readingOrder {index:0;}">
            <Coords points="400,507 2561,507 2561,791 400,791"/>
        </TextRegion>
        <TextRegion id="tr_1765276568" custom="readingOrder {index:1;}">
            <Coords points="411,794 1238,794 1238,1579 411,1579"/>
        </TextRegion>
        <ImageRegion id="r" custom="readingOrder {index:2;}">
            <Coords points="1363,1006 1730,1006 1730,1608 1363,1608"/>
        </ImageRegion>
        <TextRegion id="tr_1765276573" custom="readingOrder {index:3;}">
            <Coords points="1393,1159 1668,1159 1668,1602 1393,1602"/>
        </TextRegion>
        <TextRegion id="tr_1765276569" custom="readingOrder {index:4;}">
            <Coords points="1763,798 2195,798 2195,1585 1763,1585"/>
        </TextRegion>
        <TextRegion id="tr_1765276572" custom="readingOrder {index:5;}">
            <Coords points="2111,812 2553,812 2553,1593 2111,1593"/>
        </TextRegion>
        <TextRegion id="tr_1765276570" custom="readingOrder {index:6;}">
            <Coords points="370,1566 2459,1566 2459,1762 370,1762"/>
        </TextRegion>
    </Page>
</PcGts>
