<?xml version="1.0" encoding="UTF-8" standalone="yes"?>
<PcGts xmlns="http://schema.primaresearch.org/PAGE/gts/pagecontent/2013-07-15">
    <Metadata>
        <Creator>Transkribus</Creator>
        <Created>2025-12-09T11:36:04.081524</Created>
        <LastChange>2025-12-09T11:36:23.713+01:00</LastChange>
    </Metadata>
    <Page imageFilename="106776750_34_p034.jpg" imageWidth="3508" imageHeight="2479">
        <TextRegion id="tr_1765276573">
            <Coords points="334,492 2465,492 2465,815 334,815"/>
        </TextRegion>
        <TextRegion id="tr_1765276577">
            <Coords points="309,814 1154,814 1154,1616 309,1616"/>
        </TextRegion>
        <TextRegion id="tr_1765276578">
            <Coords points="1365,831 1700,831 1700,1596 1365,1596"/>
        </TextRegion>
        <TextRegion id="tr_1765276576">
            <Coords points="1659,811 2049,811 2049,1592 1659,1592"/>
        </TextRegion>
        <TextRegion id="tr_1765276575">
            <Coords points="2025,821 2464,821 2464,1599 2025,1599"/>
        </TextRegion>
        <TextRegion id="tr_1765276574">
            <Coords points="345,1588 2432,1588 2432,1777 345,1777"/>
        </TextRegion>
    </Page>
</PcGts>
