<?xml version="1.0" encoding="UTF-8" standalone="yes"?>
<PcGts xmlns="http://schema.primaresearch.org/PAGE/gts/pagecontent/2013-07-15">
    <Metadata>
        <Creator>Transkribus</Creator>
        <Created>2025-12-09T11:36:04.081524</Created>
        <LastChange>2025-12-09T11:40:38.168+01:00</LastChange>
    </Metadata>
    <Page imageFilename="106776730_35_p035.jpg" imageWidth="3508" imageHeight="2479">
        <TextRegion id="tr_1765276570" custom="readingOrder {index:0;}">
            <Coords points="399,523 2567,523 2567,836 399,836"/>
        </TextRegion>
        <TextRegion id="tr_1765276571" custom="readingOrder {index:1;}">
            <Coords points="401,827 1262,827 1262,1612 401,1612"/>
        </TextRegion>
        <ImageRegion id="r" custom="readingOrder {index:2;}">
            <Coords points="1395,1047 1643,1047 1643,1357 1395,1357"/>
        </ImageRegion>
        <TextRegion id="tr_1765276574" custom="readingOrder {index:3;}">
            <Coords points="1774,833 2146,833 2146,1615 1774,1615"/>
        </TextRegion>
        <TextRegion id="tr_1765276573" custom="readingOrder {index:4;}">
            <Coords points="2141,839 2578,839 2578,1627 2141,1627"/>
        </TextRegion>
        <TextRegion id="tr_1765276572" custom="readingOrder {index:5;}">
            <Coords points="423,1606 2536,1606 2536,1794 423,1794"/>
        </TextRegion>
    </Page>
</PcGts>
