<?xml version="1.0" encoding="UTF-8" standalone="yes"?>
<PcGts xmlns="http://schema.primaresearch.org/PAGE/gts/pagecontent/2013-07-15">
    <Metadata>
        <Creator>Transkribus</Creator>
        <Created>2025-09-25T13:13:09.247+02:00</Created>
        <LastChange>2025-12-09T11:41:11.758+01:00</LastChange>
    </Metadata>
    <Page imageFilename="p036.jpg" imageWidth="3508" imageHeight="2479">
        <ImageRegion id="r" custom="readingOrder {index:0;}">
            <Coords points="925,585 1714,585 1714,1788 925,1788"/>
        </ImageRegion>
    </Page>
</PcGts>
