<?xml version="1.0" encoding="UTF-8" standalone="yes"?>
<PcGts xmlns="http://schema.primaresearch.org/PAGE/gts/pagecontent/2013-07-15">
    <Metadata>
        <Creator>Transkribus</Creator>
        <Created>2025-12-09T11:41:37.567470</Created>
        <LastChange>2025-12-09T11:41:44.692+01:00</LastChange>
    </Metadata>
    <Page imageFilename="106776731_37_p037.jpg" imageWidth="3508" imageHeight="2479">
        <TextRegion id="tr_1765276906">
            <Coords points="398,513 2577,513 2577,820 398,820"/>
        </TextRegion>
        <TextRegion id="tr_1765276905">
            <Coords points="509,831 1198,831 1198,1617 509,1617"/>
        </TextRegion>
        <TextRegion id="tr_1765276907">
            <Coords points="1191,832 1430,832 1430,1612 1191,1612"/>
        </TextRegion>
        <TextRegion id="tr_1765276903">
            <Coords points="1766,828 2143,828 2143,1606 1766,1606"/>
        </TextRegion>
        <TextRegion id="tr_1765276902">
            <Coords points="2127,830 2550,830 2550,1610 2127,1610"/>
        </TextRegion>
        <TextRegion id="tr_1765276904">
            <Coords points="337,1588 2557,1588 2557,1802 337,1802"/>
        </TextRegion>
    </Page>
</PcGts>
