<?xml version="1.0" encoding="UTF-8" standalone="yes"?>
<PcGts xmlns="http://schema.primaresearch.org/PAGE/gts/pagecontent/2013-07-15">
    <Metadata>
        <Creator>Transkribus</Creator>
        <Created>2025-09-25T13:13:09.492+02:00</Created>
        <LastChange>2025-12-09T11:42:40.810+01:00</LastChange>
    </Metadata>
    <Page imageFilename="p038.jpg" imageWidth="3508" imageHeight="2479">
        <ImageRegion id="r" custom="readingOrder {index:0;}">
            <Coords points="781,663 1535,663 1535,1729 781,1729"/>
        </ImageRegion>
    </Page>
</PcGts>
