<?xml version="1.0" encoding="UTF-8" standalone="yes"?>
<PcGts xmlns="http://schema.primaresearch.org/PAGE/gts/pagecontent/2013-07-15">
    <Metadata>
        <Creator>Transkribus</Creator>
        <Created>2025-12-09T11:43:05.005318</Created>
        <LastChange>2025-12-09T11:43:12.135+01:00</LastChange>
    </Metadata>
    <Page imageFilename="106776732_39_p039.jpg" imageWidth="3508" imageHeight="2479">
        <TextRegion id="tr_1765276991">
            <Coords points="325,500 2467,500 2467,813 325,813"/>
        </TextRegion>
        <TextRegion id="tr_1765276990">
            <Coords points="426,820 1117,820 1117,1598 426,1598"/>
        </TextRegion>
        <TextRegion id="tr_1765276993">
            <Coords points="1700,826 2072,826 2072,1602 1700,1602"/>
        </TextRegion>
        <TextRegion id="tr_1765276992">
            <Coords points="2062,820 2504,820 2504,1630 2062,1630"/>
        </TextRegion>
        <TextRegion id="tr_1765276989">
            <Coords points="358,1592 2492,1592 2492,1793 358,1793"/>
        </TextRegion>
    </Page>
</PcGts>
