<?xml version="1.0" encoding="UTF-8" standalone="yes"?>
<PcGts xmlns="http://schema.primaresearch.org/PAGE/gts/pagecontent/2013-07-15">
    <Metadata>
        <Creator>Transkribus</Creator>
        <Created>2025-09-25T13:13:09.740+02:00</Created>
        <LastChange>2025-12-09T11:43:44.906+01:00</LastChange>
    </Metadata>
    <Page imageFilename="p040.jpg" imageWidth="3508" imageHeight="2479">
        <ImageRegion id="r" custom="readingOrder {index:0;}">
            <Coords points="727,714 1479,714 1479,1768 727,1768"/>
        </ImageRegion>
    </Page>
</PcGts>
