<?xml version="1.0" encoding="UTF-8" standalone="yes"?>
<PcGts xmlns="http://schema.primaresearch.org/PAGE/gts/pagecontent/2013-07-15">
    <Metadata>
        <Creator>Transkribus</Creator>
        <Created>2025-12-09T11:45:51.820438</Created>
        <LastChange>2025-12-09T11:45:58.937+01:00</LastChange>
    </Metadata>
    <Page imageFilename="106776733_41_p041.jpg" imageWidth="3508" imageHeight="2479">
        <TextRegion id="tr_1765277156">
            <Coords points="213,509 2449,509 2449,823 213,823"/>
        </TextRegion>
        <TextRegion id="tr_1765277159">
            <Coords points="350,839 1070,839 1070,1633 350,1633"/>
        </TextRegion>
        <TextRegion id="tr_1765277161">
            <Coords points="1054,844 1294,844 1294,1631 1054,1631"/>
        </TextRegion>
        <TextRegion id="tr_1765277157">
            <Coords points="1641,833 2020,833 2020,1634 1641,1634"/>
        </TextRegion>
        <TextRegion id="tr_1765277160">
            <Coords points="1998,839 2429,839 2429,1631 1998,1631"/>
        </TextRegion>
        <TextRegion id="tr_1765277158">
            <Coords points="291,1609 2439,1609 2439,1822 291,1822"/>
        </TextRegion>
    </Page>
</PcGts>
