<?xml version="1.0" encoding="UTF-8" standalone="yes"?>
<PcGts xmlns="http://schema.primaresearch.org/PAGE/gts/pagecontent/2013-07-15">
    <Metadata>
        <Creator>Transkribus</Creator>
        <Created>2025-09-25T13:13:10.045+02:00</Created>
        <LastChange>2025-12-09T11:47:02.988+01:00</LastChange>
    </Metadata>
    <Page imageFilename="p042.jpg" imageWidth="3508" imageHeight="2479">
        <ImageRegion id="r" custom="readingOrder {index:0;}">
            <Coords points="696,655 1428,655 1428,1763 696,1763"/>
        </ImageRegion>
    </Page>
</PcGts>
