<?xml version="1.0" encoding="UTF-8" standalone="yes"?>
<PcGts xmlns="http://schema.primaresearch.org/PAGE/gts/pagecontent/2013-07-15">
    <Metadata>
        <Creator>Transkribus</Creator>
        <Created>2025-12-09T11:47:29.194821</Created>
        <LastChange>2025-12-09T11:47:36.343+01:00</LastChange>
    </Metadata>
    <Page imageFilename="106776734_43_p043.jpg" imageWidth="3508" imageHeight="2479">
        <TextRegion id="tr_1765277253">
            <Coords points="376,514 2565,514 2565,832 376,832"/>
        </TextRegion>
        <TextRegion id="tr_1765277256">
            <Coords points="508,838 1202,838 1202,1622 508,1622"/>
        </TextRegion>
        <TextRegion id="tr_1765277258">
            <Coords points="1441,833 1801,833 1801,1629 1441,1629"/>
        </TextRegion>
        <TextRegion id="tr_1765277257">
            <Coords points="1775,836 2141,836 2141,1613 1775,1613"/>
        </TextRegion>
        <TextRegion id="tr_1765277255">
            <Coords points="2138,831 2568,831 2568,1615 2138,1615"/>
        </TextRegion>
        <TextRegion id="tr_1765277254">
            <Coords points="443,1594 2555,1594 2555,1808 443,1808"/>
        </TextRegion>
    </Page>
</PcGts>
