<?xml version="1.0" encoding="UTF-8" standalone="yes"?>
<PcGts xmlns="http://schema.primaresearch.org/PAGE/gts/pagecontent/2013-07-15">
    <Metadata>
        <Creator>Transkribus</Creator>
        <Created>2025-09-25T13:13:10.291+02:00</Created>
        <LastChange>2025-12-09T11:48:56.758+01:00</LastChange>
    </Metadata>
    <Page imageFilename="p044.jpg" imageWidth="3508" imageHeight="2479">
        <ImageRegion id="r" custom="readingOrder {index:0;}">
            <Coords points="771,598 1543,598 1543,1749 771,1749"/>
        </ImageRegion>
    </Page>
</PcGts>
