<?xml version="1.0" encoding="UTF-8" standalone="yes"?>
<PcGts xmlns="http://schema.primaresearch.org/PAGE/gts/pagecontent/2013-07-15">
    <Metadata>
        <Creator>Transkribus</Creator>
        <Created>2025-12-09T11:49:32.651172</Created>
        <LastChange>2025-12-09T11:49:39.757+01:00</LastChange>
    </Metadata>
    <Page imageFilename="106776658_45_p045.jpg" imageWidth="3508" imageHeight="2479">
        <TextRegion id="tr_1765277382">
            <Coords points="299,513 2506,513 2506,823 299,823"/>
        </TextRegion>
        <TextRegion id="tr_1765277378">
            <Coords points="411,828 1190,828 1190,1621 411,1621"/>
        </TextRegion>
        <TextRegion id="tr_1765277380">
            <Coords points="1703,831 2085,831 2085,1628 1703,1628"/>
        </TextRegion>
        <TextRegion id="tr_1765277381">
            <Coords points="2068,832 2498,832 2498,1632 2068,1632"/>
        </TextRegion>
        <TextRegion id="tr_1765277379">
            <Coords points="336,1597 2539,1597 2539,1812 336,1812"/>
        </TextRegion>
    </Page>
</PcGts>
