<?xml version="1.0" encoding="UTF-8" standalone="yes"?>
<PcGts xmlns="http://schema.primaresearch.org/PAGE/gts/pagecontent/2013-07-15">
    <Metadata>
        <Creator>Transkribus</Creator>
        <Created>2025-12-09T11:51:08.078237</Created>
        <LastChange>2025-12-09T11:51:15.193+01:00</LastChange>
    </Metadata>
    <Page imageFilename="106776755_47_p047.jpg" imageWidth="3508" imageHeight="2479">
        <TextRegion id="tr_1765277474">
            <Coords points="305,503 2486,503 2486,809 305,809"/>
        </TextRegion>
        <TextRegion id="tr_1765277472">
            <Coords points="480,842 1152,842 1152,1622 480,1622"/>
        </TextRegion>
        <TextRegion id="tr_1765277476">
            <Coords points="1702,813 2084,813 2084,1589 1702,1589"/>
        </TextRegion>
        <TextRegion id="tr_1765277475">
            <Coords points="2078,818 2499,818 2499,1591 2078,1591"/>
        </TextRegion>
        <TextRegion id="tr_1765277473">
            <Coords points="436,1581 2487,1581 2487,1789 436,1789"/>
        </TextRegion>
    </Page>
</PcGts>
