<?xml version="1.0" encoding="UTF-8" standalone="yes"?>
<PcGts xmlns="http://schema.primaresearch.org/PAGE/gts/pagecontent/2013-07-15">
    <Metadata>
        <Creator>Transkribus</Creator>
        <Created>2025-09-25T13:13:10.754+02:00</Created>
        <LastChange>2025-12-09T11:51:56.423+01:00</LastChange>
    </Metadata>
    <Page imageFilename="p048.jpg" imageWidth="3508" imageHeight="2479">
        <ImageRegion id="r" custom="readingOrder {index:0;}">
            <Coords points="1839,436 2524,436 2524,1408 1839,1408"/>
        </ImageRegion>
    </Page>
</PcGts>
