<?xml version="1.0" encoding="UTF-8" standalone="yes"?>
<PcGts xmlns="http://schema.primaresearch.org/PAGE/gts/pagecontent/2013-07-15">
    <Metadata>
        <Creator>Transkribus</Creator>
        <Created>2025-12-09T11:53:11.541901</Created>
        <LastChange>2025-12-09T11:53:18.712+01:00</LastChange>
    </Metadata>
    <Page imageFilename="106776661_49_p049.jpg" imageWidth="3508" imageHeight="2479">
        <TextRegion id="tr_1765277599">
            <Coords points="395,494 2662,494 2662,805 395,805"/>
        </TextRegion>
        <TextRegion id="tr_1765277597">
            <Coords points="418,825 1231,825 1231,1633 418,1633"/>
        </TextRegion>
        <TextRegion id="tr_1765277602">
            <Coords points="1230,809 1468,809 1468,1632 1230,1632"/>
        </TextRegion>
        <TextRegion id="tr_1765277596">
            <Coords points="1469,812 1848,812 1848,1644 1469,1644"/>
        </TextRegion>
        <TextRegion id="tr_1765277600">
            <Coords points="1819,818 2217,818 2217,1627 1819,1627"/>
        </TextRegion>
        <TextRegion id="tr_1765277598">
            <Coords points="2201,836 2656,836 2656,1630 2201,1630"/>
        </TextRegion>
        <TextRegion id="tr_1765277601">
            <Coords points="424,1612 2652,1612 2652,1826 424,1826"/>
        </TextRegion>
    </Page>
</PcGts>
