<?xml version="1.0" encoding="UTF-8" standalone="yes"?>
<PcGts xmlns="http://schema.primaresearch.org/PAGE/gts/pagecontent/2013-07-15">
    <Metadata>
        <Creator>Transkribus</Creator>
        <Created>2025-12-09T11:54:14.928243</Created>
        <LastChange>2025-12-09T11:54:22.031+01:00</LastChange>
    </Metadata>
    <Page imageFilename="106776662_51_p051.jpg" imageWidth="3508" imageHeight="2479">
        <TextRegion id="tr_1765277663">
            <Coords points="367,490 2605,490 2605,803 367,803"/>
        </TextRegion>
        <TextRegion id="tr_1765277662">
            <Coords points="363,812 1216,812 1216,1637 363,1637"/>
        </TextRegion>
        <TextRegion id="tr_1765277665">
            <Coords points="1214,824 1449,824 1449,1637 1214,1637"/>
        </TextRegion>
        <TextRegion id="tr_1765277660">
            <Coords points="1447,818 1816,818 1816,1644 1447,1644"/>
        </TextRegion>
        <TextRegion id="tr_1765277661">
            <Coords points="1806,814 2205,814 2205,1631 1806,1631"/>
        </TextRegion>
        <TextRegion id="tr_1765277659">
            <Coords points="2190,811 2650,811 2650,1612 2190,1612"/>
        </TextRegion>
        <TextRegion id="tr_1765277664">
            <Coords points="465,1620 2678,1620 2678,1840 465,1840"/>
        </TextRegion>
    </Page>
</PcGts>
