<?xml version="1.0" encoding="UTF-8" standalone="yes"?>
<PcGts xmlns="http://schema.primaresearch.org/PAGE/gts/pagecontent/2013-07-15">
    <Metadata>
        <Creator>Transkribus</Creator>
        <Created>2025-12-11T20:25:24.988924</Created>
        <LastChange>2025-12-11T20:25:44.132+01:00</LastChange>
    </Metadata>
    <Page imageFilename="106776663_53_p053.jpg" imageWidth="3508" imageHeight="2479">
        <TextRegion id="tr_1765481147">
            <Coords points="367,491 2587,491 2587,800 367,800"/>
        </TextRegion>
        <TextRegion id="tr_1765481142">
            <Coords points="381,789 1186,789 1186,1591 381,1591"/>
        </TextRegion>
        <TextRegion id="tr_1765481148">
            <Coords points="1183,809 1426,809 1426,1608 1183,1608"/>
        </TextRegion>
        <TextRegion id="tr_1765481145">
            <Coords points="1410,814 1779,814 1779,1616 1410,1616"/>
        </TextRegion>
        <TextRegion id="tr_1765481144">
            <Coords points="1765,822 2155,822 2155,1610 1765,1610"/>
        </TextRegion>
        <TextRegion id="tr_1765481146">
            <Coords points="2127,837 2584,837 2584,1630 2127,1630"/>
        </TextRegion>
        <TextRegion id="tr_1765481143">
            <Coords points="386,1582 2577,1582 2577,1820 386,1820"/>
        </TextRegion>
    </Page>
</PcGts>
