<?xml version="1.0" encoding="UTF-8" standalone="yes"?>
<PcGts xmlns="http://schema.primaresearch.org/PAGE/gts/pagecontent/2013-07-15">
    <Metadata>
        <Creator>Transkribus</Creator>
        <Created>2025-09-25T13:13:11.838+02:00</Created>
        <LastChange>2025-12-11T20:26:14.210+01:00</LastChange>
    </Metadata>
    <Page imageFilename="p054.jpg" imageWidth="3508" imageHeight="2479">
        <ImageRegion id="r" custom="readingOrder {index:0;}">
            <Coords points="1847,447 2570,447 2570,1448 1847,1448"/>
        </ImageRegion>
    </Page>
</PcGts>
