<?xml version="1.0" encoding="UTF-8" standalone="yes"?>
<PcGts xmlns="http://schema.primaresearch.org/PAGE/gts/pagecontent/2013-07-15">
    <Metadata>
        <Creator>Transkribus</Creator>
        <Created>2025-12-11T20:26:35.359029</Created>
        <LastChange>2025-12-11T20:26:42.547+01:00</LastChange>
    </Metadata>
    <Page imageFilename="106776664_55_p055.jpg" imageWidth="3508" imageHeight="2479">
        <TextRegion id="tr_1765481203">
            <Coords points="350,457 2520,457 2520,750 350,750"/>
        </TextRegion>
        <TextRegion id="tr_1765481200">
            <Coords points="372,765 1189,765 1189,1570 372,1570"/>
        </TextRegion>
        <TextRegion id="tr_1765481205">
            <Coords points="1406,758 1769,758 1769,1558 1406,1558"/>
        </TextRegion>
        <TextRegion id="tr_1765481201">
            <Coords points="1741,761 2148,761 2148,1541 1741,1541"/>
        </TextRegion>
        <TextRegion id="tr_1765481202">
            <Coords points="2118,770 2572,770 2572,1551 2118,1551"/>
        </TextRegion>
        <TextRegion id="tr_1765481204">
            <Coords points="391,1539 2570,1539 2570,1758 391,1758"/>
        </TextRegion>
    </Page>
</PcGts>
