<?xml version="1.0" encoding="UTF-8" standalone="yes"?>
<PcGts xmlns="http://schema.primaresearch.org/PAGE/gts/pagecontent/2013-07-15">
    <Metadata>
        <Creator>Transkribus</Creator>
        <Created>2025-09-25T13:13:12.690+02:00</Created>
        <LastChange>2025-12-11T20:27:36.210+01:00</LastChange>
    </Metadata>
    <Page imageFilename="p056.jpg" imageWidth="3508" imageHeight="2479">
        <ImageRegion id="r" custom="readingOrder {index:0;}">
            <Coords points="1887,420 2597,420 2597,1423 1887,1423"/>
        </ImageRegion>
    </Page>
</PcGts>
