<?xml version="1.0" encoding="UTF-8" standalone="yes"?>
<PcGts xmlns="http://schema.primaresearch.org/PAGE/gts/pagecontent/2013-07-15">
    <Metadata>
        <Creator>Transkribus</Creator>
        <Created>2025-12-11T20:28:13.080036</Created>
        <LastChange>2025-12-11T20:28:20.246+01:00</LastChange>
    </Metadata>
    <Page imageFilename="106776765_57_p057.jpg" imageWidth="3508" imageHeight="2479">
        <TextRegion id="tr_1765481297">
            <Coords points="405,504 2692,504 2692,836 405,836"/>
        </TextRegion>
        <TextRegion id="tr_1765481301">
            <Coords points="437,820 1282,820 1282,1654 437,1654"/>
        </TextRegion>
        <TextRegion id="tr_1765481303">
            <Coords points="1262,823 1513,823 1513,1644 1262,1644"/>
        </TextRegion>
        <TextRegion id="tr_1765481300">
            <Coords points="1508,840 1881,840 1881,1658 1508,1658"/>
        </TextRegion>
        <TextRegion id="tr_1765481298">
            <Coords points="1862,849 2270,849 2270,1667 1862,1667"/>
        </TextRegion>
        <TextRegion id="tr_1765481299">
            <Coords points="2243,860 2707,860 2707,1664 2243,1664"/>
        </TextRegion>
        <TextRegion id="tr_1765481302">
            <Coords points="420,1633 2698,1633 2698,1863 420,1863"/>
        </TextRegion>
    </Page>
</PcGts>
