<?xml version="1.0" encoding="UTF-8" standalone="yes"?>
<PcGts xmlns="http://schema.primaresearch.org/PAGE/gts/pagecontent/2013-07-15">
    <Metadata>
        <Creator>Transkribus</Creator>
        <Created>2025-09-25T13:13:12.932+02:00</Created>
        <LastChange>2025-12-11T20:28:46.488+01:00</LastChange>
    </Metadata>
    <Page imageFilename="p058.jpg" imageWidth="3508" imageHeight="2479">
        <ImageRegion id="r" custom="readingOrder {index:0;}">
            <Coords points="1891,445 2595,445 2595,1436 1891,1436"/>
        </ImageRegion>
    </Page>
</PcGts>
