<?xml version="1.0" encoding="UTF-8" standalone="yes"?>
<PcGts xmlns="http://schema.primaresearch.org/PAGE/gts/pagecontent/2013-07-15">
    <Metadata>
        <Creator>Transkribus</Creator>
        <Created>2025-12-11T20:28:13.080036</Created>
        <LastChange>2025-12-11T20:28:20.542+01:00</LastChange>
    </Metadata>
    <Page imageFilename="106776766_59_p059.jpg" imageWidth="3508" imageHeight="2479">
        <TextRegion id="tr_1765481300">
            <Coords points="415,489 2579,489 2579,797 415,797"/>
        </TextRegion>
        <TextRegion id="tr_1765481298">
            <Coords points="397,778 1215,778 1215,1585 397,1585"/>
        </TextRegion>
        <TextRegion id="tr_1765481304">
            <Coords points="1186,804 1431,804 1431,1597 1186,1597"/>
        </TextRegion>
        <TextRegion id="tr_1765481301">
            <Coords points="1434,801 1788,801 1788,1604 1434,1604"/>
        </TextRegion>
        <TextRegion id="tr_1765481302">
            <Coords points="1774,816 2177,816 2177,1608 1774,1608"/>
        </TextRegion>
        <TextRegion id="tr_1765481299">
            <Coords points="2144,825 2594,825 2594,1627 2144,1627"/>
        </TextRegion>
        <TextRegion id="tr_1765481303">
            <Coords points="393,1574 2566,1574 2566,1820 393,1820"/>
        </TextRegion>
    </Page>
</PcGts>
