<?xml version="1.0" encoding="UTF-8" standalone="yes"?>
<PcGts xmlns="http://schema.primaresearch.org/PAGE/gts/pagecontent/2013-07-15">
    <Metadata>
        <Creator>Transkribus</Creator>
        <Created>2025-09-25T13:13:13.196+02:00</Created>
        <LastChange>2025-12-11T20:29:20.160+01:00</LastChange>
    </Metadata>
    <Page imageFilename="p060.jpg" imageWidth="3508" imageHeight="2479">
        <ImageRegion id="r" custom="readingOrder {index:0;}">
            <Coords points="1236,692 1971,692 1971,1702 1236,1702"/>
        </ImageRegion>
    </Page>
</PcGts>
