<?xml version="1.0" encoding="UTF-8" standalone="yes"?>
<PcGts xmlns="http://schema.primaresearch.org/PAGE/gts/pagecontent/2013-07-15">
    <Metadata>
        <Creator>Transkribus</Creator>
        <Created>2025-12-11T20:30:04.738355</Created>
        <LastChange>2025-12-11T20:30:11.923+01:00</LastChange>
    </Metadata>
    <Page imageFilename="106776768_62_p062.jpg" imageWidth="3508" imageHeight="2479">
        <TextRegion id="tr_1765481412">
            <Coords points="358,507 2622,507 2622,821 358,821"/>
        </TextRegion>
        <TextRegion id="tr_1765481409">
            <Coords points="361,817 1189,817 1189,1624 361,1624"/>
        </TextRegion>
        <TextRegion id="tr_1765481414">
            <Coords points="1421,833 1799,833 1799,1663 1421,1663"/>
        </TextRegion>
        <TextRegion id="tr_1765481411">
            <Coords points="1770,832 2193,832 2193,1656 1770,1656"/>
        </TextRegion>
        <TextRegion id="tr_1765481410">
            <Coords points="2171,839 2627,839 2627,1645 2171,1645"/>
        </TextRegion>
        <TextRegion id="tr_1765481413">
            <Coords points="429,1623 2640,1623 2640,1864 429,1864"/>
        </TextRegion>
    </Page>
</PcGts>
