<?xml version="1.0" encoding="UTF-8" standalone="yes"?>
<PcGts xmlns="http://schema.primaresearch.org/PAGE/gts/pagecontent/2013-07-15">
    <Metadata>
        <Creator>Transkribus</Creator>
        <Created>2025-09-25T13:13:13.563+02:00</Created>
        <LastChange>2025-12-11T20:30:39.671+01:00</LastChange>
    </Metadata>
    <Page imageFilename="p063.jpg" imageWidth="3508" imageHeight="2479">
        <ImageRegion id="r" custom="readingOrder {index:0;}">
            <Coords points="2247,439 2666,439 2666,1071 2247,1071"/>
        </ImageRegion>
    </Page>
</PcGts>
