<?xml version="1.0" encoding="UTF-8" standalone="yes"?>
<PcGts xmlns="http://schema.primaresearch.org/PAGE/gts/pagecontent/2013-07-15">
    <Metadata>
        <Creator>Transkribus</Creator>
        <Created>2025-12-11T20:49:31.074235</Created>
        <LastChange>2025-12-11T20:49:38.252+01:00</LastChange>
    </Metadata>
    <Page imageFilename="106776769_64_p064.jpg" imageWidth="3508" imageHeight="2479">
        <TextRegion id="tr_1765482575">
            <Coords points="346,462 2451,462 2451,761 346,761"/>
        </TextRegion>
        <TextRegion id="tr_1765482576">
            <Coords points="331,756 1154,756 1154,1583 331,1583"/>
        </TextRegion>
        <TextRegion id="tr_1765482580">
            <Coords points="1347,761 1688,761 1688,1590 1347,1590"/>
        </TextRegion>
        <TextRegion id="tr_1765482578">
            <Coords points="1677,777 2060,777 2060,1584 1677,1584"/>
        </TextRegion>
        <TextRegion id="tr_1765482577">
            <Coords points="2038,798 2476,798 2476,1588 2038,1588"/>
        </TextRegion>
        <TextRegion id="tr_1765482579">
            <Coords points="355,1572 2480,1572 2480,1798 355,1798"/>
        </TextRegion>
    </Page>
</PcGts>
