<?xml version="1.0" encoding="UTF-8" standalone="yes"?>
<PcGts xmlns="http://schema.primaresearch.org/PAGE/gts/pagecontent/2013-07-15">
    <Metadata>
        <Creator>Transkribus</Creator>
        <Created>2025-09-25T13:13:13.798+02:00</Created>
        <LastChange>2025-12-12T11:51:15.832+01:00</LastChange>
    </Metadata>
    <Page imageFilename="p065.jpg" imageWidth="3508" imageHeight="2479">
        <ImageRegion id="r" custom="readingOrder {index:0;}">
            <Coords points="2213,435 2628,435 2628,1058 2213,1058"/>
        </ImageRegion>
    </Page>
</PcGts>
