<?xml version="1.0" encoding="UTF-8" standalone="yes"?>
<PcGts xmlns="http://schema.primaresearch.org/PAGE/gts/pagecontent/2013-07-15">
    <Metadata>
        <Creator>Transkribus</Creator>
        <Created>2025-12-12T11:38:44.374691</Created>
        <LastChange>2025-12-12T11:39:00.504+01:00</LastChange>
    </Metadata>
    <Page imageFilename="106776770_66_p066.jpg" imageWidth="3508" imageHeight="2479">
        <TextRegion id="tr_1765535940">
            <Coords points="405,488 2638,488 2638,804 405,804"/>
        </TextRegion>
        <TextRegion id="tr_1765535937">
            <Coords points="412,802 1217,802 1217,1611 412,1611"/>
        </TextRegion>
        <TextRegion id="tr_1765535941">
            <Coords points="1213,805 1448,805 1448,1616 1213,1616"/>
        </TextRegion>
        <TextRegion id="tr_1765535938">
            <Coords points="1444,808 1810,808 1810,1633 1444,1633"/>
        </TextRegion>
        <TextRegion id="tr_1765535936">
            <Coords points="1791,828 2184,828 2184,1614 1791,1614"/>
        </TextRegion>
        <TextRegion id="tr_1765535935">
            <Coords points="2172,821 2615,821 2615,1632 2172,1632"/>
        </TextRegion>
        <TextRegion id="tr_1765535939">
            <Coords points="414,1596 2643,1596 2643,1819 414,1819"/>
        </TextRegion>
    </Page>
</PcGts>
