<?xml version="1.0" encoding="UTF-8" standalone="yes"?>
<PcGts xmlns="http://schema.primaresearch.org/PAGE/gts/pagecontent/2013-07-15">
    <Metadata>
        <Creator>Transkribus</Creator>
        <Created>2025-12-12T11:38:44.374691</Created>
        <LastChange>2025-12-12T11:39:08.987+01:00</LastChange>
    </Metadata>
    <Page imageFilename="106776764_67_p067.jpg" imageWidth="3508" imageHeight="2479">
        <TextRegion id="tr_1765535931">
            <Coords points="402,487 2547,487 2547,813 402,813"/>
        </TextRegion>
        <TextRegion id="tr_1765535930">
            <Coords points="448,828 1205,828 1205,1639 448,1639"/>
        </TextRegion>
        <TextRegion id="tr_1765535935">
            <Coords points="1204,832 1431,832 1431,1637 1204,1637"/>
        </TextRegion>
        <TextRegion id="tr_1765535934">
            <Coords points="1429,821 1797,821 1797,1629 1429,1629"/>
        </TextRegion>
        <TextRegion id="tr_1765535933">
            <Coords points="1782,824 2148,824 2148,1628 1782,1628"/>
        </TextRegion>
        <TextRegion id="tr_1765535929">
            <Coords points="2127,819 2553,819 2553,1639 2127,1639"/>
        </TextRegion>
        <TextRegion id="tr_1765535932">
            <Coords points="447,1612 2541,1612 2541,1807 447,1807"/>
        </TextRegion>
    </Page>
</PcGts>
