<?xml version="1.0" encoding="UTF-8" standalone="yes"?>
<PcGts xmlns="http://schema.primaresearch.org/PAGE/gts/pagecontent/2013-07-15">
    <Metadata>
        <Creator>Transkribus</Creator>
        <Created>2025-12-12T11:38:44.374691</Created>
        <LastChange>2025-12-12T11:39:09.154+01:00</LastChange>
    </Metadata>
    <Page imageFilename="106776771_68_p068.jpg" imageWidth="3508" imageHeight="2479">
        <TextRegion id="tr_1765535936">
            <Coords points="443,493 2676,493 2676,795 443,795"/>
        </TextRegion>
        <TextRegion id="tr_1765535934">
            <Coords points="464,815 1262,815 1262,1628 464,1628"/>
        </TextRegion>
        <TextRegion id="tr_1765535939">
            <Coords points="1260,805 1498,805 1498,1611 1260,1611"/>
        </TextRegion>
        <TextRegion id="tr_1765535938">
            <Coords points="1501,805 1884,805 1884,1613 1501,1613"/>
        </TextRegion>
        <TextRegion id="tr_1765535937">
            <Coords points="1863,814 2248,814 2248,1607 1863,1607"/>
        </TextRegion>
        <TextRegion id="tr_1765535933">
            <Coords points="2234,799 2687,799 2687,1623 2234,1623"/>
        </TextRegion>
        <TextRegion id="tr_1765535935">
            <Coords points="481,1597 2644,1597 2644,1805 481,1805"/>
        </TextRegion>
    </Page>
</PcGts>
