<?xml version="1.0" encoding="UTF-8" standalone="yes"?>
<PcGts xmlns="http://schema.primaresearch.org/PAGE/gts/pagecontent/2013-07-15">
    <Metadata>
        <Creator>Transkribus</Creator>
        <Created>2025-12-12T11:38:44.374691</Created>
        <LastChange>2025-12-12T11:39:09.305+01:00</LastChange>
    </Metadata>
    <Page imageFilename="106776785_69_p069.jpg" imageWidth="3508" imageHeight="2479">
        <TextRegion id="tr_1765535931">
            <Coords points="389,510 2621,510 2621,814 389,814"/>
        </TextRegion>
        <TextRegion id="tr_1765535933">
            <Coords points="408,821 1220,821 1220,1654 408,1654"/>
        </TextRegion>
        <TextRegion id="tr_1765535937">
            <Coords points="1213,833 1446,833 1446,1648 1213,1648"/>
        </TextRegion>
        <TextRegion id="tr_1765535935">
            <Coords points="1446,815 1813,815 1813,1647 1446,1647"/>
        </TextRegion>
        <TextRegion id="tr_1765535932">
            <Coords points="1801,821 2198,821 2198,1639 1801,1639"/>
        </TextRegion>
        <TextRegion id="tr_1765535936">
            <Coords points="2185,820 2635,820 2635,1633 2185,1633"/>
        </TextRegion>
        <TextRegion id="tr_1765535934">
            <Coords points="433,1625 2591,1625 2591,1802 433,1802"/>
        </TextRegion>
    </Page>
</PcGts>
