<?xml version="1.0" encoding="UTF-8" standalone="yes"?>
<PcGts xmlns="http://schema.primaresearch.org/PAGE/gts/pagecontent/2013-07-15">
    <Metadata>
        <Creator>Transkribus</Creator>
        <Created>2025-09-25T13:13:14.417+02:00</Created>
        <LastChange>2025-12-12T11:51:57.131+01:00</LastChange>
    </Metadata>
    <Page imageFilename="p070.jpg" imageWidth="3508" imageHeight="2479">
        <ImageRegion id="r" custom="readingOrder {index:0;}">
            <Coords points="1709,433 2563,433 2563,1635 1709,1635"/>
        </ImageRegion>
    </Page>
</PcGts>
