<?xml version="1.0" encoding="UTF-8" standalone="yes"?>
<PcGts xmlns="http://schema.primaresearch.org/PAGE/gts/pagecontent/2013-07-15">
    <Metadata>
        <Creator>Transkribus</Creator>
        <Created>2025-12-12T11:38:44.374691</Created>
        <LastChange>2025-12-12T11:39:09.440+01:00</LastChange>
    </Metadata>
    <Page imageFilename="106776786_71_p071.jpg" imageWidth="3508" imageHeight="2479">
        <TextRegion id="tr_1765535931">
            <Coords points="332,514 2592,514 2592,819 332,819"/>
        </TextRegion>
        <TextRegion id="tr_1765535930">
            <Coords points="364,828 1192,828 1192,1648 364,1648"/>
        </TextRegion>
        <TextRegion id="tr_1765535936">
            <Coords points="1174,829 1410,829 1410,1641 1174,1641"/>
        </TextRegion>
        <TextRegion id="tr_1765535935">
            <Coords points="1407,818 1786,818 1786,1648 1407,1648"/>
        </TextRegion>
        <TextRegion id="tr_1765535934">
            <Coords points="1763,830 2193,830 2193,1631 1763,1631"/>
        </TextRegion>
        <TextRegion id="tr_1765535933">
            <Coords points="2151,824 2614,824 2614,1641 2151,1641"/>
        </TextRegion>
        <TextRegion id="tr_1765535932">
            <Coords points="392,1617 2571,1617 2571,1825 392,1825"/>
        </TextRegion>
    </Page>
</PcGts>
