<?xml version="1.0" encoding="UTF-8" standalone="yes"?>
<PcGts xmlns="http://schema.primaresearch.org/PAGE/gts/pagecontent/2013-07-15">
    <Metadata>
        <Creator>Transkribus</Creator>
        <Created>2025-09-25T13:13:14.661+02:00</Created>
        <LastChange>2025-12-12T11:52:19.447+01:00</LastChange>
    </Metadata>
    <Page imageFilename="p072.jpg" imageWidth="3508" imageHeight="2479">
        <ImageRegion id="r" custom="readingOrder {index:0;}">
            <Coords points="1112,600 1817,600 1817,1594 1112,1594"/>
        </ImageRegion>
    </Page>
</PcGts>
