<?xml version="1.0" encoding="UTF-8" standalone="yes"?>
<PcGts xmlns="http://schema.primaresearch.org/PAGE/gts/pagecontent/2013-07-15">
    <Metadata>
        <Creator>Transkribus</Creator>
        <Created>2025-09-25T13:13:14.788+02:00</Created>
        <LastChange>2025-12-12T11:57:30.818+01:00</LastChange>
    </Metadata>
    <Page imageFilename="p073.jpg" imageWidth="3508" imageHeight="2479">
        <ImageRegion id="r" custom="readingOrder {index:0;}">
            <Coords points="1796,418 2557,418 2557,1483 1796,1483"/>
        </ImageRegion>
    </Page>
</PcGts>
