<?xml version="1.0" encoding="UTF-8" standalone="yes"?>
<PcGts xmlns="http://schema.primaresearch.org/PAGE/gts/pagecontent/2013-07-15">
    <Metadata>
        <Creator>Transkribus</Creator>
        <Created>2025-12-12T11:38:44.374691</Created>
        <LastChange>2025-12-12T11:39:09.578+01:00</LastChange>
    </Metadata>
    <Page imageFilename="106776774_74_p074.jpg" imageWidth="3508" imageHeight="2479">
        <TextRegion id="tr_1765535937">
            <Coords points="311,508 2539,508 2539,811 311,811"/>
        </TextRegion>
        <TextRegion id="tr_1765535939">
            <Coords points="286,820 1145,820 1145,1633 286,1633"/>
        </TextRegion>
        <TextRegion id="tr_1765535941">
            <Coords points="1362,820 1723,820 1723,1651 1362,1651"/>
        </TextRegion>
        <TextRegion id="tr_1765535936">
            <Coords points="1696,825 2124,825 2124,1647 1696,1647"/>
        </TextRegion>
        <TextRegion id="tr_1765535940">
            <Coords points="2094,818 2556,818 2556,1650 2094,1650"/>
        </TextRegion>
        <TextRegion id="tr_1765535938">
            <Coords points="325,1623 2513,1623 2513,1829 325,1829"/>
        </TextRegion>
    </Page>
</PcGts>
