<?xml version="1.0" encoding="UTF-8" standalone="yes"?>
<PcGts xmlns="http://schema.primaresearch.org/PAGE/gts/pagecontent/2013-07-15">
    <Metadata>
        <Creator>Transkribus</Creator>
        <Created>2025-12-12T11:38:44.374691</Created>
        <LastChange>2025-12-12T11:39:09.713+01:00</LastChange>
    </Metadata>
    <Page imageFilename="106776775_76_p076.jpg" imageWidth="3508" imageHeight="2479">
        <TextRegion id="tr_1765535941">
            <Coords points="374,526 2659,526 2659,832 374,832"/>
        </TextRegion>
        <TextRegion id="tr_1765535939">
            <Coords points="394,824 1264,824 1264,1659 394,1659"/>
        </TextRegion>
        <TextRegion id="tr_1765535942">
            <Coords points="1428,841 1795,841 1795,1649 1428,1649"/>
        </TextRegion>
        <TextRegion id="tr_1765535940">
            <Coords points="1768,842 2169,842 2169,1645 1768,1645"/>
        </TextRegion>
        <TextRegion id="tr_1765535938">
            <Coords points="2159,846 2668,846 2668,1657 2159,1657"/>
        </TextRegion>
        <TextRegion id="tr_1765535937">
            <Coords points="399,1620 2620,1620 2620,1839 399,1839"/>
        </TextRegion>
    </Page>
</PcGts>
