<?xml version="1.0" encoding="UTF-8" standalone="yes"?>
<PcGts xmlns="http://schema.primaresearch.org/PAGE/gts/pagecontent/2013-07-15">
    <Metadata>
        <Creator>Transkribus</Creator>
        <Created>2025-12-12T11:38:44.374691</Created>
        <LastChange>2025-12-12T11:39:09.855+01:00</LastChange>
    </Metadata>
    <Page imageFilename="106776776_78_p078.jpg" imageWidth="3508" imageHeight="2479">
        <TextRegion id="tr_1765535934">
            <Coords points="388,518 2602,518 2602,825 388,825"/>
        </TextRegion>
        <TextRegion id="tr_1765535931">
            <Coords points="408,844 1250,844 1250,1675 408,1675"/>
        </TextRegion>
        <TextRegion id="tr_1765535935">
            <Coords points="1214,833 1454,833 1454,1673 1214,1673"/>
        </TextRegion>
        <TextRegion id="tr_1765535930">
            <Coords points="1451,834 1817,834 1817,1665 1451,1665"/>
        </TextRegion>
        <TextRegion id="tr_1765535929">
            <Coords points="1812,825 2186,825 2186,1643 1812,1643"/>
        </TextRegion>
        <TextRegion id="tr_1765535932">
            <Coords points="2180,840 2607,840 2607,1648 2180,1648"/>
        </TextRegion>
        <TextRegion id="tr_1765535933">
            <Coords points="430,1647 2596,1647 2596,1844 430,1844"/>
        </TextRegion>
    </Page>
</PcGts>
