<?xml version="1.0" encoding="UTF-8" standalone="yes"?>
<PcGts xmlns="http://schema.primaresearch.org/PAGE/gts/pagecontent/2013-07-15">
    <Metadata>
        <Creator>Transkribus</Creator>
        <Created>2025-09-25T13:13:15.505+02:00</Created>
        <LastChange>2025-12-12T11:58:43.518+01:00</LastChange>
    </Metadata>
    <Page imageFilename="p079.jpg" imageWidth="3508" imageHeight="2479">
        <ImageRegion id="r" custom="readingOrder {index:0;}">
            <Coords points="1091,424 1849,424 1849,1580 1091,1580"/>
        </ImageRegion>
    </Page>
</PcGts>
