<?xml version="1.0" encoding="UTF-8" standalone="yes"?>
<PcGts xmlns="http://schema.primaresearch.org/PAGE/gts/pagecontent/2013-07-15">
    <Metadata>
        <Creator>Transkribus</Creator>
        <Created>2025-12-12T11:38:44.374691</Created>
        <LastChange>2025-12-12T11:39:09.994+01:00</LastChange>
    </Metadata>
    <Page imageFilename="106776777_80_p080.jpg" imageWidth="3508" imageHeight="2479">
        <TextRegion id="tr_1765535933">
            <Coords points="299,488 2458,488 2458,777 299,777"/>
        </TextRegion>
        <TextRegion id="tr_1765535932">
            <Coords points="286,751 1088,751 1088,1544 286,1544"/>
        </TextRegion>
        <TextRegion id="tr_1765535938">
            <Coords points="1081,769 1305,769 1305,1557 1081,1557"/>
        </TextRegion>
        <TextRegion id="tr_1765535937">
            <Coords points="1297,779 1657,779 1657,1576 1297,1576"/>
        </TextRegion>
        <TextRegion id="tr_1765535935">
            <Coords points="1644,791 2018,791 2018,1566 1644,1566"/>
        </TextRegion>
        <TextRegion id="tr_1765535936">
            <Coords points="2003,802 2429,802 2429,1592 2003,1592"/>
        </TextRegion>
        <TextRegion id="tr_1765535934">
            <Coords points="323,1531 2398,1531 2398,1755 323,1755"/>
        </TextRegion>
    </Page>
</PcGts>
