<?xml version="1.0" encoding="UTF-8" standalone="yes"?>
<PcGts xmlns="http://schema.primaresearch.org/PAGE/gts/pagecontent/2013-07-15">
    <Metadata>
        <Creator>Transkribus</Creator>
        <Created>2025-09-25T13:13:15.773+02:00</Created>
        <LastChange>2025-12-12T11:59:05.374+01:00</LastChange>
    </Metadata>
    <Page imageFilename="p081.jpg" imageWidth="3508" imageHeight="2479">
        <ImageRegion id="r" custom="readingOrder {index:0;}">
            <Coords points="1071,445 1861,445 1861,1556 1071,1556"/>
        </ImageRegion>
    </Page>
</PcGts>
