<?xml version="1.0" encoding="UTF-8" standalone="yes"?>
<PcGts xmlns="http://schema.primaresearch.org/PAGE/gts/pagecontent/2013-07-15">
    <Metadata>
        <Creator>Transkribus</Creator>
        <Created>2025-12-12T11:38:44.374691</Created>
        <LastChange>2025-12-12T11:39:10.132+01:00</LastChange>
    </Metadata>
    <Page imageFilename="106776778_82_p082.jpg" imageWidth="3508" imageHeight="2479">
        <TextRegion id="tr_1765535938">
            <Coords points="297,499 2580,499 2580,798 297,798"/>
        </TextRegion>
        <TextRegion id="tr_1765535936">
            <Coords points="335,800 1144,800 1144,1615 335,1615"/>
        </TextRegion>
        <TextRegion id="tr_1765535939">
            <Coords points="1354,801 1719,801 1719,1625 1354,1625"/>
        </TextRegion>
        <TextRegion id="tr_1765535935">
            <Coords points="1690,804 2093,804 2093,1601 1690,1601"/>
        </TextRegion>
        <TextRegion id="tr_1765535934">
            <Coords points="2080,812 2587,812 2587,1616 2080,1616"/>
        </TextRegion>
        <TextRegion id="tr_1765535937">
            <Coords points="354,1599 2544,1599 2544,1805 354,1805"/>
        </TextRegion>
    </Page>
</PcGts>
