<?xml version="1.0" encoding="UTF-8" standalone="yes"?>
<PcGts xmlns="http://schema.primaresearch.org/PAGE/gts/pagecontent/2013-07-15">
    <Metadata>
        <Creator>Transkribus</Creator>
        <Created>2025-09-25T13:13:16.018+02:00</Created>
        <LastChange>2025-12-12T11:59:47.802+01:00</LastChange>
    </Metadata>
    <Page imageFilename="p083.jpg" imageWidth="3508" imageHeight="2479">
        <ImageRegion id="r" custom="readingOrder {index:0;}">
            <Coords points="1059,421 1843,421 1843,1571 1059,1571"/>
        </ImageRegion>
    </Page>
</PcGts>
