<?xml version="1.0" encoding="UTF-8" standalone="yes"?>
<PcGts xmlns="http://schema.primaresearch.org/PAGE/gts/pagecontent/2013-07-15">
    <Metadata>
        <Creator>Transkribus</Creator>
        <Created>2025-12-12T11:38:44.374691</Created>
        <LastChange>2025-12-12T11:39:10.282+01:00</LastChange>
    </Metadata>
    <Page imageFilename="106776779_84_p084.jpg" imageWidth="3508" imageHeight="2479">
        <TextRegion id="tr_1765535939">
            <Coords points="358,519 2618,519 2618,824 358,824"/>
        </TextRegion>
        <TextRegion id="tr_1765535937">
            <Coords points="355,817 1207,817 1207,1652 355,1652"/>
        </TextRegion>
        <TextRegion id="tr_1765535941">
            <Coords points="1183,830 1428,830 1428,1664 1183,1664"/>
        </TextRegion>
        <TextRegion id="tr_1765535940">
            <Coords points="1431,837 1803,837 1803,1664 1431,1664"/>
        </TextRegion>
        <TextRegion id="tr_1765535938">
            <Coords points="1785,833 2190,833 2190,1657 1785,1657"/>
        </TextRegion>
        <TextRegion id="tr_1765535935">
            <Coords points="2167,836 2621,836 2621,1653 2167,1653"/>
        </TextRegion>
        <TextRegion id="tr_1765535936">
            <Coords points="423,1634 2615,1634 2615,1839 423,1839"/>
        </TextRegion>
    </Page>
</PcGts>
