<?xml version="1.0" encoding="UTF-8" standalone="yes"?>
<PcGts xmlns="http://schema.primaresearch.org/PAGE/gts/pagecontent/2013-07-15">
    <Metadata>
        <Creator>Transkribus</Creator>
        <Created>2025-09-25T13:13:16.268+02:00</Created>
        <LastChange>2025-11-13T15:00:09.700+01:00</LastChange>
    </Metadata>
    <Page imageFilename="p085.jpg" imageWidth="3508" imageHeight="2479">
        <ImageRegion id="r" custom="readingOrder {index:0;}">
            <Coords points="475,444 2503,444 2503,1746 475,1746"/>
        </ImageRegion>
    </Page>
</PcGts>
