<?xml version="1.0" encoding="UTF-8" standalone="yes"?>
<PcGts xmlns="http://schema.primaresearch.org/PAGE/gts/pagecontent/2013-07-15">
    <Metadata>
        <Creator>Transkribus</Creator>
        <Created>2025-09-25T13:13:16.392+02:00</Created>
        <LastChange>2025-11-13T15:01:42.490+01:00</LastChange>
    </Metadata>
    <Page imageFilename="p086.jpg" imageWidth="3508" imageHeight="2479">
        <ImageRegion id="r" custom="readingOrder {index:0;}">
            <Coords points="508,363 2508,363 2508,638 508,638"/>
        </ImageRegion>
        <TextRegion id="r_2" custom="readingOrder {index:1;}">
            <Coords points="420,851 1185,851 1185,1642 420,1642"/>
            <TextEquiv>
                <Unicode></Unicode>
            </TextEquiv>
        </TextRegion>
        <TextRegion id="r_3" custom="readingOrder {index:2;}">
            <Coords points="1162,848 1453,848 1453,1637 1162,1637"/>
            <TextEquiv>
                <Unicode></Unicode>
            </TextEquiv>
        </TextRegion>
        <TextRegion id="r_4" custom="readingOrder {index:3;}">
            <Coords points="1434,853 1824,853 1824,1645 1434,1645"/>
            <TextEquiv>
                <Unicode></Unicode>
            </TextEquiv>
        </TextRegion>
        <TextRegion id="r_7" custom="readingOrder {index:4;}">
            <Coords points="399,1642 2568,1642 2568,1907 399,1907"/>
            <TextEquiv>
                <Unicode></Unicode>
            </TextEquiv>
        </TextRegion>
        <TextRegion id="r_5" custom="readingOrder {index:5;}">
            <Coords points="1805,859 2189,859 2189,1658 1805,1658"/>
            <TextEquiv>
                <Unicode></Unicode>
            </TextEquiv>
        </TextRegion>
        <TextRegion id="r_6" custom="readingOrder {index:6;}">
            <Coords points="2161,856 2578,856 2578,1652 2161,1652"/>
            <TextEquiv>
                <Unicode></Unicode>
            </TextEquiv>
        </TextRegion>
        <TextRegion id="r_1" custom="readingOrder {index:7;}">
            <Coords points="428,493 2576,493 2576,817 428,817"/>
            <TextEquiv>
                <Unicode></Unicode>
            </TextEquiv>
        </TextRegion>
    </Page>
</PcGts>
