<?xml version="1.0" encoding="UTF-8" standalone="yes"?>
<PcGts xmlns="http://schema.primaresearch.org/PAGE/gts/pagecontent/2013-07-15">
    <Metadata>
        <Creator>Transkribus</Creator>
        <Created>2025-10-11T09:40:15.762671</Created>
        <LastChange>2025-10-11T09:40:35.076+02:00</LastChange>
    </Metadata>
    <Page imageFilename="103417386_87_p087.jpg" imageWidth="3508" imageHeight="2479">
        <TextRegion id="tr_1760168431">
            <Coords points="460,481 2743,481 2743,814 460,814"/>
        </TextRegion>
        <TextRegion id="tr_1760168434">
            <Coords points="452,809 1956,809 1956,1690 452,1690"/>
        </TextRegion>
        <TextRegion id="tr_1760168437">
            <Coords points="1292,845 1548,845 1548,1178 1292,1178"/>
        </TextRegion>
        <TextRegion id="tr_1760168436">
            <Coords points="1554,835 1910,835 1910,1172 1554,1172"/>
        </TextRegion>
        <TextRegion id="tr_1760168433">
            <Coords points="1866,829 2310,829 2310,1643 1866,1643"/>
        </TextRegion>
        <TextRegion id="tr_1760168432">
            <Coords points="2265,830 2729,830 2729,1646 2265,1646"/>
        </TextRegion>
        <TextRegion id="tr_1760168435">
            <Coords points="494,1619 2636,1619 2636,1831 494,1831"/>
        </TextRegion>
    </Page>
</PcGts>
