<?xml version="1.0" encoding="UTF-8" standalone="yes"?>
<PcGts xmlns="http://schema.primaresearch.org/PAGE/gts/pagecontent/2013-07-15">
    <Metadata>
        <Creator>Transkribus</Creator>
        <Created>2025-09-25T13:13:16.664+02:00</Created>
        <LastChange>2025-12-12T12:01:48.145+01:00</LastChange>
    </Metadata>
    <Page imageFilename="p088.jpg" imageWidth="3508" imageHeight="2479">
        <ImageRegion id="r" custom="readingOrder {index:0;}">
            <Coords points="1507,875 2528,875 2528,1606 1507,1606"/>
        </ImageRegion>
    </Page>
</PcGts>
