<?xml version="1.0" encoding="UTF-8" standalone="yes"?>
<PcGts xmlns="http://schema.primaresearch.org/PAGE/gts/pagecontent/2013-07-15">
    <Metadata>
        <Creator>Transkribus</Creator>
        <Created>2025-10-11T09:40:29.678986</Created>
        <LastChange>2025-10-11T09:40:33.988+02:00</LastChange>
    </Metadata>
    <Page imageFilename="103417388_89_p089.jpg" imageWidth="3508" imageHeight="2479">
        <TextRegion id="tr_1760168433">
            <Coords points="299,506 2538,506 2538,838 299,838"/>
        </TextRegion>
        <TextRegion id="tr_1760168432">
            <Coords points="295,842 1078,842 1078,1663 295,1663"/>
        </TextRegion>
        <TextRegion id="tr_1760168435">
            <Coords points="1066,838 1363,838 1363,1676 1066,1676"/>
        </TextRegion>
        <TextRegion id="tr_1760168437">
            <Coords points="1340,845 1713,845 1713,1643 1340,1643"/>
        </TextRegion>
        <TextRegion id="tr_1760168434">
            <Coords points="1714,862 2143,862 2143,1377 1714,1377"/>
        </TextRegion>
        <TextRegion id="tr_1760168436">
            <Coords points="2089,873 2544,873 2544,1467 2089,1467"/>
        </TextRegion>
        <TextRegion id="tr_1760168438">
            <Coords points="361,1638 1515,1638 1515,1839 361,1839"/>
        </TextRegion>
    </Page>
</PcGts>
