<?xml version="1.0" encoding="UTF-8" standalone="yes"?>
<PcGts xmlns="http://schema.primaresearch.org/PAGE/gts/pagecontent/2013-07-15">
    <Metadata>
        <Creator>Transkribus</Creator>
        <Created>2025-09-25T13:13:17.031+02:00</Created>
        <LastChange>2025-11-19T12:42:26.799+01:00</LastChange>
    </Metadata>
    <Page imageFilename="p091.jpg" imageWidth="3508" imageHeight="2479">
        <TextRegion id="r_1" custom="readingOrder {index:0;}">
            <Coords points="325,769 1130,769 1130,1573 325,1573"/>
            <TextEquiv>
                <Unicode></Unicode>
            </TextEquiv>
        </TextRegion>
        <TextRegion id="r_2" custom="readingOrder {index:1;}">
            <Coords points="1092,773 1368,773 1368,1578 1092,1578"/>
            <TextEquiv>
                <Unicode></Unicode>
            </TextEquiv>
        </TextRegion>
        <TextRegion id="r_3" custom="readingOrder {index:2;}">
            <Coords points="1323,769 1714,769 1714,1582 1323,1582"/>
            <TextEquiv>
                <Unicode></Unicode>
            </TextEquiv>
        </TextRegion>
        <TextRegion id="r_6" custom="readingOrder {index:3;}">
            <Coords points="335,1559 2478,1559 2478,1762 335,1762"/>
            <TextEquiv>
                <Unicode></Unicode>
            </TextEquiv>
        </TextRegion>
        <TextRegion id="r_4" custom="readingOrder {index:4;}">
            <Coords points="1655,759 2068,759 2068,1566 1655,1566"/>
            <TextEquiv>
                <Unicode></Unicode>
            </TextEquiv>
        </TextRegion>
        <ImageRegion id="r_8" custom="readingOrder {index:5;}">
            <Coords points="2089,134 2573,134 2573,545 2089,545"/>
        </ImageRegion>
        <TextRegion id="r_7" custom="readingOrder {index:6;}">
            <Coords points="2455,448 2462,448 2462,462 2455,462"/>
            <TextEquiv>
                <Unicode></Unicode>
            </TextEquiv>
        </TextRegion>
        <TextRegion id="r_5" custom="readingOrder {index:7;}">
            <Coords points="2059,750 2488,750 2488,1561 2059,1561"/>
            <TextEquiv>
                <Unicode></Unicode>
            </TextEquiv>
        </TextRegion>
        <TextRegion id="r" custom="readingOrder {index:8;}">
            <Coords points="321,462 2467,462 2467,750 321,750"/>
            <TextEquiv>
                <Unicode></Unicode>
            </TextEquiv>
        </TextRegion>
    </Page>
</PcGts>
