<?xml version="1.0" encoding="UTF-8" standalone="yes"?>
<PcGts xmlns="http://schema.primaresearch.org/PAGE/gts/pagecontent/2013-07-15">
    <Metadata>
        <Creator>Transkribus</Creator>
        <Created>2025-09-25T13:13:17.199+02:00</Created>
        <LastChange>2025-12-12T12:02:29.234+01:00</LastChange>
    </Metadata>
    <Page imageFilename="p092.jpg" imageWidth="3508" imageHeight="2479">
        <ImageRegion id="r" custom="readingOrder {index:0;}">
            <Coords points="1226,717 1960,717 1960,1735 1226,1735"/>
        </ImageRegion>
    </Page>
</PcGts>
