<?xml version="1.0" encoding="UTF-8" standalone="yes"?>
<PcGts xmlns="http://schema.primaresearch.org/PAGE/gts/pagecontent/2013-07-15">
    <Metadata>
        <Creator>Transkribus</Creator>
        <Created>2025-09-25T13:13:17.442+02:00</Created>
        <LastChange>2025-12-12T12:03:49.445+01:00</LastChange>
    </Metadata>
    <Page imageFilename="p094.jpg" imageWidth="3508" imageHeight="2479">
        <ImageRegion id="r" custom="readingOrder {index:0;}">
            <Coords points="551,290 2603,290 2603,2015 551,2015"/>
        </ImageRegion>
    </Page>
</PcGts>
