<?xml version="1.0" encoding="UTF-8" standalone="yes"?>
<PcGts xmlns="http://schema.primaresearch.org/PAGE/gts/pagecontent/2013-07-15">
    <Metadata>
        <Creator>Transkribus</Creator>
        <Created>2025-12-12T11:51:45.143628</Created>
        <LastChange>2025-12-12T11:51:58.319+01:00</LastChange>
    </Metadata>
    <Page imageFilename="106776798_95_p095.jpg" imageWidth="3508" imageHeight="2479">
        <TextRegion id="tr_1765536714">
            <Coords points="364,525 2615,525 2615,795 364,795"/>
        </TextRegion>
        <TextRegion id="tr_1765536711">
            <Coords points="374,801 1295,801 1295,1618 374,1618"/>
        </TextRegion>
        <TextRegion id="tr_1765536715">
            <Coords points="1175,815 1430,815 1430,1631 1175,1631"/>
        </TextRegion>
        <TextRegion id="tr_1765536716">
            <Coords points="1426,804 1802,804 1802,1629 1426,1629"/>
        </TextRegion>
        <TextRegion id="tr_1765536710">
            <Coords points="1772,823 2211,823 2211,1621 1772,1621"/>
        </TextRegion>
        <TextRegion id="tr_1765536712">
            <Coords points="2170,817 2625,817 2625,1618 2170,1618"/>
        </TextRegion>
        <TextRegion id="tr_1765536713">
            <Coords points="391,1607 2591,1607 2591,1808 391,1808"/>
        </TextRegion>
    </Page>
</PcGts>
