<?xml version="1.0" encoding="UTF-8" standalone="yes"?>
<PcGts xmlns="http://schema.primaresearch.org/PAGE/gts/pagecontent/2013-07-15">
    <Metadata>
        <Creator>Transkribus</Creator>
        <Created>2025-09-25T13:13:17.686+02:00</Created>
        <LastChange>2025-12-12T12:04:08.256+01:00</LastChange>
    </Metadata>
    <Page imageFilename="p096.jpg" imageWidth="3508" imageHeight="2479">
        <ImageRegion id="r" custom="readingOrder {index:0;}">
            <Coords points="894,430 2677,430 2677,1828 894,1828"/>
        </ImageRegion>
    </Page>
</PcGts>
