<?xml version="1.0" encoding="UTF-8" standalone="yes"?>
<PcGts xmlns="http://schema.primaresearch.org/PAGE/gts/pagecontent/2013-07-15">
    <Metadata>
        <Creator>Transkribus</Creator>
        <Created>2025-12-12T12:04:23.767744</Created>
        <LastChange>2025-12-12T12:04:52.030+01:00</LastChange>
    </Metadata>
    <Page imageFilename="106776799_97_p097.jpg" imageWidth="3508" imageHeight="2479">
        <TextRegion id="tr_1765537485">
            <Coords points="296,516 2518,516 2518,805 296,805"/>
        </TextRegion>
        <TextRegion id="tr_1765537482">
            <Coords points="294,803 1117,803 1117,1617 294,1617"/>
        </TextRegion>
        <TextRegion id="tr_1765537487">
            <Coords points="1117,801 1355,801 1355,1642 1117,1642"/>
        </TextRegion>
        <TextRegion id="tr_1765537483">
            <Coords points="1691,816 2117,816 2117,1626 1691,1626"/>
        </TextRegion>
        <TextRegion id="tr_1765537486">
            <Coords points="2073,817 2520,817 2520,1639 2073,1639"/>
        </TextRegion>
        <TextRegion id="tr_1765537484">
            <Coords points="308,1595 2490,1595 2490,1805 308,1805"/>
        </TextRegion>
    </Page>
</PcGts>
