<?xml version="1.0" encoding="UTF-8" standalone="yes"?>
<PcGts xmlns="http://schema.primaresearch.org/PAGE/gts/pagecontent/2013-07-15">
    <Metadata>
        <Creator>Transkribus</Creator>
        <Created>2025-09-25T13:13:17.932+02:00</Created>
        <LastChange>2025-12-12T12:04:30.810+01:00</LastChange>
    </Metadata>
    <Page imageFilename="p098.jpg" imageWidth="3508" imageHeight="2479">
        <ImageRegion id="r" custom="readingOrder {index:0;}">
            <Coords points="496,306 2572,306 2572,1961 496,1961"/>
        </ImageRegion>
    </Page>
</PcGts>
