<?xml version="1.0" encoding="UTF-8" standalone="yes"?>
<PcGts xmlns="http://schema.primaresearch.org/PAGE/gts/pagecontent/2013-07-15">
    <Metadata>
        <Creator>Transkribus</Creator>
        <Created>2025-12-12T12:04:23.767744</Created>
        <LastChange>2025-12-12T12:04:52.355+01:00</LastChange>
    </Metadata>
    <Page imageFilename="106776800_99_p099.jpg" imageWidth="3508" imageHeight="2479">
        <TextRegion id="tr_1765537481">
            <Coords points="396,540 2609,540 2609,814 396,814"/>
        </TextRegion>
        <TextRegion id="tr_1765537482">
            <Coords points="403,818 1236,818 1236,1654 403,1654"/>
        </TextRegion>
        <TextRegion id="tr_1765537484">
            <Coords points="1441,823 1801,823 1801,1647 1441,1647"/>
        </TextRegion>
        <TextRegion id="tr_1765537479">
            <Coords points="1783,826 2186,826 2186,1642 1783,1642"/>
        </TextRegion>
        <TextRegion id="tr_1765537483">
            <Coords points="2168,829 2601,829 2601,1653 2168,1653"/>
        </TextRegion>
        <TextRegion id="tr_1765537480">
            <Coords points="392,1621 2565,1621 2565,1826 392,1826"/>
        </TextRegion>
    </Page>
</PcGts>
