<?xml version="1.0" encoding="UTF-8" standalone="yes"?>
<PcGts xmlns="http://schema.primaresearch.org/PAGE/gts/pagecontent/2013-07-15">
    <Metadata>
        <Creator>Transkribus</Creator>
        <Created>2025-09-25T13:13:18.203+02:00</Created>
        <LastChange>2025-12-12T12:04:46.915+01:00</LastChange>
    </Metadata>
    <Page imageFilename="p100.jpg" imageWidth="3508" imageHeight="2479">
        <ImageRegion id="r" custom="readingOrder {index:0;}">
            <Coords points="535,267 2603,267 2603,1984 535,1984"/>
        </ImageRegion>
    </Page>
</PcGts>
