<?xml version="1.0" encoding="UTF-8" standalone="yes"?>
<PcGts xmlns="http://schema.primaresearch.org/PAGE/gts/pagecontent/2013-07-15">
    <Metadata>
        <Creator>Transkribus</Creator>
        <Created>2025-12-12T12:04:23.767744</Created>
        <LastChange>2025-12-12T12:04:52.520+01:00</LastChange>
    </Metadata>
    <Page imageFilename="106776802_101_p101.jpg" imageWidth="3508" imageHeight="2479">
        <TextRegion id="tr_1765537489">
            <Coords points="387,549 2576,549 2576,816 387,816"/>
        </TextRegion>
        <TextRegion id="tr_1765537487">
            <Coords points="381,822 1242,822 1242,1641 381,1641"/>
        </TextRegion>
        <TextRegion id="tr_1765537491">
            <Coords points="1194,822 1428,822 1428,1630 1194,1630"/>
        </TextRegion>
        <TextRegion id="tr_1765537490">
            <Coords points="1417,831 1786,831 1786,1628 1417,1628"/>
        </TextRegion>
        <TextRegion id="tr_1765537488">
            <Coords points="1775,818 2197,818 2197,1618 1775,1618"/>
        </TextRegion>
        <TextRegion id="tr_1765537485">
            <Coords points="2142,831 2589,831 2589,1616 2142,1616"/>
        </TextRegion>
        <TextRegion id="tr_1765537486">
            <Coords points="436,1615 2572,1615 2572,1808 436,1808"/>
        </TextRegion>
    </Page>
</PcGts>
