<?xml version="1.0" encoding="UTF-8" standalone="yes"?>
<PcGts xmlns="http://schema.primaresearch.org/PAGE/gts/pagecontent/2013-07-15">
    <Metadata>
        <Creator>Transkribus</Creator>
        <Created>2025-09-25T13:13:18.467+02:00</Created>
        <LastChange>2025-12-12T12:05:07.067+01:00</LastChange>
    </Metadata>
    <Page imageFilename="p102.jpg" imageWidth="3508" imageHeight="2479">
        <ImageRegion id="r" custom="readingOrder {index:0;}">
            <Coords points="547,286 2552,286 2552,1957 547,1957"/>
        </ImageRegion>
    </Page>
</PcGts>
