<?xml version="1.0" encoding="UTF-8" standalone="yes"?>
<PcGts xmlns="http://schema.primaresearch.org/PAGE/gts/pagecontent/2013-07-15">
    <Metadata>
        <Creator>Transkribus</Creator>
        <Created>2025-12-12T12:04:23.767744</Created>
        <LastChange>2025-12-12T12:04:52.666+01:00</LastChange>
    </Metadata>
    <Page imageFilename="106776807_103_p103.jpg" imageWidth="3508" imageHeight="2479">
        <TextRegion id="tr_1765537473">
            <Coords points="456,599 2641,599 2641,864 456,864"/>
        </TextRegion>
        <TextRegion id="tr_1765537471">
            <Coords points="389,843 1224,843 1224,1674 389,1674"/>
        </TextRegion>
        <TextRegion id="tr_1765537474">
            <Coords points="1214,874 1449,874 1449,1682 1214,1682"/>
        </TextRegion>
        <TextRegion id="tr_1765537475">
            <Coords points="1448,868 1818,868 1818,1689 1448,1689"/>
        </TextRegion>
        <TextRegion id="tr_1765537469">
            <Coords points="1800,880 2254,880 2254,1680 1800,1680"/>
        </TextRegion>
        <TextRegion id="tr_1765537472">
            <Coords points="2189,882 2649,882 2649,1685 2189,1685"/>
        </TextRegion>
        <TextRegion id="tr_1765537470">
            <Coords points="386,1663 2602,1663 2602,1873 386,1873"/>
        </TextRegion>
    </Page>
</PcGts>
