<?xml version="1.0" encoding="UTF-8" standalone="yes"?>
<PcGts xmlns="http://schema.primaresearch.org/PAGE/gts/pagecontent/2013-07-15">
    <Metadata>
        <Creator>Transkribus</Creator>
        <Created>2025-09-25T13:13:18.724+02:00</Created>
        <LastChange>2025-12-12T12:05:56.345+01:00</LastChange>
    </Metadata>
    <Page imageFilename="p104.jpg" imageWidth="3508" imageHeight="2479">
        <ImageRegion id="r" custom="readingOrder {index:0;}">
            <Coords points="842,437 2620,437 2620,1811 842,1811"/>
        </ImageRegion>
    </Page>
</PcGts>
