<?xml version="1.0" encoding="UTF-8" standalone="yes"?>
<PcGts xmlns="http://schema.primaresearch.org/PAGE/gts/pagecontent/2013-07-15">
    <Metadata>
        <Creator>Transkribus</Creator>
        <Created>2025-12-12T12:04:23.767744</Created>
        <LastChange>2025-12-12T12:04:52.815+01:00</LastChange>
    </Metadata>
    <Page imageFilename="106776808_105_p105.jpg" imageWidth="3508" imageHeight="2479">
        <TextRegion id="tr_1765537479">
            <Coords points="431,549 2478,549 2478,817 431,817"/>
        </TextRegion>
        <TextRegion id="tr_1765537478">
            <Coords points="421,816 1191,816 1191,1694 421,1694"/>
        </TextRegion>
        <TextRegion id="tr_1765537481">
            <Coords points="1180,824 1401,824 1401,1691 1180,1691"/>
        </TextRegion>
        <TextRegion id="tr_1765537480">
            <Coords points="1399,816 1736,816 1736,1696 1399,1696"/>
        </TextRegion>
        <TextRegion id="tr_1765537476">
            <Coords points="1720,818 2108,818 2108,1686 1720,1686"/>
        </TextRegion>
        <TextRegion id="tr_1765537475">
            <Coords points="2082,823 2507,823 2507,1692 2082,1692"/>
        </TextRegion>
        <TextRegion id="tr_1765537477">
            <Coords points="451,1673 2480,1673 2480,1858 451,1858"/>
        </TextRegion>
    </Page>
</PcGts>
