<?xml version="1.0" encoding="UTF-8" standalone="yes"?>
<PcGts xmlns="http://schema.primaresearch.org/PAGE/gts/pagecontent/2013-07-15">
    <Metadata>
        <Creator>Transkribus</Creator>
        <Created>2025-09-25T13:13:18.967+02:00</Created>
        <LastChange>2025-12-12T12:06:18.879+01:00</LastChange>
    </Metadata>
    <Page imageFilename="p106.jpg" imageWidth="3508" imageHeight="2479">
        <ImageRegion id="r" custom="readingOrder {index:0;}">
            <Coords points="315,473 1066,473 1066,1559 315,1559"/>
        </ImageRegion>
    </Page>
</PcGts>
