<?xml version="1.0" encoding="UTF-8" standalone="yes"?>
<PcGts xmlns="http://schema.primaresearch.org/PAGE/gts/pagecontent/2013-07-15">
    <Metadata>
        <Creator>Transkribus</Creator>
        <Created>2025-12-12T12:04:23.767744</Created>
        <LastChange>2025-12-12T12:04:52.971+01:00</LastChange>
    </Metadata>
    <Page imageFilename="106776809_107_p107.jpg" imageWidth="3508" imageHeight="2479">
        <TextRegion id="tr_1765537477">
            <Coords points="371,518 2569,518 2569,836 371,836"/>
        </TextRegion>
        <TextRegion id="tr_1765537475">
            <Coords points="376,847 1178,847 1178,1649 376,1649"/>
        </TextRegion>
        <TextRegion id="tr_1765537478">
            <Coords points="1179,842 1414,842 1414,1646 1179,1646"/>
        </TextRegion>
        <TextRegion id="tr_1765537479">
            <Coords points="1406,843 1779,843 1779,1626 1406,1626"/>
        </TextRegion>
        <TextRegion id="tr_1765537473">
            <Coords points="1758,832 2170,832 2170,1634 1758,1634"/>
        </TextRegion>
        <TextRegion id="tr_1765537474">
            <Coords points="2134,832 2595,832 2595,1620 2134,1620"/>
        </TextRegion>
        <TextRegion id="tr_1765537476">
            <Coords points="388,1626 2544,1626 2544,1829 388,1829"/>
        </TextRegion>
    </Page>
</PcGts>
