<?xml version="1.0" encoding="UTF-8" standalone="yes"?>
<PcGts xmlns="http://schema.primaresearch.org/PAGE/gts/pagecontent/2013-07-15">
    <Metadata>
        <Creator>Transkribus</Creator>
        <Created>2025-09-25T13:13:19.222+02:00</Created>
        <LastChange>2025-12-12T12:06:40.912+01:00</LastChange>
    </Metadata>
    <Page imageFilename="p108.jpg" imageWidth="3508" imageHeight="2479">
        <ImageRegion id="r" custom="readingOrder {index:0;}">
            <Coords points="426,268 2602,268 2602,2054 426,2054"/>
        </ImageRegion>
    </Page>
</PcGts>
