<?xml version="1.0" encoding="UTF-8" standalone="yes"?>
<PcGts xmlns="http://schema.primaresearch.org/PAGE/gts/pagecontent/2013-07-15">
    <Metadata>
        <Creator>Transkribus</Creator>
        <Created>2025-12-12T12:04:23.767744</Created>
        <LastChange>2025-12-12T12:04:53.113+01:00</LastChange>
    </Metadata>
    <Page imageFilename="106776826_109_p109.jpg" imageWidth="3508" imageHeight="2479">
        <TextRegion id="tr_1765537487">
            <Coords points="387,548 2579,548 2579,812 387,812"/>
        </TextRegion>
        <TextRegion id="tr_1765537488">
            <Coords points="415,815 1181,815 1181,1625 415,1625"/>
        </TextRegion>
        <TextRegion id="tr_1765537493">
            <Coords points="1182,833 1441,833 1441,1634 1182,1634"/>
        </TextRegion>
        <TextRegion id="tr_1765537492">
            <Coords points="1431,823 1786,823 1786,1633 1431,1633"/>
        </TextRegion>
        <TextRegion id="tr_1765537490">
            <Coords points="1764,835 2176,835 2176,1615 1764,1615"/>
        </TextRegion>
        <TextRegion id="tr_1765537489">
            <Coords points="2149,822 2593,822 2593,1612 2149,1612"/>
        </TextRegion>
        <TextRegion id="tr_1765537491">
            <Coords points="386,1611 2564,1611 2564,1813 386,1813"/>
        </TextRegion>
    </Page>
</PcGts>
