<?xml version="1.0" encoding="UTF-8" standalone="yes"?>
<PcGts xmlns="http://schema.primaresearch.org/PAGE/gts/pagecontent/2013-07-15">
    <Metadata>
        <Creator>Transkribus</Creator>
        <Created>2025-12-12T12:04:23.767744</Created>
        <LastChange>2025-12-12T12:04:53.259+01:00</LastChange>
    </Metadata>
    <Page imageFilename="106776811_110_p110.jpg" imageWidth="3508" imageHeight="2479">
        <TextRegion id="tr_1765537477">
            <Coords points="363,538 2533,538 2533,802 363,802"/>
        </TextRegion>
        <TextRegion id="tr_1765537480">
            <Coords points="402,804 1153,804 1153,1615 402,1615"/>
        </TextRegion>
        <TextRegion id="tr_1765537482">
            <Coords points="1390,814 1730,814 1730,1628 1390,1628"/>
        </TextRegion>
        <TextRegion id="tr_1765537479">
            <Coords points="1710,818 2107,818 2107,1599 1710,1599"/>
        </TextRegion>
        <TextRegion id="tr_1765537481">
            <Coords points="2078,797 2527,797 2527,1605 2078,1605"/>
        </TextRegion>
        <TextRegion id="tr_1765537478">
            <Coords points="371,1592 2461,1592 2461,1803 371,1803"/>
        </TextRegion>
    </Page>
</PcGts>
