<?xml version="1.0" encoding="UTF-8" standalone="yes"?>
<PcGts xmlns="http://schema.primaresearch.org/PAGE/gts/pagecontent/2013-07-15">
    <Metadata>
        <Creator>Transkribus</Creator>
        <Created>2025-12-12T12:04:23.767744</Created>
        <LastChange>2025-12-12T12:04:53.397+01:00</LastChange>
    </Metadata>
    <Page imageFilename="106776827_111_p111.jpg" imageWidth="3508" imageHeight="2479">
        <TextRegion id="tr_1765537472">
            <Coords points="313,494 2482,494 2482,812 313,812"/>
        </TextRegion>
        <TextRegion id="tr_1765537474">
            <Coords points="296,809 1292,809 1292,1626 296,1626"/>
        </TextRegion>
        <TextRegion id="tr_1765537477">
            <Coords points="1106,837 1339,837 1339,1628 1106,1628"/>
        </TextRegion>
        <TextRegion id="tr_1765537476">
            <Coords points="1348,828 1711,828 1711,1627 1348,1627"/>
        </TextRegion>
        <TextRegion id="tr_1765537475">
            <Coords points="1657,829 2089,829 2089,1608 1657,1608"/>
        </TextRegion>
        <TextRegion id="tr_1765537473">
            <Coords points="2054,822 2510,822 2510,1611 2054,1611"/>
        </TextRegion>
        <TextRegion id="tr_1765537471">
            <Coords points="332,1601 2495,1601 2495,1806 332,1806"/>
        </TextRegion>
    </Page>
</PcGts>
