<?xml version="1.0" encoding="UTF-8" standalone="yes"?>
<PcGts xmlns="http://schema.primaresearch.org/PAGE/gts/pagecontent/2013-07-15">
    <Metadata>
        <Creator>Transkribus</Creator>
        <Created>2025-12-12T12:04:23.767744</Created>
        <LastChange>2025-12-12T12:04:53.532+01:00</LastChange>
    </Metadata>
    <Page imageFilename="106776812_112_p112.jpg" imageWidth="3508" imageHeight="2479">
        <TextRegion id="tr_1765537475">
            <Coords points="330,505 2575,505 2575,830 330,830"/>
        </TextRegion>
        <TextRegion id="tr_1765537476">
            <Coords points="304,827 1234,827 1234,1650 304,1650"/>
        </TextRegion>
        <TextRegion id="tr_1765537473">
            <Coords points="1709,832 2134,832 2134,1651 1709,1651"/>
        </TextRegion>
        <TextRegion id="tr_1765537474">
            <Coords points="2104,834 2571,834 2571,1645 2104,1645"/>
        </TextRegion>
        <TextRegion id="tr_1765537472">
            <Coords points="381,1629 2550,1629 2550,1831 381,1831"/>
        </TextRegion>
    </Page>
</PcGts>
