<?xml version="1.0" encoding="UTF-8" standalone="yes"?>
<PcGts xmlns="http://schema.primaresearch.org/PAGE/gts/pagecontent/2013-07-15">
    <Metadata>
        <Creator>Transkribus</Creator>
        <Created>2025-09-25T13:13:20.129+02:00</Created>
        <LastChange>2025-12-12T12:07:16.241+01:00</LastChange>
    </Metadata>
    <Page imageFilename="p113.jpg" imageWidth="3508" imageHeight="2479">
        <ImageRegion id="r" custom="readingOrder {index:0;}">
            <Coords points="1030,435 1720,435 1720,1536 1030,1536"/>
        </ImageRegion>
    </Page>
</PcGts>
