<?xml version="1.0" encoding="UTF-8" standalone="yes"?>
<PcGts xmlns="http://schema.primaresearch.org/PAGE/gts/pagecontent/2013-07-15">
    <Metadata>
        <Creator>Transkribus</Creator>
        <Created>2025-12-12T12:04:23.767744</Created>
        <LastChange>2025-12-12T12:04:53.657+01:00</LastChange>
    </Metadata>
    <Page imageFilename="106776813_114_p114.jpg" imageWidth="3508" imageHeight="2479">
        <TextRegion id="tr_1765537485">
            <Coords points="335,518 2568,518 2568,824 335,824"/>
        </TextRegion>
        <TextRegion id="tr_1765537487">
            <Coords points="326,839 1160,839 1160,1638 326,1638"/>
        </TextRegion>
        <TextRegion id="tr_1765537484">
            <Coords points="1755,834 2144,834 2144,1637 1755,1637"/>
        </TextRegion>
        <TextRegion id="tr_1765537483">
            <Coords points="2102,851 2574,851 2574,1634 2102,1634"/>
        </TextRegion>
        <TextRegion id="tr_1765537486">
            <Coords points="396,1606 2538,1606 2538,1835 396,1835"/>
        </TextRegion>
    </Page>
</PcGts>
