<?xml version="1.0" encoding="UTF-8" standalone="yes"?>
<PcGts xmlns="http://schema.primaresearch.org/PAGE/gts/pagecontent/2013-07-15">
    <Metadata>
        <Creator>Transkribus</Creator>
        <Created>2025-09-25T13:13:20.371+02:00</Created>
        <LastChange>2025-12-12T12:07:54.931+01:00</LastChange>
    </Metadata>
    <Page imageFilename="p115.jpg" imageWidth="3508" imageHeight="2479">
        <ImageRegion id="r" custom="readingOrder {index:0;}">
            <Coords points="435,186 2037,186 2037,2067 435,2067"/>
        </ImageRegion>
    </Page>
</PcGts>
