<?xml version="1.0" encoding="UTF-8" standalone="yes"?>
<PcGts xmlns="http://schema.primaresearch.org/PAGE/gts/pagecontent/2013-07-15">
    <Metadata>
        <Creator>Transkribus</Creator>
        <Created>2025-12-12T12:04:23.767744</Created>
        <LastChange>2025-12-12T12:04:53.791+01:00</LastChange>
    </Metadata>
    <Page imageFilename="106776830_116_p116.jpg" imageWidth="3508" imageHeight="2479">
        <TextRegion id="tr_1765537484">
            <Coords points="438,567 2607,567 2607,862 438,862"/>
        </TextRegion>
        <TextRegion id="tr_1765537480">
            <Coords points="408,887 1236,887 1236,1690 408,1690"/>
        </TextRegion>
        <TextRegion id="tr_1765537485">
            <Coords points="1208,887 1463,887 1463,1677 1208,1677"/>
        </TextRegion>
        <TextRegion id="tr_1765537486">
            <Coords points="1454,880 1809,880 1809,1680 1454,1680"/>
        </TextRegion>
        <TextRegion id="tr_1765537482">
            <Coords points="1783,875 2179,875 2179,1669 1783,1669"/>
        </TextRegion>
        <TextRegion id="tr_1765537483">
            <Coords points="2167,877 2599,877 2599,1664 2167,1664"/>
        </TextRegion>
        <TextRegion id="tr_1765537481">
            <Coords points="427,1664 2541,1664 2541,1865 427,1865"/>
        </TextRegion>
    </Page>
</PcGts>
