<?xml version="1.0" encoding="UTF-8" standalone="yes"?>
<PcGts xmlns="http://schema.primaresearch.org/PAGE/gts/pagecontent/2013-07-15">
    <Metadata>
        <Creator>Transkribus</Creator>
        <Created>2025-12-12T12:04:23.767744</Created>
        <LastChange>2025-12-12T12:04:53.938+01:00</LastChange>
    </Metadata>
    <Page imageFilename="106776814_117_p117.jpg" imageWidth="3508" imageHeight="2479">
        <TextRegion id="tr_1765537479">
            <Coords points="417,546 2622,546 2622,847 417,847"/>
        </TextRegion>
        <TextRegion id="tr_1765537477">
            <Coords points="414,862 1245,862 1245,1668 414,1668"/>
        </TextRegion>
        <TextRegion id="tr_1765537480">
            <Coords points="1218,857 1475,857 1475,1671 1218,1671"/>
        </TextRegion>
        <TextRegion id="tr_1765537475">
            <Coords points="1467,862 1832,862 1832,1664 1467,1664"/>
        </TextRegion>
        <TextRegion id="tr_1765537474">
            <Coords points="1799,863 2198,863 2198,1649 1799,1649"/>
        </TextRegion>
        <TextRegion id="tr_1765537478">
            <Coords points="2185,851 2633,851 2633,1648 2185,1648"/>
        </TextRegion>
        <TextRegion id="tr_1765537476">
            <Coords points="406,1643 2628,1643 2628,1852 406,1852"/>
        </TextRegion>
    </Page>
</PcGts>
