<?xml version="1.0" encoding="UTF-8" standalone="yes"?>
<PcGts xmlns="http://schema.primaresearch.org/PAGE/gts/pagecontent/2013-07-15">
    <Metadata>
        <Creator>Transkribus</Creator>
        <Created>2025-09-25T13:13:20.766+02:00</Created>
        <LastChange>2025-12-12T12:08:28.793+01:00</LastChange>
    </Metadata>
    <Page imageFilename="p118.jpg" imageWidth="3508" imageHeight="2479">
        <ImageRegion id="r" custom="readingOrder {index:0;}">
            <Coords points="1213,696 1894,696 1894,1814 1213,1814"/>
        </ImageRegion>
    </Page>
</PcGts>
