<?xml version="1.0" encoding="UTF-8" standalone="yes"?>
<PcGts xmlns="http://schema.primaresearch.org/PAGE/gts/pagecontent/2013-07-15">
    <Metadata>
        <Creator>Transkribus</Creator>
        <Created>2025-12-12T12:04:23.767744</Created>
        <LastChange>2025-12-12T12:04:54.075+01:00</LastChange>
    </Metadata>
    <Page imageFilename="106776815_119_p119.jpg" imageWidth="3508" imageHeight="2479">
        <TextRegion id="tr_1765537472">
            <Coords points="345,390 2576,390 2576,721 345,721"/>
        </TextRegion>
        <TextRegion id="tr_1765537470">
            <Coords points="354,729 1191,729 1191,1548 354,1548"/>
        </TextRegion>
        <TextRegion id="tr_1765537475">
            <Coords points="1168,748 1414,748 1414,1556 1168,1556"/>
        </TextRegion>
        <TextRegion id="tr_1765537471">
            <Coords points="1379,742 1798,742 1798,1457 1379,1457"/>
        </TextRegion>
        <TextRegion id="tr_1765537474">
            <Coords points="1752,730 2160,730 2160,1376 1752,1376"/>
        </TextRegion>
        <TextRegion id="tr_1765537473">
            <Coords points="2110,750 2593,750 2593,1373 2110,1373"/>
        </TextRegion>
    </Page>
</PcGts>
