<?xml version="1.0" encoding="UTF-8" standalone="yes"?>
<PcGts xmlns="http://schema.primaresearch.org/PAGE/gts/pagecontent/2013-07-15">
    <Metadata>
        <Creator>Transkribus</Creator>
        <Created>2025-09-25T13:13:21.011+02:00</Created>
        <LastChange>2025-12-12T12:08:54.057+01:00</LastChange>
    </Metadata>
    <Page imageFilename="p120.jpg" imageWidth="3508" imageHeight="2479">
        <ImageRegion id="r" custom="readingOrder {index:0;}">
            <Coords points="1555,285 2605,285 2605,1689 1555,1689"/>
        </ImageRegion>
    </Page>
</PcGts>
