<?xml version="1.0" encoding="UTF-8" standalone="yes"?>
<PcGts xmlns="http://schema.primaresearch.org/PAGE/gts/pagecontent/2013-07-15">
    <Metadata>
        <Creator>Transkribus</Creator>
        <Created>2025-12-12T12:04:23.767744</Created>
        <LastChange>2025-12-12T12:04:54.218+01:00</LastChange>
    </Metadata>
    <Page imageFilename="106776816_121_p121.jpg" imageWidth="3508" imageHeight="2479">
        <TextRegion id="tr_1765537486">
            <Coords points="338,508 2406,508 2406,848 338,848"/>
        </TextRegion>
        <TextRegion id="tr_1765537489">
            <Coords points="312,836 1216,836 1216,1763 312,1763"/>
        </TextRegion>
        <TextRegion id="tr_1765537488">
            <Coords points="1079,851 1318,851 1318,1694 1079,1694"/>
        </TextRegion>
        <TextRegion id="tr_1765537484">
            <Coords points="1309,854 1686,854 1686,1580 1309,1580"/>
        </TextRegion>
        <TextRegion id="tr_1765537487">
            <Coords points="1666,858 2074,858 2074,1532 1666,1532"/>
        </TextRegion>
        <TextRegion id="tr_1765537485">
            <Coords points="1993,888 2443,888 2443,1539 1993,1539"/>
        </TextRegion>
    </Page>
</PcGts>
