<?xml version="1.0" encoding="UTF-8" standalone="yes"?>
<PcGts xmlns="http://schema.primaresearch.org/PAGE/gts/pagecontent/2013-07-15">
    <Metadata>
        <Creator>Transkribus</Creator>
        <Created>2025-09-25T13:13:21.299+02:00</Created>
        <LastChange>2025-12-12T12:09:20.961+01:00</LastChange>
    </Metadata>
    <Page imageFilename="p122.jpg" imageWidth="3508" imageHeight="2479">
        <ImageRegion id="r" custom="readingOrder {index:0;}">
            <Coords points="853,480 1943,480 1943,1860 853,1860"/>
        </ImageRegion>
    </Page>
</PcGts>
