<?xml version="1.0" encoding="UTF-8" standalone="yes"?>
<PcGts xmlns="http://schema.primaresearch.org/PAGE/gts/pagecontent/2013-07-15">
    <Metadata>
        <Creator>Transkribus</Creator>
        <Created>2025-12-12T12:04:23.767744</Created>
        <LastChange>2025-12-12T12:04:54.368+01:00</LastChange>
    </Metadata>
    <Page imageFilename="106776817_123_p123.jpg" imageWidth="3508" imageHeight="2479">
        <TextRegion id="tr_1765537489">
            <Coords points="310,503 2535,503 2535,855 310,855"/>
        </TextRegion>
        <TextRegion id="tr_1765537486">
            <Coords points="278,837 1177,837 1177,1632 278,1632"/>
        </TextRegion>
        <TextRegion id="tr_1765537492">
            <Coords points="1115,863 1367,863 1367,1550 1115,1550"/>
        </TextRegion>
        <TextRegion id="tr_1765537490">
            <Coords points="1355,872 1748,872 1748,1552 1355,1552"/>
        </TextRegion>
        <TextRegion id="tr_1765537488">
            <Coords points="1712,875 2134,875 2134,1549 1712,1549"/>
        </TextRegion>
        <TextRegion id="tr_1765537491">
            <Coords points="691,1536 2180,1536 2180,1893 691,1893"/>
        </TextRegion>
        <TextRegion id="tr_1765537487">
            <Coords points="2097,888 2565,888 2565,1761 2097,1761"/>
        </TextRegion>
    </Page>
</PcGts>
