<?xml version="1.0" encoding="UTF-8" standalone="yes"?>
<PcGts xmlns="http://schema.primaresearch.org/PAGE/gts/pagecontent/2013-07-15">
    <Metadata>
        <Creator>Transkribus</Creator>
        <Created>2025-09-25T13:13:21.535+02:00</Created>
        <LastChange>2025-12-12T12:09:39.401+01:00</LastChange>
    </Metadata>
    <Page imageFilename="p124.jpg" imageWidth="3508" imageHeight="2479">
        <ImageRegion id="r" custom="readingOrder {index:0;}">
            <Coords points="1373,972 2397,972 2397,1715 1373,1715"/>
        </ImageRegion>
    </Page>
</PcGts>
