<?xml version="1.0" encoding="UTF-8" standalone="yes"?>
<PcGts xmlns="http://schema.primaresearch.org/PAGE/gts/pagecontent/2013-07-15">
    <Metadata>
        <Creator>Transkribus</Creator>
        <Created>2025-12-12T12:04:23.767744</Created>
        <LastChange>2025-12-12T12:04:54.503+01:00</LastChange>
    </Metadata>
    <Page imageFilename="106776834_125_p125.jpg" imageWidth="3508" imageHeight="2479">
        <TextRegion id="tr_1765537479">
            <Coords points="312,428 2590,428 2590,753 312,753"/>
        </TextRegion>
        <TextRegion id="tr_1765537480">
            <Coords points="308,788 1230,788 1230,1598 308,1598"/>
        </TextRegion>
        <TextRegion id="tr_1765537482">
            <Coords points="1344,788 1776,788 1776,1473 1344,1473"/>
        </TextRegion>
        <TextRegion id="tr_1765537478">
            <Coords points="1723,757 2214,757 2214,1450 1723,1450"/>
        </TextRegion>
        <TextRegion id="tr_1765537481">
            <Coords points="2133,760 2596,760 2596,1441 2133,1441"/>
        </TextRegion>
        <TextRegion id="tr_1765537483">
            <Coords points="491,1559 1440,1559 1440,1914 491,1914"/>
        </TextRegion>
    </Page>
</PcGts>
