<?xml version="1.0" encoding="UTF-8" standalone="yes"?>
<PcGts xmlns="http://schema.primaresearch.org/PAGE/gts/pagecontent/2013-07-15">
    <Metadata>
        <Creator>Transkribus</Creator>
        <Created>2025-12-12T12:04:23.767744</Created>
        <LastChange>2025-12-12T12:04:54.635+01:00</LastChange>
    </Metadata>
    <Page imageFilename="106776819_126_p126.jpg" imageWidth="3508" imageHeight="2479">
        <TextRegion id="tr_1765537488">
            <Coords points="314,510 2568,510 2568,848 314,848"/>
        </TextRegion>
        <TextRegion id="tr_1765537491">
            <Coords points="321,826 1200,826 1200,1662 321,1662"/>
        </TextRegion>
        <TextRegion id="tr_1765537493">
            <Coords points="1401,861 1755,861 1755,1676 1401,1676"/>
        </TextRegion>
        <TextRegion id="tr_1765537490">
            <Coords points="1724,852 2158,852 2158,1664 1724,1664"/>
        </TextRegion>
        <TextRegion id="tr_1765537489">
            <Coords points="2115,854 2583,854 2583,1663 2115,1663"/>
        </TextRegion>
        <TextRegion id="tr_1765537492">
            <Coords points="360,1650 2576,1650 2576,1877 360,1877"/>
        </TextRegion>
    </Page>
</PcGts>
