<?xml version="1.0" encoding="UTF-8" standalone="yes"?>
<PcGts xmlns="http://schema.primaresearch.org/PAGE/gts/pagecontent/2013-07-15">
    <Metadata>
        <Creator>Transkribus</Creator>
        <Created>2025-09-25T13:13:21.903+02:00</Created>
        <LastChange>2025-12-12T12:10:20.081+01:00</LastChange>
    </Metadata>
    <Page imageFilename="p127.jpg" imageWidth="3508" imageHeight="2479">
        <ImageRegion id="r" custom="readingOrder {index:0;}">
            <Coords points="1732,652 2431,652 2431,1730 1732,1730"/>
        </ImageRegion>
    </Page>
</PcGts>
