<?xml version="1.0" encoding="UTF-8" standalone="yes"?>
<PcGts xmlns="http://schema.primaresearch.org/PAGE/gts/pagecontent/2013-07-15">
    <Metadata>
        <Creator>Transkribus</Creator>
        <Created>2025-12-12T12:04:23.767744</Created>
        <LastChange>2025-12-12T12:04:54.766+01:00</LastChange>
    </Metadata>
    <Page imageFilename="106776820_128_p128.jpg" imageWidth="3508" imageHeight="2479">
        <TextRegion id="tr_1765537477">
            <Coords points="296,548 2561,548 2561,856 296,856"/>
        </TextRegion>
        <TextRegion id="tr_1765537478">
            <Coords points="291,859 1111,859 1111,1681 291,1681"/>
        </TextRegion>
        <TextRegion id="tr_1765537479">
            <Coords points="1718,869 2108,869 2108,1633 1718,1633"/>
        </TextRegion>
        <TextRegion id="tr_1765537480">
            <Coords points="2095,880 2530,880 2530,1493 2095,1493"/>
        </TextRegion>
        <TextRegion id="tr_1765537476">
            <Coords points="556,1659 2002,1659 2002,1897 556,1897"/>
        </TextRegion>
    </Page>
</PcGts>
