<?xml version="1.0" encoding="UTF-8" standalone="yes"?>
<PcGts xmlns="http://schema.primaresearch.org/PAGE/gts/pagecontent/2013-07-15">
    <Metadata>
        <Creator>Transkribus</Creator>
        <Created>2025-09-25T13:13:22.199+02:00</Created>
        <LastChange>2025-12-12T12:11:36.820+01:00</LastChange>
    </Metadata>
    <Page imageFilename="p129.jpg" imageWidth="3508" imageHeight="2479">
        <ImageRegion id="r" custom="readingOrder {index:0;}">
            <Coords points="1766,635 2434,635 2434,1669 1766,1669"/>
        </ImageRegion>
    </Page>
</PcGts>
