<?xml version="1.0" encoding="UTF-8" standalone="yes"?>
<PcGts xmlns="http://schema.primaresearch.org/PAGE/gts/pagecontent/2013-07-15">
    <Metadata>
        <Creator>Transkribus</Creator>
        <Created>2025-12-12T12:04:23.767744</Created>
        <LastChange>2025-12-12T12:04:54.904+01:00</LastChange>
    </Metadata>
    <Page imageFilename="106776821_130_p130.jpg" imageWidth="3508" imageHeight="2479">
        <TextRegion id="tr_1765537483">
            <Coords points="420,561 2651,561 2651,871 420,871"/>
        </TextRegion>
        <TextRegion id="tr_1765537481">
            <Coords points="393,853 1210,853 1210,1678 393,1678"/>
        </TextRegion>
        <TextRegion id="tr_1765537487">
            <Coords points="1217,875 1452,875 1452,1686 1217,1686"/>
        </TextRegion>
        <TextRegion id="tr_1765537485">
            <Coords points="1449,875 1828,875 1828,1698 1449,1698"/>
        </TextRegion>
        <TextRegion id="tr_1765537482">
            <Coords points="1819,880 2202,880 2202,1590 1819,1590"/>
        </TextRegion>
        <TextRegion id="tr_1765537486">
            <Coords points="2202,900 2623,900 2623,1543 2202,1543"/>
        </TextRegion>
        <TextRegion id="tr_1765537484">
            <Coords points="454,1659 1955,1659 1955,1895 454,1895"/>
        </TextRegion>
    </Page>
</PcGts>
