<?xml version="1.0" encoding="UTF-8" standalone="yes"?>
<PcGts xmlns="http://schema.primaresearch.org/PAGE/gts/pagecontent/2013-07-15">
    <Metadata>
        <Creator>Transkribus</Creator>
        <Created>2025-09-25T13:13:22.441+02:00</Created>
        <LastChange>2025-12-12T12:12:02.277+01:00</LastChange>
    </Metadata>
    <Page imageFilename="p131.jpg" imageWidth="3508" imageHeight="2479">
        <ImageRegion id="r" custom="readingOrder {index:0;}">
            <Coords points="1844,637 2598,637 2598,1718 1844,1718"/>
        </ImageRegion>
    </Page>
</PcGts>
