<?xml version="1.0" encoding="UTF-8" standalone="yes"?>
<PcGts xmlns="http://schema.primaresearch.org/PAGE/gts/pagecontent/2013-07-15">
    <Metadata>
        <Creator>Transkribus</Creator>
        <Created>2025-12-12T11:59:05.717603</Created>
        <LastChange>2025-12-12T11:59:31.336+01:00</LastChange>
    </Metadata>
    <Page imageFilename="106776822_132_p132.jpg" imageWidth="3508" imageHeight="2479">
        <TextRegion id="tr_1765537170">
            <Coords points="335,529 2490,529 2490,832 335,832"/>
        </TextRegion>
        <TextRegion id="tr_1765537169">
            <Coords points="342,862 1133,862 1133,1688 342,1688"/>
        </TextRegion>
        <TextRegion id="tr_1765537174">
            <Coords points="1354,841 1726,841 1726,1680 1354,1680"/>
        </TextRegion>
        <TextRegion id="tr_1765537173">
            <Coords points="1709,835 2091,835 2091,1410 1709,1410"/>
        </TextRegion>
        <TextRegion id="tr_1765537171">
            <Coords points="2085,846 2494,846 2494,1331 2085,1331"/>
        </TextRegion>
        <TextRegion id="tr_1765537172">
            <Coords points="392,1665 1880,1665 1880,1878 392,1878"/>
        </TextRegion>
    </Page>
</PcGts>
