<?xml version="1.0" encoding="UTF-8" standalone="yes"?>
<PcGts xmlns="http://schema.primaresearch.org/PAGE/gts/pagecontent/2013-07-15">
    <Metadata>
        <Creator>Transkribus</Creator>
        <Created>2025-09-25T13:13:22.720+02:00</Created>
        <LastChange>2025-12-12T12:12:20.118+01:00</LastChange>
    </Metadata>
    <Page imageFilename="p133.jpg" imageWidth="3508" imageHeight="2479">
        <ImageRegion id="r" custom="readingOrder {index:0;}">
            <Coords points="1725,603 2477,603 2477,1672 1725,1672"/>
        </ImageRegion>
    </Page>
</PcGts>
