<?xml version="1.0" encoding="UTF-8" standalone="yes"?>
<PcGts xmlns="http://schema.primaresearch.org/PAGE/gts/pagecontent/2013-07-15">
    <Metadata>
        <Creator>Transkribus</Creator>
        <Created>2025-12-12T11:59:05.717603</Created>
        <LastChange>2025-12-12T11:59:31.697+01:00</LastChange>
    </Metadata>
    <Page imageFilename="106776838_134_p134.jpg" imageWidth="3508" imageHeight="2479">
        <TextRegion id="tr_1765537151">
            <Coords points="286,529 2451,529 2451,827 286,827"/>
        </TextRegion>
        <TextRegion id="tr_1765537152">
            <Coords points="289,833 1094,833 1094,1627 289,1627"/>
        </TextRegion>
        <TextRegion id="tr_1765537153">
            <Coords points="1666,830 2052,830 2052,1453 1666,1453"/>
        </TextRegion>
        <TextRegion id="tr_1765537154">
            <Coords points="2033,842 2443,842 2443,1425 2033,1425"/>
        </TextRegion>
        <TextRegion id="tr_1765537155">
            <Coords points="408,1606 1729,1606 1729,1818 408,1818"/>
        </TextRegion>
    </Page>
</PcGts>
