<?xml version="1.0" encoding="UTF-8" standalone="yes"?>
<PcGts xmlns="http://schema.primaresearch.org/PAGE/gts/pagecontent/2013-07-15">
    <Metadata>
        <Creator>Transkribus</Creator>
        <Created>2025-12-12T11:59:05.717603</Created>
        <LastChange>2025-12-12T12:12:39.757+01:00</LastChange>
    </Metadata>
    <Page imageFilename="106776824_135_p135.jpg" imageWidth="3508" imageHeight="2479">
        <TextRegion id="tr_1765537159" custom="readingOrder {index:0;}">
            <Coords points="328,541 2413,541 2413,873 328,873"/>
        </TextRegion>
        <TextRegion id="tr_1765537156" custom="readingOrder {index:1;}">
            <Coords points="312,892 1089,892 1089,1673 312,1673"/>
        </TextRegion>
        <TextRegion id="tr_1765537157" custom="readingOrder {index:2;}">
            <Coords points="1649,876 2033,876 2033,1674 1649,1674"/>
        </TextRegion>
        <TextRegion id="tr_1765537160" custom="readingOrder {index:3;}">
            <Coords points="2020,868 2423,868 2423,1742 2020,1742"/>
        </TextRegion>
        <ImageRegion id="r" custom="readingOrder {index:4;}">
            <Coords points="2068,1263 2424,1263 2424,1752 2068,1752"/>
        </ImageRegion>
        <TextRegion id="tr_1765537158" custom="readingOrder {index:5;}">
            <Coords points="369,1648 2421,1648 2421,1853 369,1853"/>
        </TextRegion>
    </Page>
</PcGts>
