<?xml version="1.0" encoding="UTF-8" standalone="yes"?>
<PcGts xmlns="http://schema.primaresearch.org/PAGE/gts/pagecontent/2013-07-15">
    <Metadata>
        <Creator>Transkribus</Creator>
        <Created>2025-12-12T11:59:05.717603</Created>
        <LastChange>2025-12-12T12:12:51.720+01:00</LastChange>
    </Metadata>
    <Page imageFilename="106776839_136_p136.jpg" imageWidth="3508" imageHeight="2479">
        <TextRegion id="tr_1765537154" custom="readingOrder {index:0;}">
            <Coords points="407,539 2651,539 2651,855 407,855"/>
        </TextRegion>
        <TextRegion id="tr_1765537152" custom="readingOrder {index:1;}">
            <Coords points="398,881 1214,881 1214,1694 398,1694"/>
        </TextRegion>
        <TextRegion id="tr_1765537157" custom="readingOrder {index:2;}">
            <Coords points="1225,870 1472,870 1472,1681 1225,1681"/>
        </TextRegion>
        <TextRegion id="tr_1765537158" custom="readingOrder {index:3;}">
            <Coords points="1465,862 1846,862 1846,1689 1465,1689"/>
        </TextRegion>
        <TextRegion id="tr_1765537155" custom="readingOrder {index:4;}">
            <Coords points="1835,864 2245,864 2245,1682 1835,1682"/>
        </TextRegion>
        <TextRegion id="tr_1765537156" custom="readingOrder {index:5;}">
            <Coords points="2226,857 2661,857 2661,1697 2226,1697"/>
        </TextRegion>
        <ImageRegion id="r" custom="readingOrder {index:6;}">
            <Coords points="2298,1225 2656,1225 2656,1698 2298,1698"/>
        </ImageRegion>
        <TextRegion id="tr_1765537153" custom="readingOrder {index:7;}">
            <Coords points="485,1671 2661,1671 2661,1882 485,1882"/>
        </TextRegion>
    </Page>
</PcGts>
