<?xml version="1.0" encoding="UTF-8" standalone="yes"?>
<PcGts xmlns="http://schema.primaresearch.org/PAGE/gts/pagecontent/2013-07-15">
    <Metadata>
        <Creator>Transkribus</Creator>
        <Created>2025-09-25T13:13:23.199+02:00</Created>
        <LastChange>2025-12-12T12:14:22.007+01:00</LastChange>
    </Metadata>
    <Page imageFilename="p137.jpg" imageWidth="2479" imageHeight="3508">
        <ImageRegion id="r" custom="readingOrder {index:0;}">
            <Coords points="538,166 1670,166 1670,1525 538,1525"/>
        </ImageRegion>
    </Page>
</PcGts>
