<?xml version="1.0" encoding="UTF-8" standalone="yes"?>
<PcGts xmlns="http://schema.primaresearch.org/PAGE/gts/pagecontent/2013-07-15">
    <Metadata>
        <Creator>Transkribus</Creator>
        <Created>2025-12-12T11:59:05.717603</Created>
        <LastChange>2025-12-12T11:59:32.269+01:00</LastChange>
    </Metadata>
    <Page imageFilename="106776840_138_p138.jpg" imageWidth="3508" imageHeight="2479">
        <TextRegion id="tr_1765537167">
            <Coords points="336,485 2633,485 2633,758 336,758"/>
        </TextRegion>
        <TextRegion id="tr_1765537166">
            <Coords points="349,801 1137,801 1137,1600 349,1600"/>
        </TextRegion>
        <TextRegion id="tr_1765537169">
            <Coords points="1413,773 1798,773 1798,1587 1413,1587"/>
        </TextRegion>
        <TextRegion id="tr_1765537164">
            <Coords points="1775,767 2193,767 2193,1581 1775,1581"/>
        </TextRegion>
        <TextRegion id="tr_1765537168">
            <Coords points="2159,761 2613,761 2613,1580 2159,1580"/>
        </TextRegion>
        <TextRegion id="tr_1765537165">
            <Coords points="367,1563 2652,1563 2652,1782 367,1782"/>
        </TextRegion>
    </Page>
</PcGts>
