<?xml version="1.0" encoding="UTF-8" standalone="yes"?>
<PcGts xmlns="http://schema.primaresearch.org/PAGE/gts/pagecontent/2013-07-15">
    <Metadata>
        <Creator>Transkribus</Creator>
        <Created>2025-09-25T13:13:23.410+02:00</Created>
        <LastChange>2025-12-12T12:14:47.072+01:00</LastChange>
    </Metadata>
    <Page imageFilename="p139.jpg" imageWidth="3508" imageHeight="2479">
        <ImageRegion id="r" custom="readingOrder {index:0;}">
            <Coords points="364,376 1217,376 1217,1524 364,1524"/>
        </ImageRegion>
    </Page>
</PcGts>
