<?xml version="1.0" encoding="UTF-8" standalone="yes"?>
<PcGts xmlns="http://schema.primaresearch.org/PAGE/gts/pagecontent/2013-07-15">
    <Metadata>
        <Creator>Transkribus</Creator>
        <Created>2025-12-12T11:59:05.717603</Created>
        <LastChange>2025-12-12T11:59:32.415+01:00</LastChange>
    </Metadata>
    <Page imageFilename="106776841_140_p140.jpg" imageWidth="3508" imageHeight="2479">
        <TextRegion id="tr_1765537157">
            <Coords points="274,472 2478,472 2478,774 274,774"/>
        </TextRegion>
        <TextRegion id="tr_1765537156">
            <Coords points="264,794 1075,794 1075,1595 264,1595"/>
        </TextRegion>
        <TextRegion id="tr_1765537160">
            <Coords points="1081,785 1310,785 1310,1587 1081,1587"/>
        </TextRegion>
        <TextRegion id="tr_1765537159">
            <Coords points="1651,771 2082,771 2082,1581 1651,1581"/>
        </TextRegion>
        <TextRegion id="tr_1765537155">
            <Coords points="2048,778 2497,778 2497,1571 2048,1571"/>
        </TextRegion>
        <TextRegion id="tr_1765537158">
            <Coords points="267,1561 2495,1561 2495,1755 267,1755"/>
        </TextRegion>
    </Page>
</PcGts>
