<?xml version="1.0" encoding="UTF-8" standalone="yes"?>
<PcGts xmlns="http://schema.primaresearch.org/PAGE/gts/pagecontent/2013-07-15">
    <Metadata>
        <Creator>Transkribus</Creator>
        <Created>2025-09-25T13:13:23.626+02:00</Created>
        <LastChange>2025-12-12T12:25:43.485+01:00</LastChange>
    </Metadata>
    <Page imageFilename="p141.jpg" imageWidth="3508" imageHeight="2479">
        <ImageRegion id="r" custom="readingOrder {index:0;}">
            <Coords points="623,156 2153,156 2153,1992 623,1992"/>
        </ImageRegion>
    </Page>
</PcGts>
