<?xml version="1.0" encoding="UTF-8" standalone="yes"?>
<PcGts xmlns="http://schema.primaresearch.org/PAGE/gts/pagecontent/2013-07-15">
    <Metadata>
        <Creator>Transkribus</Creator>
        <Created>2025-12-12T11:59:05.717603</Created>
        <LastChange>2025-12-12T11:59:32.552+01:00</LastChange>
    </Metadata>
    <Page imageFilename="106776847_142_p142.jpg" imageWidth="3508" imageHeight="2479">
        <TextRegion id="tr_1765537162">
            <Coords points="278,562 2508,562 2508,849 278,849"/>
        </TextRegion>
        <TextRegion id="tr_1765537158">
            <Coords points="311,864 1161,864 1161,1694 311,1694"/>
        </TextRegion>
        <TextRegion id="tr_1765537159">
            <Coords points="1719,853 2116,853 2116,1650 1719,1650"/>
        </TextRegion>
        <TextRegion id="tr_1765537161">
            <Coords points="2107,847 2548,847 2548,1642 2107,1642"/>
        </TextRegion>
        <TextRegion id="tr_1765537160">
            <Coords points="319,1648 2569,1648 2569,1853 319,1853"/>
        </TextRegion>
    </Page>
</PcGts>
