<?xml version="1.0" encoding="UTF-8" standalone="yes"?>
<PcGts xmlns="http://schema.primaresearch.org/PAGE/gts/pagecontent/2013-07-15">
    <Metadata>
        <Creator>Transkribus</Creator>
        <Created>2025-09-25T13:13:23.850+02:00</Created>
        <LastChange>2025-12-12T12:26:04.828+01:00</LastChange>
    </Metadata>
    <Page imageFilename="p143.jpg" imageWidth="3508" imageHeight="2479">
        <ImageRegion id="r" custom="readingOrder {index:0;}">
            <Coords points="929,267 2490,267 2490,2190 929,2190"/>
        </ImageRegion>
    </Page>
</PcGts>
