<?xml version="1.0" encoding="UTF-8" standalone="yes"?>
<PcGts xmlns="http://schema.primaresearch.org/PAGE/gts/pagecontent/2013-07-15">
    <Metadata>
        <Creator>Transkribus</Creator>
        <Created>2025-12-12T11:59:05.717603</Created>
        <LastChange>2025-12-12T11:59:32.695+01:00</LastChange>
    </Metadata>
    <Page imageFilename="106776848_144_p144.jpg" imageWidth="3508" imageHeight="2479">
        <TextRegion id="tr_1765537169">
            <Coords points="304,575 2571,575 2571,851 304,851"/>
        </TextRegion>
        <TextRegion id="tr_1765537167">
            <Coords points="296,859 1140,859 1140,1698 296,1698"/>
        </TextRegion>
        <TextRegion id="tr_1765537173">
            <Coords points="1127,872 1369,872 1369,1691 1127,1691"/>
        </TextRegion>
        <TextRegion id="tr_1765537172">
            <Coords points="1368,867 1740,867 1740,1699 1368,1699"/>
        </TextRegion>
        <TextRegion id="tr_1765537170">
            <Coords points="1722,854 2121,854 2121,1691 1722,1691"/>
        </TextRegion>
        <TextRegion id="tr_1765537171">
            <Coords points="2109,872 2557,872 2557,1685 2109,1685"/>
        </TextRegion>
        <TextRegion id="tr_1765537168">
            <Coords points="332,1674 2574,1674 2574,1874 332,1874"/>
        </TextRegion>
    </Page>
</PcGts>
