<?xml version="1.0" encoding="UTF-8" standalone="yes"?>
<PcGts xmlns="http://schema.primaresearch.org/PAGE/gts/pagecontent/2013-07-15">
    <Metadata>
        <Creator>Transkribus</Creator>
        <Created>2025-09-25T13:13:24.090+02:00</Created>
        <LastChange>2025-12-12T12:26:42.371+01:00</LastChange>
    </Metadata>
    <Page imageFilename="p145.jpg" imageWidth="3508" imageHeight="2479">
        <ImageRegion id="r" custom="readingOrder {index:0;}">
            <Coords points="914,257 2502,257 2502,2174 914,2174"/>
        </ImageRegion>
    </Page>
</PcGts>
