<?xml version="1.0" encoding="UTF-8" standalone="yes"?>
<PcGts xmlns="http://schema.primaresearch.org/PAGE/gts/pagecontent/2013-07-15">
    <Metadata>
        <Creator>Transkribus</Creator>
        <Created>2025-12-12T11:59:05.717603</Created>
        <LastChange>2025-12-12T11:59:32.836+01:00</LastChange>
    </Metadata>
    <Page imageFilename="106776849_146_p146.jpg" imageWidth="3508" imageHeight="2479">
        <TextRegion id="tr_1765537163">
            <Coords points="391,488 2670,488 2670,770 391,770"/>
        </TextRegion>
        <TextRegion id="tr_1765537160">
            <Coords points="391,766 1236,766 1236,1635 391,1635"/>
        </TextRegion>
        <TextRegion id="tr_1765537165">
            <Coords points="1208,778 1447,778 1447,1602 1208,1602"/>
        </TextRegion>
        <TextRegion id="tr_1765537166">
            <Coords points="1441,774 1831,774 1831,1599 1441,1599"/>
        </TextRegion>
        <TextRegion id="tr_1765537162">
            <Coords points="1805,764 2215,764 2215,1580 1805,1580"/>
        </TextRegion>
        <TextRegion id="tr_1765537161">
            <Coords points="2198,762 2658,762 2658,1564 2198,1564"/>
        </TextRegion>
        <TextRegion id="tr_1765537164">
            <Coords points="417,1575 2660,1575 2660,1778 417,1778"/>
        </TextRegion>
    </Page>
</PcGts>
