<?xml version="1.0" encoding="UTF-8" standalone="yes"?>
<PcGts xmlns="http://schema.primaresearch.org/PAGE/gts/pagecontent/2013-07-15">
    <Metadata>
        <Creator>Transkribus</Creator>
        <Created>2025-09-25T13:13:24.311+02:00</Created>
        <LastChange>2025-12-12T12:26:59.968+01:00</LastChange>
    </Metadata>
    <Page imageFilename="p147.jpg" imageWidth="3508" imageHeight="2479">
        <ImageRegion id="r" custom="readingOrder {index:0;}">
            <Coords points="956,252 2577,252 2577,2245 956,2245"/>
        </ImageRegion>
    </Page>
</PcGts>
