<?xml version="1.0" encoding="UTF-8" standalone="yes"?>
<PcGts xmlns="http://schema.primaresearch.org/PAGE/gts/pagecontent/2013-07-15">
    <Metadata>
        <Creator>Transkribus</Creator>
        <Created>2025-12-12T11:59:05.717603</Created>
        <LastChange>2025-12-12T11:59:32.975+01:00</LastChange>
    </Metadata>
    <Page imageFilename="106776850_148_p148.jpg" imageWidth="3508" imageHeight="2479">
        <TextRegion id="tr_1765537157">
            <Coords points="369,480 2618,480 2618,781 369,781"/>
        </TextRegion>
        <TextRegion id="tr_1765537154">
            <Coords points="354,780 1216,780 1216,1616 354,1616"/>
        </TextRegion>
        <TextRegion id="tr_1765537153">
            <Coords points="1775,778 2178,778 2178,1603 1775,1603"/>
        </TextRegion>
        <TextRegion id="tr_1765537156">
            <Coords points="2155,785 2612,785 2612,1620 2155,1620"/>
        </TextRegion>
        <TextRegion id="tr_1765537155">
            <Coords points="387,1589 2605,1589 2605,1788 387,1788"/>
        </TextRegion>
    </Page>
</PcGts>
