<?xml version="1.0" encoding="UTF-8" standalone="yes"?>
<PcGts xmlns="http://schema.primaresearch.org/PAGE/gts/pagecontent/2013-07-15">
    <Metadata>
        <Creator>Transkribus</Creator>
        <Created>2025-09-25T13:13:24.533+02:00</Created>
        <LastChange>2025-12-12T12:27:14.717+01:00</LastChange>
    </Metadata>
    <Page imageFilename="p149.jpg" imageWidth="3508" imageHeight="2479">
        <ImageRegion id="r" custom="readingOrder {index:0;}">
            <Coords points="923,252 2554,252 2554,2179 923,2179"/>
        </ImageRegion>
    </Page>
</PcGts>
