<?xml version="1.0" encoding="UTF-8" standalone="yes"?>
<PcGts xmlns="http://schema.primaresearch.org/PAGE/gts/pagecontent/2013-07-15">
    <Metadata>
        <Creator>Transkribus</Creator>
        <Created>2025-09-25T13:13:24.638+02:00</Created>
        <LastChange>2025-12-12T12:27:27.640+01:00</LastChange>
    </Metadata>
    <Page imageFilename="p150.jpg" imageWidth="3508" imageHeight="2479">
        <ImageRegion id="r" custom="readingOrder {index:0;}">
            <Coords points="914,247 2521,247 2521,2198 914,2198"/>
        </ImageRegion>
    </Page>
</PcGts>
