<?xml version="1.0" encoding="UTF-8" standalone="yes"?>
<PcGts xmlns="http://schema.primaresearch.org/PAGE/gts/pagecontent/2013-07-15">
    <Metadata>
        <Creator>Transkribus</Creator>
        <Created>2025-12-12T11:59:05.717603</Created>
        <LastChange>2025-12-12T11:59:33.121+01:00</LastChange>
    </Metadata>
    <Page imageFilename="106776866_151_p151.jpg" imageWidth="3508" imageHeight="2479">
        <TextRegion id="tr_1765537165">
            <Coords points="398,461 2677,461 2677,765 398,765"/>
        </TextRegion>
        <TextRegion id="tr_1765537162">
            <Coords points="391,769 1235,769 1235,1588 391,1588"/>
        </TextRegion>
        <TextRegion id="tr_1765537167">
            <Coords points="1227,775 1458,775 1458,1617 1227,1617"/>
        </TextRegion>
        <TextRegion id="tr_1765537166">
            <Coords points="1458,769 1843,769 1843,1596 1458,1596"/>
        </TextRegion>
        <TextRegion id="tr_1765537163">
            <Coords points="1826,777 2222,777 2222,1584 1826,1584"/>
        </TextRegion>
        <TextRegion id="tr_1765537164">
            <Coords points="2209,787 2650,787 2650,1580 2209,1580"/>
        </TextRegion>
        <TextRegion id="tr_1765537161">
            <Coords points="376,1566 2677,1566 2677,1780 376,1780"/>
        </TextRegion>
    </Page>
</PcGts>
