<?xml version="1.0" encoding="UTF-8" standalone="yes"?>
<PcGts xmlns="http://schema.primaresearch.org/PAGE/gts/pagecontent/2013-07-15">
    <Metadata>
        <Creator>Transkribus</Creator>
        <Created>2025-09-25T13:13:24.859+02:00</Created>
        <LastChange>2025-12-12T12:28:16.033+01:00</LastChange>
    </Metadata>
    <Page imageFilename="p152.jpg" imageWidth="3508" imageHeight="2479">
        <ImageRegion id="r" custom="readingOrder {index:0;}">
            <Coords points="1206,869 1654,869 1654,1534 1206,1534"/>
        </ImageRegion>
    </Page>
</PcGts>
