<?xml version="1.0" encoding="UTF-8" standalone="yes"?>
<PcGts xmlns="http://schema.primaresearch.org/PAGE/gts/pagecontent/2013-07-15">
    <Metadata>
        <Creator>Transkribus</Creator>
        <Created>2025-09-25T13:13:24.986+02:00</Created>
        <LastChange>2025-12-12T12:28:48.827+01:00</LastChange>
    </Metadata>
    <Page imageFilename="p153.jpg" imageWidth="3508" imageHeight="2479">
        <ImageRegion id="r" custom="readingOrder {index:0;}">
            <Coords points="533,157 2380,157 2380,2329 533,2329"/>
        </ImageRegion>
    </Page>
</PcGts>
