<?xml version="1.0" encoding="UTF-8" standalone="yes"?>
<PcGts xmlns="http://schema.primaresearch.org/PAGE/gts/pagecontent/2013-07-15">
    <Metadata>
        <Creator>Transkribus</Creator>
        <Created>2025-12-12T11:59:05.717603</Created>
        <LastChange>2025-12-12T11:59:33.270+01:00</LastChange>
    </Metadata>
    <Page imageFilename="106776853_154_p154.jpg" imageWidth="3508" imageHeight="2479">
        <TextRegion id="tr_1765537163">
            <Coords points="387,451 2684,451 2684,776 387,776"/>
        </TextRegion>
        <TextRegion id="tr_1765537160">
            <Coords points="387,767 1217,767 1217,1605 387,1605"/>
        </TextRegion>
        <TextRegion id="tr_1765537162">
            <Coords points="1218,784 1479,784 1479,1602 1218,1602"/>
        </TextRegion>
        <TextRegion id="tr_1765537161">
            <Coords points="1440,775 1829,775 1829,1600 1440,1600"/>
        </TextRegion>
        <TextRegion id="tr_1765537159">
            <Coords points="1816,787 2208,787 2208,1606 1816,1606"/>
        </TextRegion>
        <TextRegion id="tr_1765537157">
            <Coords points="2187,784 2652,784 2652,1619 2187,1619"/>
        </TextRegion>
        <TextRegion id="tr_1765537158">
            <Coords points="432,1576 2626,1576 2626,1795 432,1795"/>
        </TextRegion>
    </Page>
</PcGts>
