<?xml version="1.0" encoding="UTF-8" standalone="yes"?>
<PcGts xmlns="http://schema.primaresearch.org/PAGE/gts/pagecontent/2013-07-15">
    <Metadata>
        <Creator>Transkribus</Creator>
        <Created>2025-12-12T11:59:05.717603</Created>
        <LastChange>2025-12-12T12:33:55.360+01:00</LastChange>
    </Metadata>
    <Page imageFilename="106776868_155_p155.jpg" imageWidth="3508" imageHeight="2479">
        <TextRegion id="tr_1765537158" custom="readingOrder {index:0;}">
            <Coords points="362,440 2632,440 2632,787 362,787"/>
        </TextRegion>
        <ImageRegion id="r" custom="readingOrder {index:1;}">
            <Coords points="373,403 792,403 792,1072 373,1072"/>
        </ImageRegion>
        <TextRegion id="tr_1765537157" custom="readingOrder {index:2;}">
            <Coords points="373,782 1318,782 1318,1614 373,1614"/>
        </TextRegion>
        <TextRegion id="tr_1765537159" custom="readingOrder {index:3;}">
            <Coords points="1199,796 1449,796 1449,1613 1199,1613"/>
        </TextRegion>
        <TextRegion id="tr_1765537155" custom="readingOrder {index:4;}">
            <Coords points="1765,796 2229,796 2229,1603 1765,1603"/>
        </TextRegion>
        <TextRegion id="tr_1765537156" custom="readingOrder {index:5;}">
            <Coords points="2168,805 2635,805 2635,1618 2168,1618"/>
        </TextRegion>
        <TextRegion id="tr_1765537154" custom="readingOrder {index:6;}">
            <Coords points="373,1590 2605,1590 2605,1795 373,1795"/>
        </TextRegion>
    </Page>
</PcGts>
