<?xml version="1.0" encoding="UTF-8" standalone="yes"?>
<PcGts xmlns="http://schema.primaresearch.org/PAGE/gts/pagecontent/2013-07-15">
    <Metadata>
        <Creator>Transkribus</Creator>
        <Created>2025-12-12T11:59:05.717603</Created>
        <LastChange>2025-12-12T11:59:33.544+01:00</LastChange>
    </Metadata>
    <Page imageFilename="106776869_156_p156.jpg" imageWidth="3508" imageHeight="2479">
        <TextRegion id="tr_1765537172">
            <Coords points="402,456 2609,456 2609,806 402,806"/>
        </TextRegion>
        <TextRegion id="tr_1765537170">
            <Coords points="388,790 1267,790 1267,1606 388,1606"/>
        </TextRegion>
        <TextRegion id="tr_1765537173">
            <Coords points="1187,804 1445,804 1445,1603 1187,1603"/>
        </TextRegion>
        <TextRegion id="tr_1765537168">
            <Coords points="1749,800 2209,800 2209,1613 1749,1613"/>
        </TextRegion>
        <TextRegion id="tr_1765537171">
            <Coords points="2151,812 2613,812 2613,1619 2151,1619"/>
        </TextRegion>
        <TextRegion id="tr_1765537169">
            <Coords points="407,1595 2565,1595 2565,1797 407,1797"/>
        </TextRegion>
    </Page>
</PcGts>
