<?xml version="1.0" encoding="UTF-8" standalone="yes"?>
<PcGts xmlns="http://schema.primaresearch.org/PAGE/gts/pagecontent/2013-07-15">
    <Metadata>
        <Creator>Transkribus</Creator>
        <Created>2025-09-25T13:13:25.433+02:00</Created>
        <LastChange>2025-12-12T12:34:42.079+01:00</LastChange>
    </Metadata>
    <Page imageFilename="p157.jpg" imageWidth="3508" imageHeight="2479">
        <ImageRegion id="r" custom="readingOrder {index:0;}">
            <Coords points="316,400 1413,400 1413,1086 316,1086"/>
        </ImageRegion>
    </Page>
</PcGts>
