<?xml version="1.0" encoding="UTF-8" standalone="yes"?>
<PcGts xmlns="http://schema.primaresearch.org/PAGE/gts/pagecontent/2013-07-15">
    <Metadata>
        <Creator>Transkribus</Creator>
        <Created>2025-12-12T11:59:05.717603</Created>
        <LastChange>2025-12-12T11:59:33.690+01:00</LastChange>
    </Metadata>
    <Page imageFilename="106776737_158_p158.jpg" imageWidth="3508" imageHeight="2479">
        <TextRegion id="tr_1765537167">
            <Coords points="341,434 2455,434 2455,732 341,732"/>
        </TextRegion>
        <TextRegion id="tr_1765537168">
            <Coords points="320,752 1304,752 1304,1570 320,1570"/>
        </TextRegion>
        <TextRegion id="tr_1765537170">
            <Coords points="1622,710 2067,710 2067,1513 1622,1513"/>
        </TextRegion>
        <TextRegion id="tr_1765537169">
            <Coords points="2052,716 2490,716 2490,1487 2052,1487"/>
        </TextRegion>
        <TextRegion id="tr_1765537166">
            <Coords points="363,1514 2483,1514 2483,1716 363,1716"/>
        </TextRegion>
    </Page>
</PcGts>
