<?xml version="1.0" encoding="UTF-8" standalone="yes"?>
<PcGts xmlns="http://schema.primaresearch.org/PAGE/gts/pagecontent/2013-07-15">
    <Metadata>
        <Creator>Transkribus</Creator>
        <Created>2025-09-25T13:13:25.637+02:00</Created>
        <LastChange>2025-12-12T12:35:10.300+01:00</LastChange>
    </Metadata>
    <Page imageFilename="p159.jpg" imageWidth="3508" imageHeight="2479">
        <ImageRegion id="r" custom="readingOrder {index:0;}">
            <Coords points="336,319 2050,319 2050,1694 336,1694"/>
        </ImageRegion>
    </Page>
</PcGts>
