<?xml version="1.0" encoding="UTF-8" standalone="yes"?>
<PcGts xmlns="http://schema.primaresearch.org/PAGE/gts/pagecontent/2013-07-15">
    <Metadata>
        <Creator>Transkribus</Creator>
        <Created>2025-12-12T11:59:05.717603</Created>
        <LastChange>2025-12-12T11:59:33.835+01:00</LastChange>
    </Metadata>
    <Page imageFilename="106776738_160_p160.jpg" imageWidth="3508" imageHeight="2479">
        <TextRegion id="tr_1765537170">
            <Coords points="401,409 2615,409 2615,744 401,744"/>
        </TextRegion>
        <TextRegion id="tr_1765537166">
            <Coords points="396,706 1230,706 1230,1520 396,1520"/>
        </TextRegion>
        <TextRegion id="tr_1765537171">
            <Coords points="1437,755 1794,755 1794,1528 1437,1528"/>
        </TextRegion>
        <TextRegion id="tr_1765537169">
            <Coords points="1768,743 2168,743 2168,1551 1768,1551"/>
        </TextRegion>
        <TextRegion id="tr_1765537167">
            <Coords points="2150,756 2607,756 2607,1568 2150,1568"/>
        </TextRegion>
        <TextRegion id="tr_1765537168">
            <Coords points="382,1505 2587,1505 2587,1752 382,1752"/>
        </TextRegion>
    </Page>
</PcGts>
