<?xml version="1.0" encoding="UTF-8" standalone="yes"?>
<PcGts xmlns="http://schema.primaresearch.org/PAGE/gts/pagecontent/2013-07-15">
    <Metadata>
        <Creator>Transkribus</Creator>
        <Created>2025-09-25T13:13:25.889+02:00</Created>
        <LastChange>2025-12-12T12:35:28.869+01:00</LastChange>
    </Metadata>
    <Page imageFilename="p161.jpg" imageWidth="3508" imageHeight="2479">
        <ImageRegion id="r" custom="readingOrder {index:0;}">
            <Coords points="362,362 2448,362 2448,1985 362,1985"/>
        </ImageRegion>
    </Page>
</PcGts>
