<?xml version="1.0" encoding="UTF-8" standalone="yes"?>
<PcGts xmlns="http://schema.primaresearch.org/PAGE/gts/pagecontent/2013-07-15">
    <Metadata>
        <Creator>Transkribus</Creator>
        <Created>2025-12-12T11:59:05.717603</Created>
        <LastChange>2025-12-12T11:59:33.967+01:00</LastChange>
    </Metadata>
    <Page imageFilename="106776739_162_p162.jpg" imageWidth="3508" imageHeight="2479">
        <TextRegion id="tr_1765537169">
            <Coords points="420,589 2631,589 2631,908 420,908"/>
        </TextRegion>
        <TextRegion id="tr_1765537165">
            <Coords points="410,908 1262,908 1262,1729 410,1729"/>
        </TextRegion>
        <TextRegion id="tr_1765537168">
            <Coords points="1777,914 2221,914 2221,1704 1777,1704"/>
        </TextRegion>
        <TextRegion id="tr_1765537166">
            <Coords points="2192,920 2673,920 2673,1701 2192,1701"/>
        </TextRegion>
        <TextRegion id="tr_1765537167">
            <Coords points="426,1707 2631,1707 2631,1908 426,1908"/>
        </TextRegion>
    </Page>
</PcGts>
