<?xml version="1.0" encoding="UTF-8" standalone="yes"?>
<PcGts xmlns="http://schema.primaresearch.org/PAGE/gts/pagecontent/2013-07-15">
    <Metadata>
        <Creator>Transkribus</Creator>
        <Created>2025-09-25T13:13:26.107+02:00</Created>
        <LastChange>2025-12-12T12:47:41.994+01:00</LastChange>
    </Metadata>
    <Page imageFilename="p163.jpg" imageWidth="3508" imageHeight="2479">
        <ImageRegion id="r" custom="readingOrder {index:0;}">
            <Coords points="1806,626 2513,626 2513,1707 1806,1707"/>
        </ImageRegion>
    </Page>
</PcGts>
