<?xml version="1.0" encoding="UTF-8" standalone="yes"?>
<PcGts xmlns="http://schema.primaresearch.org/PAGE/gts/pagecontent/2013-07-15">
    <Metadata>
        <Creator>Transkribus</Creator>
        <Created>2025-12-12T11:59:05.717603</Created>
        <LastChange>2025-12-12T11:59:34.123+01:00</LastChange>
    </Metadata>
    <Page imageFilename="106776857_164_p164.jpg" imageWidth="3508" imageHeight="2479">
        <TextRegion id="tr_1765537151">
            <Coords points="303,548 2512,548 2512,880 303,880"/>
        </TextRegion>
        <TextRegion id="tr_1765537152">
            <Coords points="281,860 1160,860 1160,1748 281,1748"/>
        </TextRegion>
        <TextRegion id="tr_1765537155">
            <Coords points="1333,896 1749,896 1749,1757 1333,1757"/>
        </TextRegion>
        <TextRegion id="tr_1765537150">
            <Coords points="1666,917 2122,917 2122,1580 1666,1580"/>
        </TextRegion>
        <TextRegion id="tr_1765537153">
            <Coords points="2074,892 2527,892 2527,1576 2074,1576"/>
        </TextRegion>
        <TextRegion id="tr_1765537154">
            <Coords points="374,1717 1822,1717 1822,1941 374,1941"/>
        </TextRegion>
    </Page>
</PcGts>
