<?xml version="1.0" encoding="UTF-8" standalone="yes"?>
<PcGts xmlns="http://schema.primaresearch.org/PAGE/gts/pagecontent/2013-07-15">
    <Metadata>
        <Creator>Transkribus</Creator>
        <Created>2025-09-25T13:13:26.371+02:00</Created>
        <LastChange>2025-12-12T12:48:06.519+01:00</LastChange>
    </Metadata>
    <Page imageFilename="p165.jpg" imageWidth="3508" imageHeight="2479">
        <ImageRegion id="r" custom="readingOrder {index:0;}">
            <Coords points="1803,703 2553,703 2553,1740 1803,1740"/>
        </ImageRegion>
    </Page>
</PcGts>
