<?xml version="1.0" encoding="UTF-8" standalone="yes"?>
<PcGts xmlns="http://schema.primaresearch.org/PAGE/gts/pagecontent/2013-07-15">
    <Metadata>
        <Creator>Transkribus</Creator>
        <Created>2025-12-12T11:59:05.717603</Created>
        <LastChange>2025-12-12T11:59:34.257+01:00</LastChange>
    </Metadata>
    <Page imageFilename="106776741_166_p166.jpg" imageWidth="3508" imageHeight="2479">
        <TextRegion id="tr_1765537160">
            <Coords points="297,564 2543,564 2543,897 297,897"/>
        </TextRegion>
        <TextRegion id="tr_1765537159">
            <Coords points="286,902 1170,902 1170,1743 286,1743"/>
        </TextRegion>
        <TextRegion id="tr_1765537162">
            <Coords points="1657,916 2141,916 2141,1576 1657,1576"/>
        </TextRegion>
        <TextRegion id="tr_1765537161">
            <Coords points="2103,908 2565,908 2565,1536 2103,1536"/>
        </TextRegion>
        <TextRegion id="tr_1765537163">
            <Coords points="333,1708 1813,1708 1813,1943 333,1943"/>
        </TextRegion>
    </Page>
</PcGts>
