<?xml version="1.0" encoding="UTF-8" standalone="yes"?>
<PcGts xmlns="http://schema.primaresearch.org/PAGE/gts/pagecontent/2013-07-15">
    <Metadata>
        <Creator>Transkribus</Creator>
        <Created>2025-09-25T13:13:26.639+02:00</Created>
        <LastChange>2025-12-12T12:48:37.613+01:00</LastChange>
    </Metadata>
    <Page imageFilename="p167.jpg" imageWidth="3508" imageHeight="2479">
        <ImageRegion id="r" custom="readingOrder {index:0;}">
            <Coords points="1467,336 2589,336 2589,1758 1467,1758"/>
        </ImageRegion>
    </Page>
</PcGts>
