<?xml version="1.0" encoding="UTF-8" standalone="yes"?>
<PcGts xmlns="http://schema.primaresearch.org/PAGE/gts/pagecontent/2013-07-15">
    <Metadata>
        <Creator>Transkribus</Creator>
        <Created>2025-12-12T11:59:05.717603</Created>
        <LastChange>2025-12-12T11:59:34.383+01:00</LastChange>
    </Metadata>
    <Page imageFilename="106776859_168_p168.jpg" imageWidth="3508" imageHeight="2479">
        <TextRegion id="tr_1765537156">
            <Coords points="390,560 2661,560 2661,907 390,907"/>
        </TextRegion>
        <TextRegion id="tr_1765537159">
            <Coords points="378,928 1250,928 1250,1749 378,1749"/>
        </TextRegion>
        <TextRegion id="tr_1765537160">
            <Coords points="1206,914 1468,914 1468,1752 1206,1752"/>
        </TextRegion>
        <TextRegion id="tr_1765537162">
            <Coords points="1425,937 1851,937 1851,1562 1425,1562"/>
        </TextRegion>
        <TextRegion id="tr_1765537157">
            <Coords points="1776,920 2255,920 2255,1529 1776,1529"/>
        </TextRegion>
        <TextRegion id="tr_1765537158">
            <Coords points="2201,924 2663,924 2663,1556 2201,1556"/>
        </TextRegion>
        <TextRegion id="tr_1765537161">
            <Coords points="414,1707 1545,1707 1545,1947 414,1947"/>
        </TextRegion>
    </Page>
</PcGts>
