<?xml version="1.0" encoding="UTF-8" standalone="yes"?>
<PcGts xmlns="http://schema.primaresearch.org/PAGE/gts/pagecontent/2013-07-15">
    <Metadata>
        <Creator>Transkribus</Creator>
        <Created>2025-09-25T13:13:26.867+02:00</Created>
        <LastChange>2025-12-12T12:48:53.539+01:00</LastChange>
    </Metadata>
    <Page imageFilename="p169.jpg" imageWidth="3508" imageHeight="2479">
        <ImageRegion id="r" custom="readingOrder {index:0;}">
            <Coords points="1889,456 2444,456 2444,1259 1889,1259"/>
        </ImageRegion>
    </Page>
</PcGts>
