<?xml version="1.0" encoding="UTF-8" standalone="yes"?>
<PcGts xmlns="http://schema.primaresearch.org/PAGE/gts/pagecontent/2013-07-15">
    <Metadata>
        <Creator>Transkribus</Creator>
        <Created>2025-12-12T11:59:05.717603</Created>
        <LastChange>2025-12-12T11:59:34.526+01:00</LastChange>
    </Metadata>
    <Page imageFilename="106776860_170_p170.jpg" imageWidth="3508" imageHeight="2479">
        <TextRegion id="tr_1765537165">
            <Coords points="380,578 2676,578 2676,940 380,940"/>
        </TextRegion>
        <TextRegion id="tr_1765537164">
            <Coords points="377,894 1218,894 1218,1788 377,1788"/>
        </TextRegion>
        <TextRegion id="tr_1765537167">
            <Coords points="1213,939 1465,939 1465,1784 1213,1784"/>
        </TextRegion>
        <TextRegion id="tr_1765537166">
            <Coords points="1473,949 1857,949 1857,1801 1473,1801"/>
        </TextRegion>
        <TextRegion id="tr_1765537161">
            <Coords points="1826,960 2250,960 2250,1821 1826,1821"/>
        </TextRegion>
        <TextRegion id="tr_1765537162">
            <Coords points="2229,970 2706,970 2706,1813 2229,1813"/>
        </TextRegion>
        <TextRegion id="tr_1765537163">
            <Coords points="364,1784 2663,1784 2663,1969 364,1969"/>
        </TextRegion>
    </Page>
</PcGts>
