<?xml version="1.0" encoding="UTF-8" standalone="yes"?>
<PcGts xmlns="http://schema.primaresearch.org/PAGE/gts/pagecontent/2013-07-15">
    <Metadata>
        <Creator>Transkribus</Creator>
        <Created>2025-09-25T13:13:27.086+02:00</Created>
        <LastChange>2025-12-12T12:49:14.041+01:00</LastChange>
    </Metadata>
    <Page imageFilename="p171.jpg" imageWidth="3508" imageHeight="2479">
        <ImageRegion id="r" custom="readingOrder {index:0;}">
            <Coords points="359,502 1106,502 1106,1567 359,1567"/>
        </ImageRegion>
    </Page>
</PcGts>
