<?xml version="1.0" encoding="UTF-8" standalone="yes"?>
<PcGts xmlns="http://schema.primaresearch.org/PAGE/gts/pagecontent/2013-07-15">
    <Metadata>
        <Creator>Transkribus</Creator>
        <Created>2025-12-12T11:59:05.717603</Created>
        <LastChange>2025-12-12T11:59:34.658+01:00</LastChange>
    </Metadata>
    <Page imageFilename="106776861_172_p172.jpg" imageWidth="3508" imageHeight="2479">
        <TextRegion id="tr_1765537166">
            <Coords points="435,543 2554,543 2554,857 435,857"/>
        </TextRegion>
        <TextRegion id="tr_1765537165">
            <Coords points="389,867 1289,867 1289,1719 389,1719"/>
        </TextRegion>
        <TextRegion id="tr_1765537168">
            <Coords points="1173,870 1425,870 1425,1721 1173,1721"/>
        </TextRegion>
        <TextRegion id="tr_1765537167">
            <Coords points="1419,870 1780,870 1780,1710 1419,1710"/>
        </TextRegion>
        <TextRegion id="tr_1765537164">
            <Coords points="1743,872 2144,872 2144,1703 1743,1703"/>
        </TextRegion>
        <TextRegion id="tr_1765537163">
            <Coords points="2139,874 2592,874 2592,1703 2139,1703"/>
        </TextRegion>
        <TextRegion id="tr_1765537162">
            <Coords points="418,1698 2567,1698 2567,1915 418,1915"/>
        </TextRegion>
    </Page>
</PcGts>
