<?xml version="1.0" encoding="UTF-8" standalone="yes"?>
<PcGts xmlns="http://schema.primaresearch.org/PAGE/gts/pagecontent/2013-07-15">
    <Metadata>
        <Creator>Transkribus</Creator>
        <Created>2025-09-25T13:13:27.309+02:00</Created>
        <LastChange>2025-12-12T12:49:32.040+01:00</LastChange>
    </Metadata>
    <Page imageFilename="p173.jpg" imageWidth="3508" imageHeight="2479">
        <ImageRegion id="r" custom="readingOrder {index:0;}">
            <Coords points="349,495 1117,495 1117,1602 349,1602"/>
        </ImageRegion>
    </Page>
</PcGts>
