<?xml version="1.0" encoding="UTF-8" standalone="yes"?>
<PcGts xmlns="http://schema.primaresearch.org/PAGE/gts/pagecontent/2013-07-15">
    <Metadata>
        <Creator>Transkribus</Creator>
        <Created>2025-12-12T11:59:05.717603</Created>
        <LastChange>2025-12-12T11:59:34.840+01:00</LastChange>
    </Metadata>
    <Page imageFilename="106776862_174_p174.jpg" imageWidth="3508" imageHeight="2479">
        <TextRegion id="tr_1765537155">
            <Coords points="370,549 2697,549 2697,885 370,885"/>
        </TextRegion>
        <TextRegion id="tr_1765537152">
            <Coords points="379,884 1254,884 1254,1745 379,1745"/>
        </TextRegion>
        <TextRegion id="tr_1765537157">
            <Coords points="1223,883 1477,883 1477,1744 1223,1744"/>
        </TextRegion>
        <TextRegion id="tr_1765537156">
            <Coords points="1800,886 2243,886 2243,1733 1800,1733"/>
        </TextRegion>
        <TextRegion id="tr_1765537154">
            <Coords points="2235,885 2717,885 2717,1734 2235,1734"/>
        </TextRegion>
        <TextRegion id="tr_1765537153">
            <Coords points="404,1723 2714,1723 2714,1949 404,1949"/>
        </TextRegion>
    </Page>
</PcGts>
