<?xml version="1.0" encoding="UTF-8" standalone="yes"?>
<PcGts xmlns="http://schema.primaresearch.org/PAGE/gts/pagecontent/2013-07-15">
    <Metadata>
        <Creator>Transkribus</Creator>
        <Created>2025-09-25T13:13:27.653+02:00</Created>
        <LastChange>2025-11-07T14:38:01.144+01:00</LastChange>
    </Metadata>
    <Page imageFilename="p176.jpg" imageWidth="3508" imageHeight="2479">
        <ImageRegion id="r" custom="readingOrder {index:0;}">
            <Coords points="290,163 1126,163 1126,679 290,679"/>
        </ImageRegion>
        <TextRegion id="r_2" custom="readingOrder {index:1;}">
            <Coords points="324,861 1371,861 1371,1742 324,1742"/>
            <TextEquiv>
                <Unicode></Unicode>
            </TextEquiv>
        </TextRegion>
        <TextRegion id="r_1" custom="readingOrder {index:2;}">
            <Coords points="321,528 2664,528 2664,867 321,867"/>
            <TextEquiv>
                <Unicode></Unicode>
            </TextEquiv>
        </TextRegion>
        <TextRegion id="r_3" custom="readingOrder {index:3;}">
            <Coords points="1736,853 2227,853 2227,1720 1736,1720"/>
            <TextEquiv>
                <Unicode></Unicode>
            </TextEquiv>
        </TextRegion>
        <TextRegion id="r_5" custom="readingOrder {index:4;}">
            <Coords points="335,1708 2698,1708 2698,1931 335,1931"/>
            <TextEquiv>
                <Unicode></Unicode>
            </TextEquiv>
        </TextRegion>
        <TextRegion id="r_4" custom="readingOrder {index:5;}">
            <Coords points="2193,858 2695,858 2695,1728 2193,1728"/>
            <TextEquiv>
                <Unicode></Unicode>
            </TextEquiv>
        </TextRegion>
    </Page>
</PcGts>
