<?xml version="1.0" encoding="UTF-8" standalone="yes"?>
<PcGts xmlns="http://schema.primaresearch.org/PAGE/gts/pagecontent/2013-07-15">
    <Metadata>
        <Creator>Transkribus</Creator>
        <Created>2025-09-25T13:13:27.796+02:00</Created>
        <LastChange>2025-12-12T12:49:59.261+01:00</LastChange>
    </Metadata>
    <Page imageFilename="p177.jpg" imageWidth="3508" imageHeight="2479">
        <ImageRegion id="r" custom="readingOrder {index:0;}">
            <Coords points="264,463 1028,463 1028,1563 264,1563"/>
        </ImageRegion>
    </Page>
</PcGts>
