<?xml version="1.0" encoding="UTF-8"?><PcGts xmlns="http://schema.primaresearch.org/PAGE/gts/pagecontent/2013-07-15" xmlns:xsi="http://www.w3.org/2001/XMLSchema-instance" xsi:schemaLocation="http://schema.primaresearch.org/PAGE/gts/pagecontent/2019-07-15 http://schema.primaresearch.org/PAGE/gts/pagecontent/2019-07-15/pagecontent.xsd">
    <Metadata>
        <Creator>Transkribus</Creator>
        <Created>2025-09-25T13:13:27.906+02:00</Created>
        <LastChange>2025-09-25T13:13:27.906+02:00</LastChange>
    </Metadata>
    <Page imageFilename="p178.jpg" imageHeight="2479" imageWidth="3508"/>
</PcGts>
