<?xml version="1.0" encoding="UTF-8" standalone="yes"?>
<PcGts xmlns="http://schema.primaresearch.org/PAGE/gts/pagecontent/2013-07-15">
    <Metadata>
        <Creator>Transkribus</Creator>
        <Created>2025-09-23T14:48:08.386+02:00</Created>
        <LastChange>2025-10-21T17:39:02.961+02:00</LastChange>
    </Metadata>
    <Page imageFilename="p002.jpg" imageWidth="3508" imageHeight="2479">
        <TextRegion id="r" custom="readingOrder {index:0;}">
            <Coords points="384,532 2670,532 2670,872 384,872"/>
            <TextLine id="l" custom="readingOrder {index:0;}">
                <Coords points="529,700 947,697 1085,697 1292,676 1401,686 1597,676 1789,672 1847,661 2038,663 2038,633 1844,631 1786,642 1596,646 1402,656 1292,646 1083,667 947,667 529,670"/>
                <Baseline points="529,700 947,697 1085,697 1292,676 1401,686 1597,676 1789,672 1847,661 2038,663"/>
                <TextEquiv>
                    <Unicode>Alexander Bassano of 25 Old Bond Street</Unicode>
                </TextEquiv>
            </TextLine>
            <TextEquiv>
                <Unicode></Unicode>
            </TextEquiv>
        </TextRegion>
        <ImageRegion id="r_7" custom="readingOrder {index:1;}">
            <Coords points="347,160 1228,160 1228,688 347,688"/>
        </ImageRegion>
        <TextRegion id="r_1" custom="readingOrder {index:2;}">
            <Coords points="382,879 1493,879 1493,1696 382,1696"/>
            <TextLine id="l_1" custom="readingOrder {index:0;}">
                <Coords points="706,943 827,943 927,943 927,913 827,913 706,913"/>
                <Baseline points="706,943 827,943 927,943"/>
                <TextEquiv>
                    <Unicode>Description of Work</Unicode>
                </TextEquiv>
            </TextLine>
            <TextLine id="l_2" custom="readingOrder {index:1;}">
                <Coords points="556,1042 730,1044 966,1037 1106,1028 1104,998 965,1007 730,1014 556,1012"/>
                <Baseline points="556,1042 730,1044 966,1037 1106,1028"/>
                <TextEquiv>
                    <Unicode>Photograph of</Unicode>
                </TextEquiv>
            </TextLine>
            <TextLine id="l_3" custom="readingOrder {index:2;}">
                <Coords points="406,1152 558,1147 664,1142 1021,1135 1020,1105 663,1112 557,1117 405,1122"/>
                <Baseline points="406,1152 558,1147 664,1142 1021,1135"/>
                <TextEquiv>
                    <Unicode>Miss Eastlake</Unicode>
                </TextEquiv>
            </TextLine>
            <TextLine id="l_4" custom="readingOrder {index:3;}">
                <Coords points="386,1289 633,1281 765,1271 888,1271 1056,1266 1366,1255 1365,1225 1055,1236 888,1241 764,1241 631,1251 385,1259"/>
                <Baseline points="386,1289 633,1281 765,1271 888,1271 1056,1266 1366,1255"/>
                <TextEquiv>
                    <Unicode>Seated in Straw bonnet</Unicode>
                </TextEquiv>
            </TextLine>
            <TextLine id="l_5" custom="readingOrder {index:4;}">
                <Coords points="379,1373 493,1361 590,1358 771,1350 861,1343 1075,1338 1139,1333 1403,1326 1402,1296 1137,1303 1073,1308 859,1313 769,1320 589,1328 491,1331 376,1343"/>
                <Baseline points="379,1373 493,1361 590,1358 771,1350 861,1343 1075,1338 1139,1333 1403,1326"/>
                <TextEquiv>
                    <Unicode>profile face, hands clasped</Unicode>
                </TextEquiv>
            </TextLine>
            <TextLine id="l_6" custom="readingOrder {index:5;}">
                <Coords points="406,1450 492,1442 630,1440 947,1424 1052,1417 1170,1417 1245,1412 1441,1408 1440,1378 1244,1382 1169,1387 1051,1387 945,1394 629,1410 490,1412 403,1420"/>
                <Baseline points="406,1450 492,1442 630,1440 947,1424 1052,1417 1170,1417 1245,1412 1441,1408"/>
                <TextEquiv>
                    <Unicode>as if praying lace round</Unicode>
                </TextEquiv>
            </TextLine>
            <TextLine id="l_7" custom="readingOrder {index:6;}">
                <Coords points="424,1520 598,1518 598,1488 424,1490"/>
                <Baseline points="424,1520 598,1518"/>
                <TextEquiv>
                    <Unicode>neck</Unicode>
                </TextEquiv>
            </TextLine>
            <TextLine id="l_8" custom="readingOrder {index:7;}">
                <Coords points="547,1642 702,1631 805,1620 1172,1608 1171,1578 803,1590 699,1601 545,1612"/>
                <Baseline points="547,1642 702,1631 805,1620 1172,1608"/>
                <TextEquiv>
                    <Unicode>Copy annexed</Unicode>
                </TextEquiv>
            </TextLine>
            <TextEquiv>
                <Unicode></Unicode>
            </TextEquiv>
        </TextRegion>
        <TextRegion id="r_2" custom="readingOrder {index:3;}">
            <Coords points="1213,886 1478,886 1478,1690 1213,1690"/>
            <TextEquiv>
                <Unicode></Unicode>
            </TextEquiv>
        </TextRegion>
        <TextRegion id="r_3" custom="readingOrder {index:4;}">
            <Coords points="1463,882 1872,882 1872,1715 1463,1715"/>
            <TextEquiv>
                <Unicode></Unicode>
            </TextEquiv>
        </TextRegion>
        <TextRegion id="r_4" custom="readingOrder {index:5;}">
            <Coords points="1820,870 2226,870 2226,1710 1820,1710"/>
            <TextLine id="l_9" custom="readingOrder {index:0;}">
                <Coords points="1867,931 1927,930 1996,928 2145,927 2193,927 2193,897 2145,897 1995,898 1926,900 1867,901"/>
                <Baseline points="1867,931 1927,930 1996,928 2145,927 2193,927"/>
                <TextEquiv>
                    <Unicode>Name and Place of Abode of</Unicode>
                </TextEquiv>
            </TextLine>
            <TextLine id="l_10" custom="readingOrder {index:1;}">
                <Coords points="1904,955 2010,957 2053,951 2154,951 2154,921 2051,921 2008,927 1905,925"/>
                <Baseline points="1904,955 2010,957 2053,951 2154,951"/>
                <TextEquiv>
                    <Unicode>Proprietor or Copyright</Unicode>
                </TextEquiv>
            </TextLine>
            <TextLine id="l_11" custom="readingOrder {index:2;}">
                <Coords points="1822,1040 2031,1033 2150,1034 2214,1042 2218,1012 2152,1004 2031,1003 1821,1010"/>
                <Baseline points="1822,1040 2031,1033 2150,1034 2214,1042"/>
                <TextEquiv>
                    <Unicode>Alexander Bassano</Unicode>
                </TextEquiv>
            </TextLine>
            <TextLine id="l_12" custom="readingOrder {index:3;}">
                <Coords points="1826,1081 1941,1079 2074,1070 2166,1068 2208,1073 2208,1073 2210,1081 2239,1074 2233,1041 2210,1043 2167,1038 2073,1040 1940,1049 1825,1051"/>
                <Baseline points="1826,1081 1941,1079 2074,1070 2166,1068 2208,1073 2208,1073 2210,1081"/>
                <TextEquiv>
                    <Unicode>25 Old Bond Street</Unicode>
                </TextEquiv>
            </TextLine>
            <TextLine id="l_13" custom="readingOrder {index:4;}">
                <Coords points="1914,1137 2070,1123 2154,1123 2154,1093 2069,1093 1911,1107"/>
                <Baseline points="1914,1137 2070,1123 2154,1123"/>
                <TextEquiv>
                    <Unicode>London</Unicode>
                </TextEquiv>
            </TextLine>
            <TextEquiv>
                <Unicode></Unicode>
            </TextEquiv>
        </TextRegion>
        <TextRegion id="r_5" custom="readingOrder {index:6;}">
            <Coords points="2219,875 2680,875 2680,1720 2219,1720"/>
            <TextLine id="l_14" custom="readingOrder {index:0;}">
                <Coords points="2263,930 2432,927 2584,925 2584,895 2432,897 2262,900"/>
                <Baseline points="2263,930 2432,927 2584,925"/>
                <TextEquiv>
                    <Unicode>Name and Place of Abode of</Unicode>
                </TextEquiv>
            </TextLine>
            <TextLine id="l_15" custom="readingOrder {index:1;}">
                <Coords points="2334,948 2517,946 2517,916 2334,918"/>
                <Baseline points="2334,948 2517,946"/>
                <TextEquiv>
                    <Unicode>Author of Work</Unicode>
                </TextEquiv>
            </TextLine>
            <TextLine id="l_16" custom="readingOrder {index:2;}">
                <Coords points="2228,1034 2410,1043 2478,1036 2619,1046 2673,1058 2680,1029 2623,1016 2478,1006 2409,1013 2229,1004"/>
                <Baseline points="2228,1034 2410,1043 2478,1036 2619,1046 2673,1058"/>
                <TextEquiv>
                    <Unicode>Alexander Bassano</Unicode>
                </TextEquiv>
            </TextLine>
            <TextLine id="l_17" custom="readingOrder {index:3;}">
                <Coords points="2226,1088 2352,1083 2485,1081 2533,1081 2660,1092 2663,1062 2534,1051 2485,1051 2351,1053 2225,1058"/>
                <Baseline points="2226,1088 2352,1083 2485,1081 2533,1081 2660,1092"/>
                <TextEquiv>
                    <Unicode>25 Old Bond Street</Unicode>
                </TextEquiv>
            </TextLine>
            <TextLine id="l_18" custom="readingOrder {index:4;}">
                <Coords points="2343,1147 2467,1145 2598,1145 2598,1115 2467,1115 2343,1117"/>
                <Baseline points="2343,1147 2467,1145 2598,1145"/>
                <TextEquiv>
                    <Unicode>London</Unicode>
                </TextEquiv>
            </TextLine>
            <TextEquiv>
                <Unicode></Unicode>
            </TextEquiv>
        </TextRegion>
        <TextRegion id="r_6" custom="readingOrder {index:7;}">
            <Coords points="387,1685 2674,1685 2674,1903 387,1903"/>
            <TextLine id="l_19" custom="readingOrder {index:0;}">
                <Coords points="544,1766 659,1764 755,1752 813,1754 845,1739 914,1738 973,1768 1052,1766 1090,1764 1201,1759 1403,1762 1579,1766 1580,1736 1404,1732 1201,1729 1089,1734 1051,1736 980,1739 921,1709 838,1710 807,1725 754,1722 657,1734 543,1736"/>
                <Baseline points="544,1766 659,1764 755,1752 813,1754 845,1739 914,1738 973,1768 1052,1766 1090,1764 1201,1759 1403,1762 1579,1766"/>
                <TextEquiv>
                    <Unicode>Dated this 31st day of January 1883</Unicode>
                </TextEquiv>
            </TextLine>
            <TextEquiv>
                <Unicode></Unicode>
            </TextEquiv>
        </TextRegion>
    </Page>
</PcGts>
