<?xml version="1.0" encoding="UTF-8" standalone="yes"?>
<PcGts xmlns="http://schema.primaresearch.org/PAGE/gts/pagecontent/2013-07-15">
    <Metadata>
        <Creator>prov=READ-COOP:name=PyLaia@TranskribusPlatform:version=2.31.0:model_id=53042:lm=none:date=23_09_2025_16:50</Creator>
        <Created>2025-09-23T14:48:09.121+02:00</Created>
        <LastChange>2025-10-03T18:03:35.191+02:00</LastChange>
        <TranskribusMetadata docId="10810400" pageId="103329171" pageNr="4" status="IN_PROGRESS" userId="264985" imgUrl="https://files.transkribus.eu/Get?id=YCNLFOEYDEMZADMEAORMMHEY&amp;fileType=view" imageId="86664092"/>
    </Metadata>
    <Page imageFilename="103329171.jpg" imageWidth="3508" imageHeight="2479">
        <TextRegion id="r" custom="readingOrder {index:0;}">
            <Coords points="317,541 2673,541 2673,877 317,877"/>
            <TextLine id="l_4" custom="readingOrder {index:0;}">
                <Coords points="487,721 888,719 965,710 1254,706 1359,717 1762,710 1801,700 2056,700 2056,670 1797,670 1758,680 1360,687 1255,676 963,680 886,689 487,691"/>
                <Baseline points="487,721 888,719 965,710 1254,706 1359,717 1762,710 1801,700 2056,700"/>
                <TextEquiv>
                    <Unicode>Alexander Bassano of 25 Old Bond Street</Unicode>
                </TextEquiv>
            </TextLine>
            <TextEquiv>
                <Unicode></Unicode>
            </TextEquiv>
        </TextRegion>
        <ImageRegion id="r_8" custom="readingOrder {index:1;}">
            <Coords points="279,169 1149,169 1149,679 279,679"/>
        </ImageRegion>
        <TextRegion id="r_1" custom="readingOrder {index:2;}">
            <Coords points="317,900 1313,900 1313,1749 317,1749"/>
            <TextLine id="r_1_tl_1" custom="readingOrder {index:0;} structure {type:heading;}">
                <Coords points="645,972 675,985 716,983 727,994 752,983 796,985 815,1005 829,1005 848,985 903,983 903,931 862,944 837,928 645,928"/>
                <Baseline points="660,970 704,970 749,973 794,970 839,970 884,973 907,970"/>
                <TextEquiv>
                    <Unicode>Description of Work.</Unicode>
                </TextEquiv>
            </TextLine>
            <TextLine id="r_1_tl_2" custom="readingOrder {index:1;}">
                <Coords points="483,1109 678,1106 711,1134 771,1109 813,1134 884,1101 928,1145 1007,1156 1079,1128 1082,991 1002,1005 848,985 815,1005 796,985 634,983 486,1005"/>
                <Baseline points="498,1096 504,1099 549,1099 594,1099 639,1096 683,1096 728,1093 773,1093 818,1093 863,1090 907,1090 952,1090 997,1090 1042,1090 1087,1087"/>
                <TextEquiv>
                    <Unicode>Photograph of</Unicode>
                </TextEquiv>
            </TextLine>
            <TextLine id="r_1_tl_3" custom="readingOrder {index:2;}">
                <Coords points="296,1263 489,1216 544,1235 612,1213 656,1243 705,1216 777,1263 867,1211 961,1243 963,1172 878,1156 837,1114 667,1172 579,1112 497,1167 360,1079 302,1093"/>
                <Baseline points="313,1227 340,1221 385,1218 430,1215 474,1215 519,1209 564,1209 609,1209 654,1206 698,1203 743,1203 788,1203 833,1200 878,1200 922,1200 967,1197"/>
                <TextEquiv>
                    <Unicode>Miss. Eastlake</Unicode>
                </TextEquiv>
            </TextLine>
            <TextLine id="r_1_tl_4" custom="readingOrder {index:3;}">
                <Coords points="316,1400 472,1362 546,1386 876,1348 936,1394 1016,1351 1117,1394 1120,1246 1051,1293 983,1249 895,1318 736,1287 579,1304 469,1246 318,1265"/>
                <Baseline points="331,1361 364,1361 409,1361 453,1358 498,1355 543,1352 588,1355 633,1352 677,1352 722,1352 767,1350 812,1350 857,1350 901,1347 946,1344 991,1344 1036,1344 1081,1344 1126,1341"/>
                <TextEquiv>
                    <Unicode>Seated, head lying</Unicode>
                </TextEquiv>
            </TextLine>
            <TextLine id="r_1_tl_5" custom="readingOrder {index:4;}">
                <Coords points="321,1436 480,1463 568,1441 607,1471 752,1425 974,1452 1178,1430 1178,1370 1073,1397 1018,1351 953,1394 848,1364 802,1392 557,1378 480,1405 436,1370 395,1400 321,1392"/>
                <Baseline points="337,1433 379,1433 424,1433 468,1430 513,1430 558,1433 603,1430 648,1430 692,1430 737,1427 782,1424 827,1424 872,1424 916,1424 961,1421 1006,1421 1051,1418 1096,1418 1140,1421 1185,1421"/>
                <TextEquiv>
                    <Unicode>on arms over back</Unicode>
                </TextEquiv>
            </TextLine>
            <TextLine id="r_1_tl_6" custom="readingOrder {index:5;}">
                <Coords points="313,1554 497,1518 598,1548 711,1507 777,1532 884,1502 1257,1510 1260,1419 1043,1463 900,1425 813,1471 316,1441"/>
                <Baseline points="328,1511 367,1511 412,1511 456,1508 501,1505 546,1505 591,1505 636,1505 680,1505 725,1505 770,1502 815,1502 860,1499 904,1496 949,1493 994,1493 1039,1490 1084,1490 1128,1490 1173,1490 1218,1490 1263,1487"/>
                <TextEquiv>
                    <Unicode>of chair in hood nearly</Unicode>
                </TextEquiv>
            </TextLine>
            <TextLine id="r_1_tl_7" custom="readingOrder {index:6;}">
                <Coords points="313,1628 357,1622 406,1592 442,1592 469,1620 505,1592 527,1609 601,1589 681,1614 684,1543 590,1548 552,1526 494,1518 417,1551 376,1540 346,1562 316,1556"/>
                <Baseline points="328,1594 331,1594 376,1591 421,1591 465,1588 510,1585 555,1585 600,1585 645,1585 689,1582"/>
                <TextEquiv>
                    <Unicode>full face.</Unicode>
                </TextEquiv>
            </TextLine>
            <TextLine id="r_1_tl_8" custom="readingOrder {index:7;}">
                <Coords points="431,1694 516,1735 673,1688 725,1721 818,1680 1035,1691 1060,1685 1062,1573 999,1573 947,1622 895,1631 760,1633 738,1606 684,1606 615,1642 571,1592 431,1633"/>
                <Baseline points="445,1687 483,1684 528,1681 573,1681 618,1678 663,1678 707,1675 752,1675 797,1669 842,1666 887,1663 931,1666 976,1666 1021,1666 1066,1669"/>
                <TextEquiv>
                    <Unicode>Copy. annexed</Unicode>
                </TextEquiv>
            </TextLine>
            <TextEquiv>
                <Unicode></Unicode>
            </TextEquiv>
        </TextRegion>
        <TextRegion id="r_2" custom="readingOrder {index:3;}">
            <Coords points="1174,913 1429,913 1429,1754 1174,1754"/>
            <TextLine id="r_2_tl_1" custom="readingOrder {index:0;}">
                <Coords points="1183,966 1213,972 1222,963 1372,961 1400,969 1400,922 1334,920 1315,928 1282,917 1268,925 1183,922"/>
                <Baseline points="1197,955 1242,958 1287,958 1332,955 1376,955 1403,955"/>
                <TextEquiv>
                    <Unicode>Date of Agreement</Unicode>
                </TextEquiv>
            </TextLine>
            <TextLine id="r_2_tl_2" custom="readingOrder {index:1;}">
                <Coords points="1200,994 1285,994 1293,1002 1307,1002 1315,994 1381,996 1381,963 1318,963 1315,958 1309,963 1282,958 1276,963 1257,958 1252,963 1200,963"/>
                <Baseline points="1215,985 1254,982 1299,982 1344,982 1388,982"/>
                <TextEquiv>
                    <Unicode>or Assignment</Unicode>
                </TextEquiv>
            </TextLine>
            <TextEquiv>
                <Unicode></Unicode>
            </TextEquiv>
        </TextRegion>
        <TextRegion id="r_3" custom="readingOrder {index:4;}">
            <Coords points="1429,906 1821,906 1821,1754 1429,1754"/>
            <TextLine id="r_3_tl_1" custom="readingOrder {index:0;}">
                <Coords points="1430,999 1458,1005 1482,983 1548,983 1603,1002 1652,983 1694,991 1713,1013 1740,988 1798,980 1798,939 1754,947 1685,925 1650,944 1625,922 1430,922"/>
                <Baseline points="1445,967 1487,967 1532,970 1577,970 1621,967 1666,967 1711,967 1756,964 1801,964"/>
                <TextEquiv>
                    <Unicode>Names of Parties to Agreement.</Unicode>
                </TextEquiv>
            </TextLine>
            <TextEquiv>
                <Unicode></Unicode>
            </TextEquiv>
        </TextRegion>
        <TextRegion id="r_5" custom="readingOrder {index:5;}">
            <Coords points="1729,895 2200,895 2200,1767 1729,1767"/>
            <TextLine id="r_5_tl_1" custom="readingOrder {index:0;}">
                <Coords points="1831,977 1911,953 2141,955 2171,972 2171,917 1831,917"/>
                <Baseline points="1845,952 1863,949 1908,949 1953,949 1998,949 2042,949 2087,949 2132,949 2177,949"/>
                <TextEquiv>
                    <Unicode>Name and Place of Abode of</Unicode>
                </TextEquiv>
            </TextLine>
            <TextLine id="r_5_tl_2" custom="readingOrder {index:1;}">
                <Coords points="1856,988 1916,994 1932,1007 1996,983 2045,999 2147,988 2147,955 1856,958"/>
                <Baseline points="1872,976 1917,976 1962,976 2007,976 2051,979 2096,979 2141,976 2153,976"/>
                <TextEquiv>
                    <Unicode>Proprictor of Copyright.</Unicode>
                </TextEquiv>
            </TextLine>
            <TextLine id="l_1" custom="readingOrder {index:2;}">
                <Coords points="2198,1060 1930,1054 1707,1084 1707,1007 1814,955 1932,1007 2119,999 2198,958"/>
                <Baseline points="1723,1060 1768,1057 1812,1057 1857,1054 1902,1054 1947,1051 1992,1054 2036,1054 2081,1054 2126,1054 2171,1063 2198,1059"/>
                <TextEquiv>
                    <Unicode>Alexander Bassano</Unicode>
                </TextEquiv>
            </TextLine>
            <TextLine id="l_3" custom="readingOrder {index:3;}">
                <Coords points="2198,1125 2070,1098 1732,1136 1732,1079 2198,1062"/>
                <Baseline points="1747,1102 1762,1099 1806,1099 1851,1096 1896,1096 1941,1096 1986,1093 2030,1093 2075,1093 2120,1093 2165,1096 2198,1096"/>
                <TextEquiv>
                    <Unicode>25 Old Bond Street </Unicode>
                </TextEquiv>
            </TextLine>
            <TextLine id="r_5_tl_4" custom="readingOrder {index:4;}">
                <Coords points="1869,1191 1902,1180 1922,1186 1954,1158 1974,1172 1996,1161 2034,1186 2061,1167 2111,1164 2133,1189 2149,1189 2152,1109 2094,1117 2081,1103 2051,1101 2015,1117 1998,1101 1957,1095 1872,1125"/>
                <Baseline points="1884,1158 1887,1158 1932,1155 1977,1152 2022,1152 2066,1149 2111,1146 2156,1149"/>
                <TextEquiv>
                    <Unicode>London</Unicode>
                </TextEquiv>
            </TextLine>
            <TextLine id="r_5_tl_5" custom="readingOrder {index:5;}">
                <Coords points="1913,1254 1943,1254 1954,1268 1968,1260 1993,1260 2015,1279 2034,1279 2042,1183 2029,1183 2018,1169 2007,1172 1998,1164 1979,1172 1963,1161 1949,1161 1938,1169 1922,1167"/>
                <Baseline points="1935,1224 1956,1218 2001,1215 2045,1212"/>
                <TextEquiv>
                    <Unicode>W</Unicode>
                </TextEquiv>
            </TextLine>
            <TextEquiv>
                <Unicode></Unicode>
            </TextEquiv>
        </TextRegion>
        <TextRegion id="r_6" custom="readingOrder {index:6;}">
            <Coords points="2200,890 2670,890 2670,1767 2200,1767"/>
            <TextLine id="r_6_tl_1" custom="readingOrder {index:0;}">
                <Coords points="2229,969 2460,947 2545,966 2583,961 2583,867 2514,870 2503,859 2451,878 2424,870 2369,917 2347,898 2229,917"/>
                <Baseline points="2243,946 2287,949 2332,949 2377,949 2422,946 2467,946 2511,946 2556,949 2586,946"/>
                <TextEquiv>
                    <Unicode>Name and Place of Abode of</Unicode>
                </TextEquiv>
            </TextLine>
            <TextLine id="r_6_tl_2" custom="readingOrder {index:1;}">
                <Coords points="2298,983 2350,994 2358,985 2407,988 2429,980 2476,1005 2492,991 2506,991 2509,953 2468,953 2462,947 2413,953 2407,947 2402,953 2300,955"/>
                <Baseline points="2314,973 2335,973 2380,970 2425,970 2470,970 2514,970"/>
                <TextEquiv>
                    <Unicode>Author of Work.</Unicode>
                </TextEquiv>
            </TextLine>
            <TextLine id="l" custom="readingOrder {index:2;}">
                <Coords points="2198,958 2207,953 2295,994 2545,972 2652,999 2652,1071 2198,1060"/>
                <Baseline points="2198,1059 2216,1057 2260,1057 2305,1054 2350,1054 2395,1048 2440,1051 2484,1048 2529,1054 2574,1057 2619,1066 2658,1072"/>
                <TextEquiv>
                    <Unicode>Alexander Bassano</Unicode>
                </TextEquiv>
            </TextLine>
            <TextLine id="l_2" custom="readingOrder {index:3;}">
                <Coords points="2198,1062 2402,1054 2632,1068 2652,1106 2487,1095 2358,1153 2309,1106 2251,1136 2198,1125"/>
                <Baseline points="2198,1096 2210,1096 2254,1096 2299,1096 2344,1093 2389,1090 2434,1090 2479,1090 2523,1090 2568,1093 2613,1099 2658,1096"/>
                <TextEquiv>
                    <Unicode>25 Old Bond Street</Unicode>
                </TextEquiv>
            </TextLine>
            <TextLine id="r_6_tl_4" custom="readingOrder {index:4;}">
                <Coords points="2311,1180 2517,1161 2572,1169 2597,1158 2597,1112 2534,1123 2509,1098 2487,1095 2429,1114 2399,1093 2311,1109"/>
                <Baseline points="2326,1161 2332,1158 2377,1158 2422,1155 2467,1155 2511,1152 2556,1155 2601,1155"/>
                <TextEquiv>
                    <Unicode>London</Unicode>
                </TextEquiv>
            </TextLine>
            <TextLine id="r_6_tl_5" custom="readingOrder {index:5;}">
                <Coords points="2399,1252 2446,1254 2457,1246 2476,1252 2498,1252 2498,1167 2470,1164 2399,1167"/>
                <Baseline points="2413,1218 2416,1218 2461,1215 2505,1215"/>
                <TextEquiv>
                    <Unicode>W</Unicode>
                </TextEquiv>
            </TextLine>
            <TextEquiv>
                <Unicode></Unicode>
            </TextEquiv>
        </TextRegion>
        <TextRegion id="r_4" custom="readingOrder {index:7;}">
            <Coords points="1734,906 1821,906 1821,911 1734,911"/>
            <TextEquiv>
                <Unicode></Unicode>
            </TextEquiv>
        </TextRegion>
        <TextRegion id="r_7" custom="readingOrder {index:8;}">
            <Coords points="327,1717 2628,1717 2628,1941 327,1941"/>
            <TextLine id="r_7_tl_1" custom="readingOrder {index:0;}">
                <Coords points="472,1834 878,1792 1002,1847 1098,1806 1296,1853 1567,1809 1534,1696 472,1724"/>
                <Baseline points="486,1798 531,1798 576,1798 621,1798 666,1801 710,1801 755,1803 800,1801 845,1803 890,1801 934,1795 979,1798 1024,1798 1069,1798 1114,1801 1158,1803 1203,1806 1248,1803 1293,1803 1338,1803 1382,1803 1427,1801 1472,1798 1517,1801 1562,1801 1574,1801"/>
                <TextEquiv>
                    <Unicode>31st January 1883</Unicode>
                </TextEquiv>
            </TextLine>
            <TextEquiv>
                <Unicode></Unicode>
            </TextEquiv>
        </TextRegion>
    </Page>
</PcGts>
