<?xml version="1.0" encoding="UTF-8" standalone="yes"?>
<PcGts xmlns="http://schema.primaresearch.org/PAGE/gts/pagecontent/2013-07-15">
    <Metadata>
        <Creator>prov=READ-COOP:name=PyLaia@TranskribusPlatform:version=2.31.0:model_id=53042:lm=none:date=23_09_2025_17:09</Creator>
        <Created>2025-09-23T14:48:09.750+02:00</Created>
        <LastChange>2025-10-03T18:04:49.952+02:00</LastChange>
        <TranskribusMetadata docId="10810400" pageId="103329367" pageNr="6" status="IN_PROGRESS" userId="264985" imgUrl="https://files.transkribus.eu/Get?id=DHUZJDIRFDVNCVYLHMUSEXBR&amp;fileType=view" imageId="86664003"/>
    </Metadata>
    <Page imageFilename="103329367.jpg" imageWidth="3508" imageHeight="2479">
        <ImageRegion id="r_5" custom="readingOrder {index:0;}">
            <Coords points="171,164 1067,164 1067,713 171,713"/>
        </ImageRegion>
        <TextRegion id="r" custom="readingOrder {index:1;}">
            <Coords points="308,553 2594,553 2594,910 308,910"/>
            <TextLine id="l_5" custom="readingOrder {index:0;}">
                <Coords points="1970,722 1293,731 1296,688 1384,635 1657,669 1797,616 1898,675 1970,645"/>
                <Baseline points="1308,725 1314,725 1358,734 1403,731 1448,731 1493,728 1538,728 1582,725 1627,722 1672,719 1717,716 1762,713 1806,710 1851,710 1896,710 1941,707 1970,707"/>
                <TextEquiv>
                    <Unicode>25 Old Bond Street</Unicode>
                </TextEquiv>
            </TextLine>
            <TextEquiv>
                <Unicode></Unicode>
            </TextEquiv>
        </TextRegion>
        <TextRegion id="r_1" custom="readingOrder {index:2;}">
            <Coords points="308,927 1210,927 1210,1774 308,1774"/>
            <TextLine id="r_1_tl_2" custom="readingOrder {index:0;}">
                <Coords points="613,1023 734,1036 763,1020 785,1036 806,1034 817,1047 846,1031 865,1036 865,959 838,967 817,959 661,964 645,972 613,964"/>
                <Baseline points="627,1012 648,1012 692,1009 737,1009 782,1006 827,1006 872,1006"/>
                <TextEquiv>
                    <Unicode>Description of Work.</Unicode>
                </TextEquiv>
            </TextLine>
            <TextLine id="r_1_tl_4" custom="readingOrder {index:1;}">
                <Coords points="485,1125 632,1106 691,1149 720,1127 752,1149 785,1125 865,1138 934,1103 1007,1133 1090,1092 1090,996 910,993 819,1047 763,1020 685,1036 608,1004 490,1009"/>
                <Baseline points="501,1108 513,1105 558,1102 603,1102 648,1099 692,1096 737,1093 782,1093 827,1093 872,1090 916,1090 961,1093 1006,1087 1051,1084 1096,1081"/>
                <TextEquiv>
                    <Unicode>Photograph of</Unicode>
                </TextEquiv>
            </TextLine>
            <TextLine id="r_1_tl_5" custom="readingOrder {index:2;}">
                <Coords points="305,1229 696,1224 814,1202 908,1224 913,1125 830,1146 785,1125 693,1154 632,1106 546,1162 452,1165 426,1135 378,1130 308,1175"/>
                <Baseline points="319,1215 334,1212 379,1212 424,1212 468,1212 513,1209 558,1209 603,1206 648,1203 692,1200 737,1197 782,1194 827,1194 872,1191 916,1188"/>
                <TextEquiv>
                    <Unicode>Miss Eastlake</Unicode>
                </TextEquiv>
            </TextLine>
            <TextLine id="l_4" custom="readingOrder {index:3;}">
                <Coords points="848,1266 918,1266 969,1264 1003,1266 1013,1306 1044,1306 1097,1305 1097,1305 1097,1275 1097,1275 1044,1276 1036,1277 1028,1235 969,1234 917,1236 848,1236"/>
                <Baseline points="848,1266 918,1266 969,1264 1003,1266 1013,1306 1044,1306 1097,1305 1097,1305"/>
                <TextEquiv>
                    <Unicode>nearly 3/4</Unicode>
                </TextEquiv>
            </TextLine>
            <TextLine id="r_1_tl_8" custom="readingOrder {index:4;}">
                <Coords points="308,1438 742,1384 846,1403 932,1467 1090,1374 1138,1419 1205,1387 1208,1328 1122,1291 1050,1325 983,1296 916,1341 715,1317 482,1374 380,1341 311,1363"/>
                <Baseline points="322,1400 358,1400 403,1397 448,1397 492,1394 537,1391 582,1388 627,1385 672,1382 716,1379 761,1376 806,1373 851,1373 896,1370 940,1370 985,1367 1030,1364 1075,1364 1120,1364 1164,1364 1209,1364"/>
                <TextEquiv>
                    <Unicode>face, in hood, looking</Unicode>
                </TextEquiv>
            </TextLine>
            <TextLine id="r_1_tl_9" custom="readingOrder {index:5;}">
                <Coords points="303,1513 439,1478 544,1515 589,1491 640,1513 710,1467 755,1481 801,1462 806,1390 742,1384 696,1411 669,1395 616,1427 546,1430 479,1406 415,1432 394,1408 305,1438"/>
                <Baseline points="319,1478 361,1475 406,1475 450,1472 495,1469 540,1466 585,1466 630,1463 675,1460 719,1457 764,1454 809,1445"/>
                <TextEquiv>
                    <Unicode>to her right</Unicode>
                </TextEquiv>
            </TextLine>
            <TextLine id="r_1_tl_10" custom="readingOrder {index:6;}">
                <Coords points="477,1706 600,1727 699,1668 736,1700 843,1665 873,1681 897,1663 1095,1665 1098,1596 886,1588 825,1607 801,1582 774,1609 656,1617 544,1545 485,1569"/>
                <Baseline points="492,1681 519,1681 564,1681 609,1678 654,1672 698,1669 743,1666 788,1663 833,1660 878,1657 922,1657 967,1654 1012,1654 1057,1654 1102,1654"/>
                <TextEquiv>
                    <Unicode>Copy Annexed</Unicode>
                </TextEquiv>
            </TextLine>
            <TextEquiv>
                <Unicode></Unicode>
            </TextEquiv>
        </TextRegion>
        <TextRegion id="r_2" custom="readingOrder {index:3;}">
            <Coords points="1712,933 2145,933 2145,1736 1712,1736"/>
            <TextLine id="r_2_tl_1" custom="readingOrder {index:0;}">
                <Coords points="1767,980 1802,985 1829,969 2113,969 2113,924 2027,921 1968,942 1917,924 1866,934 1767,926"/>
                <Baseline points="1783,967 1803,967 1848,964 1893,964 1938,964 1983,964 2028,961 2072,961 2117,961"/>
                <TextEquiv>
                    <Unicode>Name and Place of Abode of</Unicode>
                </TextEquiv>
            </TextLine>
            <TextLine id="r_2_tl_2" custom="readingOrder {index:1;}">
                <Coords points="1797,1001 1837,1004 1853,1017 1869,1004 1901,1017 1947,1001 2080,1012 2075,964 1797,975"/>
                <Baseline points="1812,991 1818,991 1863,994 1908,991 1953,991 1998,991 2042,988 2087,988"/>
                <TextEquiv>
                    <Unicode>Proprietor of Copyright.</Unicode>
                </TextEquiv>
            </TextLine>
            <TextLine id="l_1" custom="readingOrder {index:2;}">
                <Coords points="2156,1072 1698,1087 1700,1015 2118,1009 2156,993"/>
                <Baseline points="1711,1078 1750,1075 1795,1075 1839,1072 1884,1069 1929,1069 1974,1066 2019,1063 2063,1060 2108,1057 2153,1054 2156,1054"/>
                <TextEquiv>
                    <Unicode>Alexander Bassano</Unicode>
                </TextEquiv>
            </TextLine>
            <TextLine id="l_3" custom="readingOrder {index:3;}">
                <Coords points="2144,1111 1708,1122 1708,1084 2144,1067"/>
                <Baseline points="1723,1117 1735,1114 1780,1114 1824,1111 1869,1108 1914,1108 1959,1105 2004,1105 2048,1102 2093,1102 2138,1096 2144,1095"/>
                <TextEquiv>
                    <Unicode>25 Old Bond Street</Unicode>
                </TextEquiv>
            </TextLine>
            <TextLine id="r_2_tl_3" custom="readingOrder {index:4;}">
                <Coords points="1826,1167 1856,1178 1880,1173 1890,1186 1917,1165 1952,1170 1976,1157 2003,1178 2019,1167 2054,1181 2056,1119 2005,1130 1973,1117 1963,1127 1939,1117 1909,1127 1882,1114 1850,1135 1826,1127"/>
                <Baseline points="1842,1158 1881,1158 1926,1155 1971,1152 2016,1149 2060,1149"/>
                <TextEquiv>
                    <Unicode>London</Unicode>
                </TextEquiv>
            </TextLine>
            <TextLine id="r_2_tl_4" custom="readingOrder {index:5;}">
                <Coords points="1888,1210 1901,1210 1914,1221 1925,1218 1936,1224 1971,1213 1976,1218 1992,1218 1995,1162 1968,1159 1944,1175 1941,1170 1936,1173 1933,1167 1914,1167 1904,1173 1890,1170"/>
                <Baseline points="1902,1209 1905,1209 1950,1203 1995,1206"/>
                <TextEquiv>
                    <Unicode>W</Unicode>
                </TextEquiv>
            </TextLine>
            <TextEquiv>
                <Unicode></Unicode>
            </TextEquiv>
        </TextRegion>
        <TextRegion id="r_3" custom="readingOrder {index:4;}">
            <Coords points="2133,936 2604,936 2604,1742 2133,1742"/>
            <TextLine id="r_3_tl_1" custom="readingOrder {index:0;}">
                <Coords points="2155,993 2193,969 2289,953 2324,964 2343,953 2418,956 2471,983 2514,972 2517,910 2482,905 2434,924 2415,908 2394,918 2289,910 2244,929 2158,918"/>
                <Baseline points="2171,958 2204,955 2249,955 2293,952 2338,949 2383,949 2428,952 2473,949 2517,949"/>
                <TextEquiv>
                    <Unicode>Name and Place of Abode of</Unicode>
                </TextEquiv>
            </TextLine>
            <TextLine id="r_3_tl_2" custom="readingOrder {index:1;}">
                <Coords points="2228,991 2343,991 2367,1001 2388,985 2396,993 2439,985 2442,956 2305,961 2289,953 2273,961 2230,961"/>
                <Baseline points="2243,979 2263,979 2308,979 2353,976 2398,976 2443,976"/>
                <TextEquiv>
                    <Unicode>Author of Work.</Unicode>
                </TextEquiv>
            </TextLine>
            <TextLine id="l" custom="readingOrder {index:2;}">
                <Coords points="2156,993 2212,969 2354,1001 2536,985 2594,1007 2594,1058 2156,1072"/>
                <Baseline points="2156,1054 2198,1051 2243,1051 2287,1051 2332,1048 2377,1045 2422,1045 2467,1045 2511,1042 2556,1042 2601,1042"/>
                <TextEquiv>
                    <Unicode>Alexander Bassano</Unicode>
                </TextEquiv>
            </TextLine>
            <TextLine id="l_2" custom="readingOrder {index:3;}">
                <Coords points="2144,1067 2578,1050 2576,1100 2144,1111"/>
                <Baseline points="2144,1095 2183,1090 2228,1090 2272,1087 2317,1084 2362,1084 2407,1084 2452,1084 2496,1081 2541,1081 2586,1081"/>
                <TextEquiv>
                    <Unicode>25 Old Bond Street</Unicode>
                </TextEquiv>
            </TextLine>
            <TextLine id="r_3_tl_5" custom="readingOrder {index:4;}">
                <Coords points="2238,1146 2305,1151 2423,1138 2455,1159 2479,1159 2522,1133 2522,1092 2490,1100 2364,1092 2348,1108 2308,1092 2281,1092 2268,1103 2238,1095"/>
                <Baseline points="2254,1134 2260,1134 2305,1131 2350,1131 2395,1128 2440,1128 2484,1128 2529,1128"/>
                <TextEquiv>
                    <Unicode>London</Unicode>
                </TextEquiv>
            </TextLine>
            <TextLine id="r_3_tl_6" custom="readingOrder {index:5;}">
                <Coords points="2316,1194 2329,1194 2343,1200 2356,1194 2370,1197 2383,1194 2388,1202 2415,1202 2418,1141 2391,1143 2375,1138 2372,1141 2319,1141"/>
                <Baseline points="2332,1188 2377,1185 2422,1185"/>
                <TextEquiv>
                    <Unicode>W</Unicode>
                </TextEquiv>
            </TextLine>
            <TextEquiv>
                <Unicode></Unicode>
            </TextEquiv>
        </TextRegion>
        <TextRegion id="r_4" custom="readingOrder {index:5;}">
            <Coords points="332,1742 2604,1742 2604,1940 332,1940"/>
            <TextLine id="r_4_tl_1" custom="readingOrder {index:0;}">
                <Coords points="466,1866 578,1834 734,1869 857,1799 910,1850 1036,1807 1183,1818 1253,1888 1526,1842 1529,1722 1457,1719 926,1751 884,1716 766,1746 688,1716 469,1799"/>
                <Baseline points="480,1830 504,1827 549,1827 594,1827 639,1827 683,1824 728,1824 773,1824 818,1824 863,1818 907,1815 952,1815 997,1815 1042,1815 1087,1815 1131,1812 1176,1812 1221,1809 1266,1806 1311,1809 1355,1809 1400,1806 1445,1806 1490,1806 1535,1809"/>
                <TextEquiv>
                    <Unicode>31st January 1883</Unicode>
                </TextEquiv>
            </TextLine>
            <TextEquiv>
                <Unicode></Unicode>
            </TextEquiv>
        </TextRegion>
    </Page>
</PcGts>
