<?xml version="1.0" encoding="UTF-8" standalone="yes"?>
<PcGts xmlns="http://schema.primaresearch.org/PAGE/gts/pagecontent/2013-07-15">
    <Metadata>
        <Creator>Transkribus</Creator>
        <Created>2025-09-23T14:48:10.094+02:00</Created>
        <LastChange>2025-10-03T18:05:27.363+02:00</LastChange>
    </Metadata>
    <Page imageFilename="p007.jpg" imageWidth="3508" imageHeight="2479">
        <ImageRegion id="r" custom="readingOrder {index:0;}">
            <Coords points="767,177 2199,177 2199,2319 767,2319"/>
        </ImageRegion>
    </Page>
</PcGts>
