<?xml version="1.0" encoding="UTF-8" standalone="yes"?>
<PcGts xmlns="http://schema.primaresearch.org/PAGE/gts/pagecontent/2013-07-15">
    <Metadata>
        <Creator>Transkribus</Creator>
        <Created>2025-09-23T14:48:10.493+02:00</Created>
        <LastChange>2025-10-03T18:06:33.977+02:00</LastChange>
    </Metadata>
    <Page imageFilename="p008.jpg" imageWidth="3508" imageHeight="2479">
        <TextRegion id="r" custom="readingOrder {index:0;}">
            <Coords points="366,600 2531,600 2531,881 366,881"/>
            <TextLine id="l" custom="readingOrder {index:0;}">
                <Coords points="481,736 714,714 851,705 987,704 1150,698 1149,668 986,674 850,675 712,684 478,706"/>
                <Baseline points="481,736 714,714 851,705 987,704 1150,698"/>
                <TextEquiv>
                    <Unicode>Alexander Bassano</Unicode>
                </TextEquiv>
            </TextLine>
            <TextEquiv>
                <Unicode></Unicode>
            </TextEquiv>
        </TextRegion>
        <ImageRegion id="r_7" custom="readingOrder {index:1;}">
            <Coords points="228,141 1647,141 1647,661 228,661"/>
        </ImageRegion>
        <TextRegion id="r_1" custom="readingOrder {index:2;}">
            <Coords points="371,888 1313,888 1313,1769 371,1769"/>
            <TextLine id="l_1" custom="readingOrder {index:0;}">
                <Coords points="654,957 767,953 814,953 871,953 871,923 814,923 766,923 653,927"/>
                <Baseline points="654,957 767,953 814,953 871,953"/>
                <TextEquiv>
                    <Unicode>Description of Work</Unicode>
                </TextEquiv>
            </TextLine>
            <TextLine id="l_2" custom="readingOrder {index:1;}">
                <Coords points="562,1055 713,1048 890,1042 990,1034 1038,1033 1037,1003 988,1004 888,1012 712,1018 561,1025"/>
                <Baseline points="562,1055 713,1048 890,1042 990,1034 1038,1033"/>
                <TextEquiv>
                    <Unicode>Photograph of</Unicode>
                </TextEquiv>
            </TextLine>
            <TextLine id="l_3" custom="readingOrder {index:2;}">
                <Coords points="384,1165 514,1155 584,1147 728,1139 910,1139 910,1109 727,1109 581,1117 511,1125 382,1135"/>
                <Baseline points="384,1165 514,1155 584,1147 728,1139 910,1139"/>
                <TextEquiv>
                    <Unicode>Miss Eastlake</Unicode>
                </TextEquiv>
            </TextLine>
            <TextLine id="l_4" custom="readingOrder {index:3;}">
                <Coords points="399,1297 508,1289 645,1280 771,1269 868,1264 984,1253 1069,1248 1280,1245 1280,1215 1068,1218 982,1223 866,1234 769,1239 643,1250 506,1259 397,1267"/>
                <Baseline points="399,1297 508,1289 645,1280 771,1269 868,1264 984,1253 1069,1248 1280,1245"/>
                <TextEquiv>
                    <Unicode>Seated in hat and cloak</Unicode>
                </TextEquiv>
            </TextLine>
            <TextLine id="l_5" custom="readingOrder {index:4;}">
                <Coords points="377,1377 506,1363 580,1364 629,1354 730,1347 816,1343 950,1338 1012,1329 1158,1319 1270,1315 1269,1285 1156,1289 1009,1299 947,1308 815,1313 728,1317 625,1324 577,1334 505,1333 374,1347"/>
                <Baseline points="377,1377 506,1363 580,1364 629,1354 730,1347 816,1343 950,1338 1012,1329 1158,1319 1270,1315"/>
                <TextEquiv>
                    <Unicode>nearly full faces hands</Unicode>
                </TextEquiv>
            </TextLine>
            <TextLine id="l_6" custom="readingOrder {index:5;}">
                <Coords points="520,1454 691,1445 793,1437 905,1430 973,1422 1092,1419 1091,1389 971,1392 902,1400 791,1407 689,1415 518,1424"/>
                <Baseline points="520,1454 691,1445 793,1437 905,1430 973,1422 1092,1419"/>
                <TextEquiv>
                    <Unicode>crossed in lap</Unicode>
                </TextEquiv>
            </TextLine>
            <TextLine id="l_7" custom="readingOrder {index:6;}">
                <Coords points="412,1532 519,1516 583,1512 625,1502 731,1502 786,1493 911,1481 1092,1479 1203,1468 1200,1438 1090,1449 909,1451 782,1463 729,1472 622,1472 579,1482 516,1486 408,1502"/>
                <Baseline points="412,1532 519,1516 583,1512 625,1502 731,1502 786,1493 911,1481 1092,1479 1203,1468"/>
                <TextEquiv>
                    <Unicode>under lip indistinct</Unicode>
                </TextEquiv>
            </TextLine>
            <TextLine id="l_8" custom="readingOrder {index:7;}">
                <Coords points="549,1678 678,1662 736,1657 958,1643 1151,1636 1150,1606 957,1613 734,1627 675,1632 545,1648"/>
                <Baseline points="549,1678 678,1662 736,1657 958,1643 1151,1636"/>
                <TextEquiv>
                    <Unicode>Copy annexed</Unicode>
                </TextEquiv>
            </TextLine>
            <TextEquiv>
                <Unicode></Unicode>
            </TextEquiv>
        </TextRegion>
        <TextRegion id="r_2" custom="readingOrder {index:3;}">
            <Coords points="1143,894 1394,894 1394,1766 1143,1766"/>
            <TextEquiv>
                <Unicode></Unicode>
            </TextEquiv>
        </TextRegion>
        <TextRegion id="r_3" custom="readingOrder {index:4;}">
            <Coords points="1384,894 1719,894 1719,1758 1384,1758"/>
            <TextEquiv>
                <Unicode></Unicode>
            </TextEquiv>
        </TextRegion>
        <TextRegion id="r_4" custom="readingOrder {index:5;}">
            <Coords points="1703,896 2101,896 2101,1764 1703,1764"/>
            <TextLine id="l_10" custom="readingOrder {index:0;}">
                <Coords points="1769,926 1823,925 1892,925 1970,922 2075,921 2075,891 1969,892 1891,895 1823,895 1768,896"/>
                <Baseline points="1769,926 1823,925 1892,925 1970,922 2075,921"/>
                <TextEquiv>
                    <Unicode>Name and Place of Abode of</Unicode>
                </TextEquiv>
            </TextLine>
            <TextLine id="l_11" custom="readingOrder {index:1;}">
                <Coords points="1798,948 1898,948 1943,947 2051,945 2050,915 1942,917 1898,918 1798,918"/>
                <Baseline points="1798,948 1898,948 1943,947 2051,945"/>
                <TextEquiv>
                    <Unicode>Proprietor of Copyright</Unicode>
                </TextEquiv>
            </TextLine>
            <TextLine id="l_9" custom="readingOrder {index:2;}">
                <Coords points="1699,1031 1833,1024 1925,1021 1960,1017 2032,1022 2097,1033 2102,1003 2036,992 1959,987 1923,991 1832,994 1697,1001"/>
                <Baseline points="1699,1031 1833,1024 1925,1021 1960,1017 2032,1022 2097,1033"/>
                <TextEquiv>
                    <Unicode>Alexander Bassano</Unicode>
                </TextEquiv>
            </TextLine>
            <TextLine id="l_12" custom="readingOrder {index:3;}">
                <Coords points="1707,1071 1745,1068 1838,1069 1971,1062 2088,1064 2089,1034 1970,1032 1837,1039 1744,1038 1705,1041"/>
                <Baseline points="1707,1071 1745,1068 1838,1069 1971,1062 2088,1064"/>
                <TextEquiv>
                    <Unicode>25 Old Bond Street</Unicode>
                </TextEquiv>
            </TextLine>
            <TextLine id="l_13" custom="readingOrder {index:4;}">
                <Coords points="1839,1116 1959,1112 2014,1107 2063,1111 2065,1081 2014,1077 1957,1082 1838,1086"/>
                <Baseline points="1839,1116 1959,1112 2014,1107 2063,1111"/>
                <TextEquiv>
                    <Unicode>London</Unicode>
                </TextEquiv>
            </TextLine>
            <TextEquiv>
                <Unicode></Unicode>
            </TextEquiv>
        </TextRegion>
        <TextRegion id="r_5" custom="readingOrder {index:6;}">
            <Coords points="2090,894 2563,894 2563,1759 2090,1759"/>
            <TextLine id="l_14" custom="readingOrder {index:0;}">
                <Coords points="2141,914 2201,914 2307,914 2357,912 2459,910 2458,880 2356,882 2306,884 2201,884 2141,884"/>
                <Baseline points="2141,914 2201,914 2307,914 2357,912 2459,910"/>
                <TextEquiv>
                    <Unicode>Name and Place of Abode of</Unicode>
                </TextEquiv>
            </TextLine>
            <TextLine id="l_15" custom="readingOrder {index:1;}">
                <Coords points="2213,940 2302,937 2386,936 2386,906 2301,907 2212,910"/>
                <Baseline points="2213,940 2302,937 2386,936"/>
                <TextEquiv>
                    <Unicode>Author of Work</Unicode>
                </TextEquiv>
            </TextLine>
            <TextLine id="l_16" custom="readingOrder {index:2;}">
                <Coords points="2103,1021 2196,1021 2286,1014 2344,1012 2388,1012 2470,1011 2558,1041 2568,1013 2475,981 2388,982 2343,982 2284,984 2195,991 2103,991"/>
                <Baseline points="2103,1021 2196,1021 2286,1014 2344,1012 2388,1012 2470,1011 2558,1041"/>
                <TextEquiv>
                    <Unicode>Alexander Bassano</Unicode>
                </TextEquiv>
            </TextLine>
            <TextLine id="l_17" custom="readingOrder {index:3;}">
                <Coords points="2101,1064 2142,1061 2229,1056 2335,1054 2381,1054 2523,1051 2522,1021 2381,1024 2335,1024 2228,1026 2140,1031 2099,1034"/>
                <Baseline points="2101,1064 2142,1061 2229,1056 2335,1054 2381,1054 2523,1051"/>
                <TextEquiv>
                    <Unicode>25 Old Bond Street</Unicode>
                </TextEquiv>
            </TextLine>
            <TextLine id="l_18" custom="readingOrder {index:4;}">
                <Coords points="2237,1116 2324,1104 2457,1103 2457,1073 2322,1074 2233,1086"/>
                <Baseline points="2237,1116 2324,1104 2457,1103"/>
                <TextEquiv>
                    <Unicode>London</Unicode>
                </TextEquiv>
            </TextLine>
            <TextEquiv>
                <Unicode></Unicode>
            </TextEquiv>
        </TextRegion>
        <TextRegion id="r_6" custom="readingOrder {index:7;}">
            <Coords points="361,1716 2552,1716 2552,1901 361,1901"/>
            <TextLine id="l_19" custom="readingOrder {index:0;}">
                <Coords points="517,1813 626,1810 674,1810 760,1807 792,1788 864,1777 925,1805 996,1803 1075,1802 1258,1801 1355,1798 1535,1793 1534,1763 1354,1768 1257,1771 1075,1772 995,1773 931,1776 868,1747 782,1760 752,1778 673,1780 626,1780 516,1783"/>
                <Baseline points="517,1813 626,1810 674,1810 760,1807 792,1788 864,1777 925,1805 996,1803 1075,1802 1258,1801 1355,1798 1535,1793"/>
                <TextEquiv>
                    <Unicode>Dated this 31st day of January 1883</Unicode>
                </TextEquiv>
            </TextLine>
            <TextEquiv>
                <Unicode></Unicode>
            </TextEquiv>
        </TextRegion>
    </Page>
</PcGts>
