<?xml version="1.0" encoding="UTF-8" standalone="yes"?>
<PcGts xmlns="http://schema.primaresearch.org/PAGE/gts/pagecontent/2013-07-15">
    <Metadata>
        <Creator>Transkribus</Creator>
        <Created>2025-09-23T14:48:10.795+02:00</Created>
        <LastChange>2025-09-25T15:52:23.340+02:00</LastChange>
    </Metadata>
    <Page imageFilename="p009.jpg" imageWidth="3508" imageHeight="2479">
        <TextRegion id="r" custom="readingOrder {index:0;}">
            <Coords points="345,600 2627,600 2627,889 345,889"/>
            <TextLine id="l" custom="readingOrder {index:0;}">
                <Coords points="483,719 593,717 696,714 746,714 746,684 696,684 592,687 482,689"/>
                <Baseline points="483,719 593,717 696,714 746,714"/>
                <TextEquiv>
                    <Unicode>I, J. C. Cohen</Unicode>
                </TextEquiv>
            </TextLine>
            <TextLine id="l_1" custom="readingOrder {index:1;}">
                <Coords points="1358,706 1419,704 1509,703 1675,701 1701,701 1849,697 1878,693 1949,697 1970,697 2026,710 2033,681 1973,667 1950,667 1877,663 1847,667 1701,671 1675,671 1509,673 1418,674 1357,676"/>
                <Baseline points="1358,706 1419,704 1509,703 1675,701 1701,701 1849,697 1878,693 1949,697 1970,697 2026,710"/>
                <TextEquiv>
                    <Unicode>of 5 Southwick Crescent Hyde Park</Unicode>
                </TextEquiv>
            </TextLine>
            <TextEquiv>
                <Unicode></Unicode>
            </TextEquiv>
        </TextRegion>
        <TextRegion id="r_1" custom="readingOrder {index:1;}">
            <Coords points="342,897 1187,897 1187,1745 342,1745"/>
            <TextLine id="l_2" custom="readingOrder {index:0;}">
                <Coords points="385,1097 475,1091 680,1093 776,1088 774,1058 679,1063 474,1061 383,1067"/>
                <Baseline points="385,1097 475,1091 680,1093 776,1088"/>
                <TextEquiv>
                    <Unicode>a Photograph of</Unicode>
                </TextEquiv>
            </TextLine>
            <TextLine id="l_3" custom="readingOrder {index:1;}">
                <Coords points="438,1163 546,1163 648,1163 648,1133 546,1133 438,1133"/>
                <Baseline points="438,1163 546,1163 648,1163"/>
                <TextEquiv>
                    <Unicode>a swan</Unicode>
                </TextEquiv>
            </TextLine>
            <TextLine id="l_4" custom="readingOrder {index:2;}">
                <Coords points="616,1136 687,1131 800,1123 798,1093 685,1101 614,1106"/>
                <Baseline points="616,1136 687,1131 800,1123"/>
                <TextEquiv>
                    <Unicode>(side view)</Unicode>
                </TextEquiv>
            </TextLine>
            <TextLine id="l_5" custom="readingOrder {index:3;}">
                <Coords points="712,1167 770,1160 902,1154 1073,1157 1074,1127 902,1124 768,1130 708,1137"/>
                <Baseline points="712,1167 770,1160 902,1154 1073,1157"/>
                <TextEquiv>
                    <Unicode>in water</Unicode>
                </TextEquiv>
            </TextLine>
            <TextLine id="l_6" custom="readingOrder {index:4;}">
                <Coords points="453,1237 521,1237 668,1238 729,1241 772,1236 898,1240 1025,1248 1027,1218 899,1210 771,1206 728,1211 669,1208 521,1207 453,1207"/>
                <Baseline points="453,1237 521,1237 668,1238 729,1241 772,1236 898,1240 1025,1248"/>
                <TextEquiv>
                    <Unicode>near bank of Serpentine</Unicode>
                </TextEquiv>
            </TextLine>
            <TextEquiv>
                <Unicode></Unicode>
            </TextEquiv>
        </TextRegion>
        <TextRegion id="r_2" custom="readingOrder {index:2;}">
            <Coords points="1191,895 1433,895 1433,1752 1191,1752"/>
            <TextEquiv>
                <Unicode></Unicode>
            </TextEquiv>
        </TextRegion>
        <TextRegion id="r_3" custom="readingOrder {index:3;}">
            <Coords points="1434,897 1808,897 1808,1745 1434,1749"/>
            <TextEquiv>
                <Unicode></Unicode>
            </TextEquiv>
        </TextRegion>
        <TextRegion id="r_4" custom="readingOrder {index:4;}">
            <Coords points="1806,899 2268,899 2268,1728 1806,1728"/>
            <TextLine id="l_7" custom="readingOrder {index:0;}">
                <Coords points="1833,956 1884,952 1943,951 2012,949 2110,949 2151,945 2148,915 2109,919 2012,919 1942,921 1883,922 1831,926"/>
                <Baseline points="1833,956 1884,952 1943,951 2012,949 2110,949 2151,945"/>
                <TextEquiv>
                    <Unicode>Name and Place of Abode of</Unicode>
                </TextEquiv>
            </TextLine>
            <TextLine id="l_8" custom="readingOrder {index:1;}">
                <Coords points="1869,977 1968,976 2012,974 2122,973 2122,943 2011,944 1967,946 1869,947"/>
                <Baseline points="1869,977 1968,976 2012,974 2122,973"/>
                <TextEquiv>
                    <Unicode>Propietor of Copyright</Unicode>
                </TextEquiv>
            </TextLine>
            <TextLine id="l_9" custom="readingOrder {index:2;}">
                <Coords points="1840,1157 1917,1149 2066,1150 2066,1120 1916,1119 1837,1127"/>
                <Baseline points="1840,1157 1917,1149 2066,1150"/>
                <TextEquiv>
                    <Unicode>Justinian</Unicode>
                </TextEquiv>
            </TextLine>
            <TextLine id="l_10" custom="readingOrder {index:3;}">
                <Coords points="1827,1226 1943,1214 2009,1214 2087,1221 2149,1223 2150,1193 2089,1191 2010,1184 1941,1184 1824,1196"/>
                <Baseline points="1827,1226 1943,1214 2009,1214 2087,1221 2149,1223"/>
                <TextEquiv>
                    <Unicode>Charles Cohen</Unicode>
                </TextEquiv>
            </TextLine>
            <TextLine id="l_11" custom="readingOrder {index:4;}">
                <Coords points="1826,1294 1887,1283 1995,1285 2103,1276 2139,1283 2231,1304 2238,1275 2145,1254 2105,1246 1994,1255 1885,1253 1821,1264"/>
                <Baseline points="1826,1294 1887,1283 1995,1285 2103,1276 2139,1283 2231,1304"/>
                <TextEquiv>
                    <Unicode>5 Southwick Crescent</Unicode>
                </TextEquiv>
            </TextLine>
            <TextLine id="l_12" custom="readingOrder {index:5;}">
                <Coords points="1949,1348 2021,1348 2080,1343 2189,1352 2191,1322 2080,1313 2020,1318 1949,1318"/>
                <Baseline points="1949,1348 2021,1348 2080,1343 2189,1352"/>
                <TextEquiv>
                    <Unicode>Hyde Park</Unicode>
                </TextEquiv>
            </TextLine>
            <TextLine id="l_13" custom="readingOrder {index:6;}">
                <Coords points="1987,1417 2080,1416 2157,1415 2157,1385 2080,1386 1987,1387"/>
                <Baseline points="1987,1417 2080,1416 2157,1415"/>
                <TextEquiv>
                    <Unicode>London</Unicode>
                </TextEquiv>
            </TextLine>
            <TextEquiv>
                <Unicode></Unicode>
            </TextEquiv>
        </TextRegion>
        <TextRegion id="r_5" custom="readingOrder {index:5;}">
            <Coords points="2172,895 2653,895 2653,1739 2172,1739"/>
            <TextLine id="l_14" custom="readingOrder {index:0;}">
                <Coords points="2228,946 2289,945 2349,942 2438,939 2513,939 2549,937 2547,907 2512,909 2437,909 2348,912 2288,915 2228,916"/>
                <Baseline points="2228,946 2289,945 2349,942 2438,939 2513,939 2549,937"/>
                <TextEquiv>
                    <Unicode>Name and Place of Abode of</Unicode>
                </TextEquiv>
            </TextLine>
            <TextLine id="l_15" custom="readingOrder {index:1;}">
                <Coords points="2292,965 2366,965 2418,965 2474,964 2473,934 2418,935 2366,935 2292,935"/>
                <Baseline points="2292,965 2366,965 2418,965 2474,964"/>
                <TextEquiv>
                    <Unicode>Author of Work</Unicode>
                </TextEquiv>
            </TextLine>
            <TextLine id="l_16" custom="readingOrder {index:2;}">
                <Coords points="2213,1107 2340,1098 2405,1103 2532,1095 2588,1093 2651,1102 2655,1072 2590,1063 2531,1065 2405,1073 2340,1068 2211,1077"/>
                <Baseline points="2213,1107 2340,1098 2405,1103 2532,1095 2588,1093 2651,1102"/>
                <TextEquiv>
                    <Unicode>Justinian Charles Cohen</Unicode>
                </TextEquiv>
            </TextLine>
            <TextLine id="l_17" custom="readingOrder {index:3;}">
                <Coords points="2240,1173 2285,1166 2466,1164 2490,1161 2562,1157 2621,1161 2623,1131 2562,1127 2487,1131 2464,1134 2283,1136 2235,1143"/>
                <Baseline points="2240,1173 2285,1166 2466,1164 2490,1161 2562,1157 2621,1161"/>
                <TextEquiv>
                    <Unicode>5 Southwick Crescent</Unicode>
                </TextEquiv>
            </TextLine>
            <TextLine id="l_18" custom="readingOrder {index:4;}">
                <Coords points="2332,1226 2385,1226 2446,1224 2470,1220 2533,1218 2574,1220 2575,1190 2533,1188 2467,1190 2443,1194 2385,1196 2332,1196"/>
                <Baseline points="2332,1226 2385,1226 2446,1224 2470,1220 2533,1218 2574,1220"/>
                <TextEquiv>
                    <Unicode>Hyde Park</Unicode>
                </TextEquiv>
            </TextLine>
            <TextLine id="l_19" custom="readingOrder {index:5;}">
                <Coords points="2336,1297 2444,1294 2510,1291 2509,1261 2443,1264 2335,1267"/>
                <Baseline points="2336,1297 2444,1294 2510,1291"/>
                <TextEquiv>
                    <Unicode>London</Unicode>
                </TextEquiv>
            </TextLine>
            <TextEquiv>
                <Unicode></Unicode>
            </TextEquiv>
        </TextRegion>
        <TextRegion id="r_6" custom="readingOrder {index:6;}">
            <Coords points="352,1737 2618,1737 2618,1883 352,1883"/>
            <TextLine id="l_20" custom="readingOrder {index:0;}">
                <Coords points="512,1803 630,1798 685,1801 721,1801 735,1786 769,1784 940,1797 991,1793 1016,1792 1081,1790 1188,1787 1281,1784 1445,1790 1537,1786 1536,1756 1445,1760 1281,1754 1187,1757 1080,1760 1015,1762 989,1763 940,1767 769,1754 722,1759 709,1773 686,1771 630,1768 511,1773"/>
                <Baseline points="512,1803 630,1798 685,1801 721,1801 735,1786 769,1784 940,1797 991,1793 1016,1792 1081,1790 1188,1787 1281,1784 1445,1790 1537,1786"/>
                <TextEquiv>
                    <Unicode>Dated this 31st day of January 1883</Unicode>
                </TextEquiv>
            </TextLine>
            <TextEquiv>
                <Unicode></Unicode>
            </TextEquiv>
        </TextRegion>
    </Page>
</PcGts>
