<?xml version="1.0" encoding="UTF-8" standalone="yes"?>
<PcGts xmlns="http://schema.primaresearch.org/PAGE/gts/pagecontent/2013-07-15">
    <Metadata>
        <Creator>prov=READ-COOP:name=PyLaia@TranskribusPlatform:version=2.31.0:model_id=53042:lm=none:date=24_09_2025_11:05</Creator>
        <Created>2025-09-23T14:48:11.604+02:00</Created>
        <LastChange>2025-10-03T18:19:10.958+02:00</LastChange>
        <TranskribusMetadata docId="10810400" pageId="103329176" pageNr="11" status="IN_PROGRESS" userId="264985" imgUrl="https://files.transkribus.eu/Get?id=HAFLQXYVPRRPRDMGORIGYJPT&amp;fileType=view" imageId="86664069"/>
    </Metadata>
    <Page imageFilename="103329176.jpg" imageWidth="3508" imageHeight="2479">
        <TextRegion orientation="0.0" id="tr_1" custom="readingOrder {index:0;}">
            <Coords points="391,539 397,860 2458,848 2456,528"/>
            <TextLine id="tr_1_tl_3" custom="readingOrder {index:0;}">
                <Coords points="2320,601 2332,601 2344,613 2352,613 2379,596 2403,593 2403,529 2389,532 2376,529 2374,532 2366,525 2349,529 2320,527"/>
                <Baseline points="2332,576 2358,574 2384,574 2410,576"/>
                <TextEquiv>
                    <Unicode>104</Unicode>
                </TextEquiv>
            </TextLine>
            <TextLine id="tr_1_tl_5" custom="readingOrder {index:1;}">
                <Coords points="473,682 2317,690 2285,579 2064,635 1995,603 473,643"/>
                <Baseline points="486,672 577,669 669,666 761,664 852,664 944,665 1036,666 1127,664 1219,666 1311,666 1403,663 1494,663 1586,661 1678,660 1769,660 1861,660 1953,662 2044,663 2136,663 2228,663 2320,660"/>
                <TextEquiv>
                    <Unicode>The George Swan Nottage and Howard John Kennard of 54 Cheapside and 110 Regent Street London</Unicode>
                </TextEquiv>
            </TextLine>
            <TextLine id="tr_1_tl_11" custom="readingOrder {index:2;}">
                <Coords points="662,931 744,943 781,938 790,948 820,936 889,941 889,886 869,889 840,879 783,889 758,874 712,891 662,882"/>
                <Baseline points="677,922 704,922 731,922 759,922 786,922 813,922 841,922 868,922 896,922"/>
                <TextEquiv>
                    <Unicode>Description of Work</Unicode>
                </TextEquiv>
            </TextLine>
            <TextLine id="l_9" custom="readingOrder {index:3;}">
                <Coords points="2099,917 1743,931 1743,800 1847,852 1911,790 2032,790 2099,832"/>
                <Baseline points="1756,907 1789,907 1822,907 1855,907 1888,906 1921,904 1954,906 1987,907 2020,907 2053,907"/>
                <TextEquiv>
                    <Unicode>Name and Place of Abode of</Unicode>
                </TextEquiv>
            </TextLine>
            <TextLine id="tr_1_tl_17" custom="readingOrder {index:4;}">
                <Coords points="2184,1133 2197,1133 2211,1120 2238,1123 2261,1116 2275,1128 2300,1108 2310,1116 2322,1116 2322,1064 2283,1064 2273,1056 2261,1069 2243,1071 2214,1064 2199,1049 2184,1051"/>
                <Baseline points="2198,1102 2224,1102 2250,1102 2276,1102 2302,1102 2329,1102"/>
                <TextEquiv>
                    <Unicode>and</Unicode>
                </TextEquiv>
            </TextLine>
            <TextLine id="tr_1_tl_18" custom="readingOrder {index:5;}">
                <Coords points="1817,1118 1864,1116 1886,1118 1894,1125 1926,1120 1926,1074 1913,1074 1906,1081 1894,1081 1889,1076 1879,1086 1874,1081 1864,1084 1842,1064 1830,1076 1817,1076"/>
                <Baseline points="1830,1105 1863,1105 1896,1105 1929,1105"/>
                <TextEquiv>
                    <Unicode>and</Unicode>
                </TextEquiv>
            </TextLine>
            <TextLine id="tr_1_tl_20" custom="readingOrder {index:6;}">
                <Coords points="1707,1177 2032,1180 2076,1212 2165,1172 2224,1197 2298,1167 2492,1194 2472,1074 2357,1133 2160,1133 2123,1106 2066,1140 1985,1098 1921,1128 1707,1130"/>
                <Baseline points="1720,1170 1761,1168 1802,1168 1843,1169 1884,1167 1925,1167 1966,1167 2007,1167 2048,1164 2089,1164 2130,1164 2171,1164 2212,1162 2253,1161 2294,1161 2335,1162 2376,1164 2417,1164 2458,1167 2499,1164"/>
                <TextEquiv>
                    <Unicode>Stoward John Kennerd Soward John Kennard</Unicode>
                </TextEquiv>
            </TextLine>
            <TextEquiv>
                <Unicode></Unicode>
            </TextEquiv>
        </TextRegion>
        <TextRegion id="r" custom="readingOrder {index:1;}">
            <Coords points="394,874 1156,874 1156,1691 394,1691"/>
            <TextLine id="tr_1_tl_29" custom="readingOrder {index:0;}">
                <Coords points="448,1601 517,1610 611,1591 653,1610 712,1610 724,1598 754,1608 798,1574 820,1574 820,1495 803,1490 763,1512 734,1490 662,1490 645,1473 571,1507 534,1480 495,1517 448,1502"/>
                <Baseline points="462,1556 488,1554 514,1556 540,1556 566,1556 592,1556 618,1556 644,1556 670,1556 696,1556 722,1556 748,1556 774,1556 800,1555 827,1553"/>
                <TextEquiv>
                    <Unicode>copy attached</Unicode>
                </TextEquiv>
            </TextLine>
            <TextLine id="tr_1_tl_28" custom="readingOrder {index:1;}">
                <Coords points="360,1470 377,1475 404,1463 443,1497 470,1507 497,1505 527,1478 579,1478 579,1409 517,1404 500,1421 485,1411 465,1423 441,1404 416,1421 396,1421 384,1409 372,1423 360,1423"/>
                <Baseline points="373,1454 399,1452 426,1452 452,1453 479,1454 505,1454 532,1454 558,1455 585,1457"/>
                <TextEquiv>
                    <Unicode>shoulder</Unicode>
                </TextEquiv>
            </TextLine>
            <TextLine id="tr_1_tl_26" custom="readingOrder {index:2;}">
                <Coords points="387,1409 655,1411 687,1386 837,1445 975,1396 1015,1436 1086,1406 1088,1347 1037,1337 793,1357 749,1330 709,1354 657,1332 589,1372 451,1330 389,1359"/>
                <Baseline points="400,1391 434,1390 469,1388 503,1388 538,1388 572,1388 607,1387 641,1382 676,1382 710,1382 745,1382 779,1382 814,1382 848,1382 883,1382 917,1382 952,1382 986,1382 1021,1382 1055,1381 1090,1379"/>
                <TextEquiv>
                    <Unicode>obscured by hand from left</Unicode>
                </TextEquiv>
            </TextLine>
            <TextLine id="tr_1_tl_24" custom="readingOrder {index:3;}">
                <Coords points="463,1337 591,1374 630,1340 707,1354 746,1330 990,1354 1037,1335 1120,1364 1120,1290 1022,1248 973,1288 931,1251 840,1290 818,1268 783,1290 744,1256 697,1273 645,1253 603,1295 552,1253 463,1271"/>
                <Baseline points="477,1323 509,1327 541,1328 574,1326 606,1323 639,1323 671,1322 704,1320 736,1320 769,1320 801,1321 833,1323 866,1323 898,1323 931,1323 963,1323 996,1325 1028,1326 1061,1326 1093,1328 1126,1326"/>
                <TextEquiv>
                    <Unicode>to his right first medal partly</Unicode>
                </TextEquiv>
            </TextLine>
            <TextLine id="tr_1_tl_22" custom="readingOrder {index:4;}">
                <Coords points="396,1268 593,1251 805,1273 970,1241 1128,1290 1116,1157 936,1204 896,1172 867,1199 815,1172 744,1212 517,1180 396,1207"/>
                <Baseline points="409,1245 445,1247 481,1247 517,1244 554,1239 590,1239 626,1239 662,1239 699,1239 735,1239 771,1239 807,1239 844,1239 880,1238 916,1236 952,1236 989,1234 1025,1235 1061,1236 1097,1236 1134,1239"/>
                <TextEquiv>
                    <Unicode>with Decorations, 3/4 face looking</Unicode>
                </TextEquiv>
            </TextLine>
            <TextLine id="tr_1_tl_19" custom="readingOrder {index:5;}">
                <Coords points="431,1187 677,1187 699,1165 771,1204 805,1170 854,1189 919,1167 970,1187 1098,1177 1098,1128 1032,1125 985,1091 820,1125 781,1088 657,1138 579,1086 515,1108 473,1086 431,1098"/>
                <Baseline points="445,1170 478,1170 511,1168 544,1166 577,1164 610,1164 643,1166 676,1164 709,1160 742,1158 775,1158 808,1158 841,1158 874,1158 907,1158 940,1158 973,1158 1006,1160 1039,1163 1072,1164 1105,1164"/>
                <TextEquiv>
                    <Unicode>in General Officers Uniform</Unicode>
                </TextEquiv>
            </TextLine>
            <TextLine id="tr_1_tl_16" custom="readingOrder {index:6;}">
                <Coords points="456,1086 507,1106 581,1086 623,1125 672,1098 736,1120 781,1088 877,1106 1059,1093 1059,1024 1024,1042 992,1019 884,1012 790,1039 616,1015 564,1034 456,980"/>
                <Baseline points="468,1081 497,1079 527,1081 557,1081 587,1081 617,1081 647,1081 677,1081 707,1081 737,1081 767,1081 796,1081 826,1081 856,1081 886,1081 916,1079 946,1078 976,1078 1006,1078 1036,1078 1066,1078"/>
                <TextEquiv>
                    <Unicode>Photograph of Lord Wolseley</Unicode>
                </TextEquiv>
            </TextLine>
            <TextEquiv>
                <Unicode></Unicode>
            </TextEquiv>
        </TextRegion>
        <ImageRegion id="r_6" custom="readingOrder {index:2;}">
            <Coords points="344,158 1473,158 1473,593 344,593"/>
        </ImageRegion>
        <TextRegion id="r_1" custom="readingOrder {index:3;}">
            <Coords points="1138,868 1373,868 1373,1691 1138,1691"/>
            <TextLine id="l_7" custom="readingOrder {index:0;}">
                <Coords points="1361,921 1152,928 1152,872 1361,894"/>
                <Baseline points="1167,910 1193,910 1219,910 1245,910 1272,910 1298,910 1324,913 1351,917 1361,918"/>
                <TextEquiv>
                    <Unicode>Date of Agreement</Unicode>
                </TextEquiv>
            </TextLine>
            <TextLine id="tr_1_tl_14" custom="readingOrder {index:1;}">
                <Coords points="1170,948 1182,948 1192,958 1212,953 1231,960 1246,953 1330,951 1330,916 1276,919 1268,911 1261,919 1170,916"/>
                <Baseline points="1182,931 1207,933 1233,934 1258,934 1284,934 1309,934 1335,937"/>
                <TextEquiv>
                    <Unicode>or Assignment</Unicode>
                </TextEquiv>
            </TextLine>
            <TextEquiv>
                <Unicode></Unicode>
            </TextEquiv>
        </TextRegion>
        <TextRegion id="r_2" custom="readingOrder {index:4;}">
            <Coords points="1369,872 1730,872 1730,1706 1369,1706"/>
            <TextLine id="l_6" custom="readingOrder {index:0;}">
                <Coords points="1361,894 1428,901 1687,886 1687,936 1522,933 1465,953 1362,921 1361,921"/>
                <Baseline points="1403,922 1430,922 1456,922 1482,922 1508,922 1535,922 1561,922 1587,922 1614,922 1640,920 1666,919 1693,919"/>
                <TextEquiv>
                    <Unicode>Names of Parties to Agreement</Unicode>
                </TextEquiv>
            </TextLine>
            <TextEquiv>
                <Unicode></Unicode>
            </TextEquiv>
        </TextRegion>
        <TextRegion id="r_3" custom="readingOrder {index:5;}">
            <Coords points="1720,868 2115,868 2115,1698 1720,1698"/>
            <TextLine id="l_3" custom="readingOrder {index:0;}">
                <Coords points="2093,1231 2086,1229 2022,1266 1945,1239 1810,1241 1810,1184 2000,1197 2032,1180 2073,1212 2093,1204"/>
                <Baseline points="1824,1230 1856,1228 1888,1227 1921,1227 1953,1227 1986,1227 2018,1227 2051,1227 2083,1227 2093,1226"/>
                <TextEquiv>
                    <Unicode>54 Cheapside</Unicode>
                </TextEquiv>
            </TextLine>
            <TextLine id="l_5" custom="readingOrder {index:1;}">
                <Coords points="2122,1340 2083,1349 1830,1310 1711,1330 1711,1246 1793,1273 1911,1236 2024,1263 2091,1226 2122,1236"/>
                <Baseline points="1726,1308 1764,1305 1802,1305 1840,1305 1878,1304 1916,1303 1954,1305 1992,1305 2030,1305 2068,1305 2106,1304 2122,1303"/>
                <TextEquiv>
                    <Unicode>and 110 Regent Street</Unicode>
                </TextEquiv>
            </TextLine>
            <TextLine id="tr_1_tl_27" custom="readingOrder {index:2;}">
                <Coords points="1820,1418 1839,1416 1852,1401 1872,1411 1896,1411 1908,1401 1940,1406 1958,1421 1977,1406 2029,1411 2027,1349 1987,1340 1968,1357 1943,1332 1926,1349 1891,1317 1817,1320"/>
                <Baseline points="1830,1388 1855,1386 1880,1385 1906,1385 1931,1386 1956,1387 1982,1388 2007,1388 2033,1388"/>
                <TextEquiv>
                    <Unicode>London</Unicode>
                </TextEquiv>
            </TextLine>
            <TextLine id="tr_1_tl_13" custom="readingOrder {index:3;}">
                <Coords points="1763,943 1800,946 1817,960 1852,946 1894,960 1908,948 1921,958 1938,946 1990,960 2019,943 2036,946 2036,916 1822,916 1795,901 1763,901"/>
                <Baseline points="1777,925 1803,929 1830,931 1856,931 1883,931 1909,931 1936,931 1962,931 1989,931 2015,932 2042,934"/>
                <TextEquiv>
                    <Unicode>Proprieter of Copyright</Unicode>
                </TextEquiv>
            </TextLine>
            <TextLine id="l_1" custom="readingOrder {index:4;}">
                <Coords points="2085,1084 1990,1051 1906,1081 1839,1049 1790,1084 1702,1061 1704,987 1793,1010 1864,985 2085,989"/>
                <Baseline points="1717,1042 1755,1042 1794,1042 1832,1041 1871,1039 1910,1039 1948,1039 1987,1039 2026,1037 2064,1037 2085,1038"/>
                <TextEquiv>
                    <Unicode>George Swan Nottage</Unicode>
                </TextEquiv>
            </TextLine>
            <TextEquiv>
                <Unicode></Unicode>
            </TextEquiv>
        </TextRegion>
        <TextRegion id="r_4" custom="readingOrder {index:6;}">
            <Coords points="2063,870 2503,870 2503,1698 2063,1698"/>
            <TextLine id="l_2" custom="readingOrder {index:0;}">
                <Coords points="2093,1204 2133,1187 2184,1209 2300,1167 2416,1177 2467,1204 2467,1248 2362,1263 2285,1229 2221,1266 2093,1231"/>
                <Baseline points="2093,1226 2116,1225 2148,1224 2180,1224 2213,1224 2245,1225 2278,1227 2310,1227 2343,1227 2375,1227 2408,1227 2440,1227 2473,1230"/>
                <TextEquiv>
                    <Unicode>54 Cheapside</Unicode>
                </TextEquiv>
            </TextLine>
            <TextLine id="l_4" custom="readingOrder {index:1;}">
                <Coords points="2122,1236 2221,1266 2283,1231 2366,1266 2433,1244 2480,1278 2480,1325 2386,1310 2327,1342 2256,1310 2122,1340"/>
                <Baseline points="2122,1303 2144,1302 2182,1302 2220,1302 2258,1299 2296,1301 2334,1302 2372,1302 2410,1302 2448,1302 2487,1305"/>
                <TextEquiv>
                    <Unicode>and 110 Regent Street</Unicode>
                </TextEquiv>
            </TextLine>
            <TextLine id="tr_1_tl_25" custom="readingOrder {index:2;}">
                <Coords points="2167,1428 2201,1416 2209,1421 2226,1404 2246,1418 2268,1399 2293,1394 2310,1401 2374,1394 2374,1322 2357,1322 2334,1342 2322,1337 2312,1347 2256,1315 2221,1325 2165,1317"/>
                <Baseline points="2180,1376 2208,1378 2236,1379 2264,1379 2292,1379 2320,1379 2348,1381 2377,1382"/>
                <TextEquiv>
                    <Unicode>London</Unicode>
                </TextEquiv>
            </TextLine>
            <TextLine id="l_8" custom="readingOrder {index:3;}">
                <Coords points="2099,832 2103,835 2140,805 2233,842 2288,793 2411,795 2411,955 2312,909 2099,917"/>
                <Baseline points="2119,906 2152,904 2185,904 2218,904 2251,904 2284,904 2317,904 2350,904 2383,904 2416,904"/>
                <TextEquiv>
                    <Unicode>Name and Place of Abode of</Unicode>
                </TextEquiv>
            </TextLine>
            <TextLine id="tr_1_tl_12" custom="readingOrder {index:4;}">
                <Coords points="2157,943 2182,946 2204,960 2216,948 2238,953 2251,946 2275,958 2290,958 2312,941 2344,948 2344,914 2315,909 2157,911"/>
                <Baseline points="2171,928 2196,928 2222,928 2247,928 2273,928 2298,928 2324,929 2350,931"/>
                <TextEquiv>
                    <Unicode>Author of Work</Unicode>
                </TextEquiv>
            </TextLine>
            <TextLine id="l" custom="readingOrder {index:5;}">
                <Coords points="2085,989 2485,995 2482,1076 2445,1088 2357,1037 2233,1037 2096,1088 2085,1084"/>
                <Baseline points="2085,1038 2103,1039 2142,1038 2180,1036 2219,1036 2258,1034 2296,1033 2335,1033 2374,1033 2412,1033 2451,1033 2490,1036"/>
                <TextEquiv>
                    <Unicode>George Swan Nottage</Unicode>
                </TextEquiv>
            </TextLine>
            <TextEquiv>
                <Unicode></Unicode>
            </TextEquiv>
        </TextRegion>
        <TextRegion id="r_5" custom="readingOrder {index:7;}">
            <Coords points="392,1677 2496,1677 2496,1918 392,1918"/>
            <TextLine id="tr_1_tl_34" custom="readingOrder {index:0;}">
                <Coords points="1864,1918 1911,1916 1928,1933 1972,1904 2083,1911 2108,1894 2145,1913 2201,1891 2266,1940 2334,1899 2332,1790 2270,1803 2206,1785 2133,1815 2096,1798 2051,1822 1972,1783 1862,1832"/>
                <Baseline points="1875,1881 1900,1881 1926,1882 1952,1885 1977,1887 2003,1887 2029,1887 2055,1887 2080,1885 2106,1884 2132,1884 2157,1884 2183,1884 2209,1884 2235,1884 2260,1884 2286,1885 2312,1886 2338,1884"/>
                <TextEquiv>
                    <Unicode>George S Nottage</Unicode>
                </TextEquiv>
            </TextLine>
            <TextLine id="tr_1_tl_32" custom="readingOrder {index:1;}">
                <Coords points="1633,1862 1655,1862 1682,1837 1692,1842 1724,1839 1724,1729 1694,1734 1674,1714 1633,1716"/>
                <Baseline points="1645,1821 1673,1819 1701,1819 1729,1821"/>
                <TextEquiv>
                    <Unicode>Signed</Unicode>
                </TextEquiv>
            </TextLine>
            <TextLine id="tr_1_tl_31" custom="readingOrder {index:2;}">
                <Coords points="1775,1807 1936,1812 1995,1780 2083,1810 2199,1793 2199,1724 2155,1709 2125,1734 2073,1709 2024,1724 1936,1707 1874,1724 1817,1702 1775,1726"/>
                <Baseline points="1789,1783 1814,1783 1840,1783 1866,1785 1892,1786 1918,1786 1944,1785 1970,1783 1996,1783 2022,1783 2048,1783 2074,1783 2100,1783 2126,1783 2152,1783 2178,1785 2204,1783"/>
                <TextEquiv>
                    <Unicode>For Self Partner</Unicode>
                </TextEquiv>
            </TextLine>
            <TextLine id="tr_1_tl_30" custom="readingOrder {index:3;}">
                <Coords points="512,1775 724,1751 798,1820 884,1766 1056,1820 1108,1768 1239,1775 1285,1817 1345,1758 1470,1768 1470,1660 1421,1645 1369,1677 1209,1647 1175,1682 1076,1645 951,1679 859,1647 611,1677 512,1645"/>
                <Baseline points="525,1759 572,1756 620,1756 667,1759 715,1759 762,1759 810,1759 857,1757 905,1762 952,1762 1000,1762 1047,1761 1095,1759 1142,1761 1190,1762 1237,1762 1285,1764 1332,1763 1380,1759 1427,1756 1475,1756"/>
                <TextEquiv>
                    <Unicode>Dated this 29th day of January 1883</Unicode>
                </TextEquiv>
            </TextLine>
            <TextEquiv>
                <Unicode></Unicode>
            </TextEquiv>
        </TextRegion>
    </Page>
</PcGts>
