<?xml version="1.0" encoding="UTF-8" standalone="yes"?>
<PcGts xmlns="http://schema.primaresearch.org/PAGE/gts/pagecontent/2013-07-15">
    <Metadata>
        <Creator>Transkribus</Creator>
        <Created>2025-09-23T14:48:12.329+02:00</Created>
        <LastChange>2025-10-03T18:20:09.739+02:00</LastChange>
    </Metadata>
    <Page imageFilename="p012.jpg" imageWidth="3508" imageHeight="2479">
        <TextRegion id="r_1" custom="readingOrder {index:0;}">
            <Coords points="330,292 2636,292 2636,640 330,640"/>
            <TextEquiv>
                <Unicode></Unicode>
            </TextEquiv>
        </TextRegion>
        <TextRegion id="r_2" custom="readingOrder {index:1;}">
            <Coords points="347,650 1407,650 1407,1485 347,1485"/>
            <TextEquiv>
                <Unicode></Unicode>
            </TextEquiv>
        </TextRegion>
        <ImageRegion id="r" custom="readingOrder {index:2;}">
            <Coords points="319,258 1549,258 1549,1972 319,1972"/>
        </ImageRegion>
        <TextRegion id="r_3" custom="readingOrder {index:3;}">
            <Coords points="1780,644 2229,644 2229,1471 1780,1471"/>
            <TextEquiv>
                <Unicode></Unicode>
            </TextEquiv>
        </TextRegion>
        <TextRegion id="r_4" custom="readingOrder {index:4;}">
            <Coords points="2186,641 2652,641 2652,1476 2186,1476"/>
            <TextEquiv>
                <Unicode></Unicode>
            </TextEquiv>
        </TextRegion>
        <TextRegion id="r_5" custom="readingOrder {index:5;}">
            <Coords points="335,1472 2643,1472 2643,1679 335,1679"/>
            <TextEquiv>
                <Unicode></Unicode>
            </TextEquiv>
        </TextRegion>
    </Page>
</PcGts>
