<?xml version="1.0" encoding="UTF-8" standalone="yes"?>
<PcGts xmlns="http://schema.primaresearch.org/PAGE/gts/pagecontent/2013-07-15">
    <Metadata>
        <Creator>Transkribus</Creator>
        <Created>2025-09-23T14:48:12.929+02:00</Created>
        <LastChange>2025-10-03T18:20:56.613+02:00</LastChange>
    </Metadata>
    <Page imageFilename="p013.jpg" imageWidth="3508" imageHeight="2479">
        <TextRegion id="r" custom="readingOrder {index:0;}">
            <Coords points="402,608 2739,608 2739,911 402,911"/>
            <TextLine id="l" custom="readingOrder {index:0;}">
                <Coords points="518,724 678,729 818,726 952,723 1055,723 1187,723 1275,721 1416,721 1489,720 1694,711 1844,709 2032,708 2134,706 2152,717 2343,715 2381,679 2506,674 2506,712 2673,709 2673,709 2673,679 2673,679 2534,683 2535,643 2369,651 2332,687 2160,688 2142,677 2032,678 1844,679 1693,681 1488,690 1416,691 1275,691 1187,693 1055,693 952,693 817,696 678,699 519,694"/>
                <Baseline points="518,724 678,729 818,726 952,723 1055,723 1187,723 1275,721 1416,721 1489,720 1694,711 1844,709 2032,708 2134,706 2152,717 2343,715 2381,679 2506,674 2506,712 2673,709 2673,709"/>
                <TextEquiv>
                    <Unicode>We George Swan Nottage and Howard John Kennard of 54 Cheapside and 110 Regent Street London do hereby certify that we are entitled to the</Unicode>
                </TextEquiv>
            </TextLine>
            <TextEquiv>
                <Unicode></Unicode>
            </TextEquiv>
        </TextRegion>
        <TextRegion id="r_1" custom="readingOrder {index:1;}">
            <Coords points="403,903 1261,903 1261,1775 403,1775"/>
            <TextLine id="l_19" custom="readingOrder {index:0;}">
                <Coords points="713,1001 962,1002 962,1002 962,972 962,972 713,971"/>
                <Baseline points="713,1001 962,1002 962,1002"/>
                <TextEquiv>
                    <Unicode></Unicode>
                </TextEquiv>
            </TextLine>
            <TextLine id="l_1" custom="readingOrder {index:1;}">
                <Coords points="454,1140 741,1143 838,1137 946,1137 977,1130 1147,1146 1147,1146 1152,1146 1152,1116 1147,1116 1148,1116 975,1100 943,1107 837,1107 740,1113 454,1110"/>
                <Baseline points="454,1140 741,1143 838,1137 946,1137 977,1130 1147,1146 1147,1146 1152,1146"/>
                <TextEquiv>
                    <Unicode>Photograph of Lord Wolseley</Unicode>
                </TextEquiv>
            </TextLine>
            <TextLine id="l_2" custom="readingOrder {index:2;}">
                <Coords points="431,1225 528,1215 697,1213 756,1210 909,1204 965,1201 1164,1209 1164,1209 1164,1179 1165,1179 965,1171 908,1174 755,1180 696,1183 526,1185 428,1195"/>
                <Baseline points="431,1225 528,1215 697,1213 756,1210 909,1204 965,1201 1164,1209 1164,1209"/>
                <TextEquiv>
                    <Unicode>in General Officer Uniform</Unicode>
                </TextEquiv>
            </TextLine>
            <TextLine id="l_3" custom="readingOrder {index:3;}">
                <Coords points="417,1297 560,1288 824,1286 942,1272 1079,1272 1160,1266 1229,1277 1229,1277 1229,1247 1231,1247 1161,1236 1078,1242 940,1242 822,1256 559,1258 415,1267"/>
                <Baseline points="417,1297 560,1288 824,1286 942,1272 1079,1272 1160,1266 1229,1277 1229,1277"/>
                <TextEquiv>
                    <Unicode>with Decorations 3/4 face looking</Unicode>
                </TextEquiv>
            </TextLine>
            <TextLine id="l_4" custom="readingOrder {index:4;}">
                <Coords points="420,1362 493,1353 596,1347 722,1359 725,1329 597,1317 490,1323 416,1332"/>
                <Baseline points="420,1362 493,1353 596,1347 722,1359"/>
                <TextEquiv>
                    <Unicode>to his right</Unicode>
                </TextEquiv>
            </TextLine>
            <TextLine id="l_5" custom="readingOrder {index:5;}">
                <Coords points="486,1515 584,1530 648,1518 864,1524 865,1494 646,1488 583,1500 491,1485"/>
                <Baseline points="486,1515 584,1530 648,1518 864,1524"/>
                <TextEquiv>
                    <Unicode>Copy attached</Unicode>
                </TextEquiv>
            </TextLine>
            <TextEquiv>
                <Unicode></Unicode>
            </TextEquiv>
        </TextRegion>
        <ImageRegion id="r_7" custom="readingOrder {index:2;}">
            <Coords points="356,158 1605,158 1605,650 356,650"/>
        </ImageRegion>
        <TextRegion id="r_2" custom="readingOrder {index:3;}">
            <Coords points="1259,928 1508,928 1508,1775 1259,1775"/>
            <TextEquiv>
                <Unicode></Unicode>
            </TextEquiv>
        </TextRegion>
        <TextRegion id="r_3" custom="readingOrder {index:4;}">
            <Coords points="1508,928 1892,928 1892,1787 1508,1787"/>
            <TextEquiv>
                <Unicode></Unicode>
            </TextEquiv>
        </TextRegion>
        <TextRegion id="r_4" custom="readingOrder {index:5;}">
            <Coords points="1872,930 2300,930 2300,1775 1872,1775"/>
            <TextLine id="l_20" custom="readingOrder {index:0;}">
                <Coords points="1920,982 2021,979 2133,978 2237,974 2237,974 2236,978 2265,985 2271,947 2236,944 2132,948 2020,949 1919,952"/>
                <Baseline points="1920,982 2021,979 2133,978 2237,974 2237,974 2236,978"/>
                <TextEquiv>
                    <Unicode>Name and Place of Abode of</Unicode>
                </TextEquiv>
            </TextLine>
            <TextLine id="l_21" custom="readingOrder {index:1;}">
                <Coords points="1954,1004 2075,1002 2217,999 2216,969 2074,972 1954,974"/>
                <Baseline points="1954,1004 2075,1002 2217,999"/>
                <TextEquiv>
                    <Unicode>Proprietor of Copyright</Unicode>
                </TextEquiv>
            </TextLine>
            <TextLine id="l_6" custom="readingOrder {index:2;}">
                <Coords points="1884,1118 2019,1118 2108,1115 2142,1106 2259,1107 2259,1077 2138,1076 2104,1085 2018,1088 1884,1088"/>
                <Baseline points="1884,1118 2019,1118 2108,1115 2142,1106 2259,1107"/>
                <TextEquiv>
                    <Unicode>George Swan Nottage</Unicode>
                </TextEquiv>
            </TextLine>
            <TextLine id="l_7" custom="readingOrder {index:3;}">
                <Coords points="2010,1177 2097,1168 2094,1138 2007,1147"/>
                <Baseline points="2010,1177 2097,1168"/>
                <TextEquiv>
                    <Unicode>and</Unicode>
                </TextEquiv>
            </TextLine>
            <TextLine id="l_8" custom="readingOrder {index:4;}">
                <Coords points="1881,1233 2042,1231 2142,1228 2293,1227 2293,1197 2141,1198 2041,1201 1881,1203"/>
                <Baseline points="1881,1233 2042,1231 2142,1228 2293,1227"/>
                <TextEquiv>
                    <Unicode>Howard John Kennard</Unicode>
                </TextEquiv>
            </TextLine>
            <TextLine id="l_9" custom="readingOrder {index:5;}">
                <Coords points="2016,1298 2098,1291 2279,1297 2280,1267 2097,1261 2013,1268"/>
                <Baseline points="2016,1298 2098,1291 2279,1297"/>
                <TextEquiv>
                    <Unicode>54 Cheapside</Unicode>
                </TextEquiv>
            </TextLine>
            <TextLine id="l_10" custom="readingOrder {index:6;}">
                <Coords points="1893,1365 1986,1365 2070,1359 2296,1362 2291,1359 2276,1385 2245,1347 2069,1329 1985,1335 1893,1335"/>
                <Baseline points="1893,1365 1986,1365 2070,1359 2296,1362 2291,1359"/>
                <TextEquiv>
                    <Unicode>and 110 Regent Street</Unicode>
                </TextEquiv>
            </TextLine>
            <TextLine id="l_11" custom="readingOrder {index:7;}">
                <Coords points="1997,1447 2188,1450 2188,1450 2188,1420 2188,1420 1997,1417"/>
                <Baseline points="1997,1447 2188,1450 2188,1450"/>
                <TextEquiv>
                    <Unicode>London</Unicode>
                </TextEquiv>
            </TextLine>
            <TextEquiv>
                <Unicode></Unicode>
            </TextEquiv>
        </TextRegion>
        <TextRegion id="r_5" custom="readingOrder {index:6;}">
            <Coords points="2281,935 2762,935 2762,1770 2281,1770"/>
            <TextLine id="l_22" custom="readingOrder {index:0;}">
                <Coords points="2312,974 2384,972 2448,972 2559,969 2657,967 2657,967 2657,937 2657,937 2558,939 2448,942 2384,942 2311,944"/>
                <Baseline points="2312,974 2384,972 2448,972 2559,969 2657,967 2657,967"/>
                <TextEquiv>
                    <Unicode>Name and Place of Abode of</Unicode>
                </TextEquiv>
            </TextLine>
            <TextLine id="l_23" custom="readingOrder {index:1;}">
                <Coords points="2396,999 2489,999 2583,994 2583,994 2583,964 2582,964 2488,969 2396,969"/>
                <Baseline points="2396,999 2489,999 2583,994 2583,994"/>
                <TextEquiv>
                    <Unicode>Author of Work</Unicode>
                </TextEquiv>
            </TextLine>
            <TextLine id="l_12" custom="readingOrder {index:2;}">
                <Coords points="2292,1098 2450,1095 2585,1092 2750,1103 2752,1073 2586,1062 2449,1065 2291,1068"/>
                <Baseline points="2292,1098 2450,1095 2585,1092 2750,1103"/>
                <TextEquiv>
                    <Unicode>George Swan Nottage</Unicode>
                </TextEquiv>
            </TextLine>
            <TextLine id="l_13" custom="readingOrder {index:3;}">
                <Coords points="2428,1166 2532,1162 2531,1132 2427,1136"/>
                <Baseline points="2428,1166 2532,1162"/>
                <TextEquiv>
                    <Unicode>and</Unicode>
                </TextEquiv>
            </TextLine>
            <TextLine id="l_14" custom="readingOrder {index:4;}">
                <Coords points="2319,1219 2495,1219 2609,1221 2746,1222 2746,1192 2609,1191 2495,1189 2319,1189"/>
                <Baseline points="2319,1219 2495,1219 2609,1221 2746,1222"/>
                <TextEquiv>
                    <Unicode>Howard John Kennard</Unicode>
                </TextEquiv>
            </TextLine>
            <TextLine id="l_15" custom="readingOrder {index:5;}">
                <Coords points="2410,1288 2482,1285 2705,1288 2705,1258 2482,1255 2409,1258"/>
                <Baseline points="2410,1288 2482,1285 2705,1288"/>
                <TextEquiv>
                    <Unicode>54 Cheapside</Unicode>
                </TextEquiv>
            </TextLine>
            <TextLine id="l_16" custom="readingOrder {index:6;}">
                <Coords points="2333,1356 2416,1356 2513,1348 2636,1354 2746,1356 2746,1356 2746,1356 2746,1326 2746,1326 2746,1326 2637,1324 2512,1318 2415,1326 2333,1326"/>
                <Baseline points="2333,1356 2416,1356 2513,1348 2636,1354 2746,1356 2746,1356 2746,1356"/>
                <TextEquiv>
                    <Unicode>and 110 Regent Street</Unicode>
                </TextEquiv>
            </TextLine>
            <TextLine id="l_17" custom="readingOrder {index:7;}">
                <Coords points="2433,1435 2630,1434 2630,1404 2433,1405"/>
                <Baseline points="2433,1435 2630,1434"/>
                <TextEquiv>
                    <Unicode>London</Unicode>
                </TextEquiv>
            </TextLine>
            <TextEquiv>
                <Unicode></Unicode>
            </TextEquiv>
        </TextRegion>
        <TextRegion id="r_6" custom="readingOrder {index:7;}">
            <Coords points="398,1768 2743,1768 2743,1997 398,1997"/>
            <TextLine id="l_18" custom="readingOrder {index:0;}">
                <Coords points="541,1850 684,1845 949,1830 999,1839 1089,1838 1418,1841 1611,1838 1611,1838 1611,1808 1611,1808 1418,1811 1089,1808 1002,1809 951,1800 683,1815 540,1820"/>
                <Baseline points="541,1850 684,1845 949,1830 999,1839 1089,1838 1418,1841 1611,1838 1611,1838"/>
                <TextEquiv>
                    <Unicode>Dated this 29th day of January 1883</Unicode>
                </TextEquiv>
            </TextLine>
            <TextEquiv>
                <Unicode></Unicode>
            </TextEquiv>
        </TextRegion>
    </Page>
</PcGts>
