<?xml version="1.0" encoding="UTF-8" standalone="yes"?>
<PcGts xmlns="http://schema.primaresearch.org/PAGE/gts/pagecontent/2013-07-15">
    <Metadata>
        <Creator>Transkribus</Creator>
        <Created>2025-09-23T14:48:13.682+02:00</Created>
        <LastChange>2025-10-03T18:22:24.843+02:00</LastChange>
    </Metadata>
    <Page imageFilename="p015.jpg" imageWidth="3508" imageHeight="2479">
        <TextRegion id="r" custom="readingOrder {index:0;}">
            <Coords points="348,593 2635,593 2635,904 348,904"/>
            <TextLine id="l" custom="readingOrder {index:0;}">
                <Coords points="470,718 635,718 834,716 938,713 1029,711 1172,706 1340,704 1588,699 1606,698 1605,674 1645,672 1623,701 1679,698 1733,698 1850,695 1941,693 2044,695 2044,695 2044,665 2044,665 1941,663 1849,665 1733,668 1678,668 1666,678 1685,651 1574,646 1577,671 1587,669 1340,674 1171,676 1028,681 937,683 833,686 635,688 470,688"/>
                <Baseline points="470,718 635,718 834,716 938,713 1029,711 1172,706 1340,704 1588,699 1606,698 1605,674 1645,672 1623,701 1679,698 1733,698 1850,695 1941,693 2044,695 2044,695"/>
                <TextEquiv>
                    <Unicode>We George Swan Nottage and Howard John Kennard of 54 Cheapside 108 and 110 Regent Street London</Unicode>
                </TextEquiv>
            </TextLine>
            <TextEquiv>
                <Unicode></Unicode>
            </TextEquiv>
        </TextRegion>
        <ImageRegion id="r_7" custom="readingOrder {index:1;}">
            <Coords points="326,167 1148,167 1148,615 326,615"/>
        </ImageRegion>
        <TextRegion id="r_1" custom="readingOrder {index:2;}">
            <Coords points="349,916 1251,916 1251,1744 349,1744"/>
            <TextLine id="l_1" custom="readingOrder {index:0;}">
                <Coords points="673,986 792,986 887,982 887,982 887,952 886,952 791,956 673,956"/>
                <Baseline points="673,986 792,986 887,982 887,982"/>
                <TextEquiv>
                    <Unicode>Description of Work</Unicode>
                </TextEquiv>
            </TextLine>
            <TextLine id="l_2" custom="readingOrder {index:1;}">
                <Coords points="393,1089 577,1090 706,1091 839,1087 1012,1086 1096,1086 1096,1086 1096,1056 1096,1056 1012,1056 838,1057 706,1061 577,1060 393,1059"/>
                <Baseline points="393,1089 577,1090 706,1091 839,1087 1012,1086 1096,1086 1096,1086"/>
                <TextEquiv>
                    <Unicode>Photograph of Lord Wolseley in</Unicode>
                </TextEquiv>
            </TextLine>
            <TextLine id="l_3" custom="readingOrder {index:2;}">
                <Coords points="394,1157 573,1156 603,1147 629,1141 758,1140 803,1134 928,1131 1008,1131 1136,1136 1136,1136 1136,1106 1137,1106 1009,1101 928,1101 801,1104 756,1110 625,1111 595,1118 569,1126 394,1127"/>
                <Baseline points="394,1157 573,1156 603,1147 629,1141 758,1140 803,1134 928,1131 1008,1131 1136,1136 1136,1136"/>
                <TextEquiv>
                    <Unicode>General Officer Uniform with</Unicode>
                </TextEquiv>
            </TextLine>
            <TextLine id="l_4" custom="readingOrder {index:3;}">
                <Coords points="388,1220 554,1214 633,1216 711,1212 757,1207 835,1206 881,1194 1021,1191 1103,1183 1179,1181 1178,1151 1101,1153 1019,1161 877,1164 831,1176 755,1177 709,1182 633,1186 554,1184 387,1190"/>
                <Baseline points="388,1220 554,1214 633,1216 711,1212 757,1207 835,1206 881,1194 1021,1191 1103,1183 1179,1181"/>
                <TextEquiv>
                    <Unicode>Decoration 3/4 face showing left ear</Unicode>
                </TextEquiv>
            </TextLine>
            <TextLine id="l_5" custom="readingOrder {index:4;}">
                <Coords points="877,1224 959,1223 1074,1224 1146,1221 1145,1191 1074,1194 959,1193 877,1194"/>
                <Baseline points="877,1224 959,1223 1074,1224 1146,1221"/>
                <TextEquiv>
                    <Unicode>Copy attached</Unicode>
                </TextEquiv>
            </TextLine>
            <TextEquiv>
                <Unicode></Unicode>
            </TextEquiv>
        </TextRegion>
        <TextRegion id="r_2" custom="readingOrder {index:3;}">
            <Coords points="1176,922 1451,922 1451,1737 1176,1737"/>
            <TextLine id="l_6" custom="readingOrder {index:0;}">
                <Coords points="1204,969 1254,967 1285,967 1393,967 1393,937 1285,937 1253,937 1203,939"/>
                <Baseline points="1204,969 1254,967 1285,967 1393,967"/>
                <TextEquiv>
                    <Unicode>Date of Agreement</Unicode>
                </TextEquiv>
            </TextLine>
            <TextLine id="l_7" custom="readingOrder {index:1;}">
                <Coords points="1224,992 1262,992 1378,992 1378,962 1262,962 1224,962"/>
                <Baseline points="1224,992 1262,992 1378,992"/>
                <TextEquiv>
                    <Unicode>or Assignment</Unicode>
                </TextEquiv>
            </TextLine>
            <TextEquiv>
                <Unicode></Unicode>
            </TextEquiv>
        </TextRegion>
        <TextRegion id="r_3" custom="readingOrder {index:4;}">
            <Coords points="1439,916 1831,916 1831,1737 1439,1737"/>
            <TextLine id="l_8" custom="readingOrder {index:0;}">
                <Coords points="1451,976 1526,973 1528,973 1651,970 1784,970 1786,965 1758,954 1764,941 1651,940 1528,943 1525,943 1450,946"/>
                <Baseline points="1451,976 1526,973 1528,973 1651,970 1784,970 1786,965"/>
                <TextEquiv>
                    <Unicode>Names of Parties to Agreement</Unicode>
                </TextEquiv>
            </TextLine>
            <TextEquiv>
                <Unicode></Unicode>
            </TextEquiv>
        </TextRegion>
        <TextRegion id="r_4" custom="readingOrder {index:5;}">
            <Coords points="1783,913 2220,913 2220,1741 1783,1741"/>
            <TextLine id="l_9" custom="readingOrder {index:0;}">
                <Coords points="1838,953 1903,952 1987,952 2059,950 2156,950 2156,920 2059,920 1987,922 1903,922 1838,923"/>
                <Baseline points="1838,953 1903,952 1987,952 2059,950 2156,950"/>
                <TextEquiv>
                    <Unicode>Name and Place of Abode of</Unicode>
                </TextEquiv>
            </TextLine>
            <TextLine id="l_10" custom="readingOrder {index:1;}">
                <Coords points="1874,979 1974,976 2036,976 2127,975 2127,945 2036,946 1974,946 1873,949"/>
                <Baseline points="1874,979 1974,976 2036,976 2127,975"/>
                <TextEquiv>
                    <Unicode>Proprietor of Copyright</Unicode>
                </TextEquiv>
            </TextLine>
            <TextLine id="l_13" custom="readingOrder {index:2;}">
                <Coords points="1786,1075 1936,1072 2033,1072 2197,1069 2196,1039 2033,1042 1936,1042 1785,1045"/>
                <Baseline points="1786,1075 1936,1072 2033,1072 2197,1069"/>
                <TextEquiv>
                    <Unicode>George Swan Nottage</Unicode>
                </TextEquiv>
            </TextLine>
            <TextLine id="l_14" custom="readingOrder {index:3;}">
                <Coords points="1921,1129 2012,1125 2011,1095 1920,1099"/>
                <Baseline points="1921,1129 2012,1125"/>
                <TextEquiv>
                    <Unicode>and</Unicode>
                </TextEquiv>
            </TextLine>
            <TextLine id="l_15" custom="readingOrder {index:4;}">
                <Coords points="1784,1174 1934,1174 2036,1173 2201,1171 2201,1141 2036,1143 1934,1144 1784,1144"/>
                <Baseline points="1784,1174 1934,1174 2036,1173 2201,1171"/>
                <TextEquiv>
                    <Unicode>Howard John Kennard</Unicode>
                </TextEquiv>
            </TextLine>
            <TextLine id="l_16" custom="readingOrder {index:5;}">
                <Coords points="1914,1235 1976,1228 2140,1228 2178,1232 2181,1202 2142,1198 1974,1198 1911,1205"/>
                <Baseline points="1914,1235 1976,1228 2140,1228 2178,1232"/>
                <TextEquiv>
                    <Unicode>54 Cheapside</Unicode>
                </TextEquiv>
            </TextLine>
            <TextLine id="l_17" custom="readingOrder {index:6;}">
                <Coords points="1795,1295 1866,1295 1950,1291 2078,1293 2191,1303 2194,1273 2080,1263 1950,1261 1865,1265 1795,1265"/>
                <Baseline points="1795,1295 1866,1295 1950,1291 2078,1293 2191,1303"/>
                <TextEquiv>
                    <Unicode>and 110 Regent Street</Unicode>
                </TextEquiv>
            </TextLine>
            <TextLine id="l_18" custom="readingOrder {index:7;}">
                <Coords points="1887,1382 2102,1383 2102,1353 1887,1352"/>
                <Baseline points="1887,1382 2102,1383"/>
                <TextEquiv>
                    <Unicode>London</Unicode>
                </TextEquiv>
            </TextLine>
            <TextEquiv>
                <Unicode></Unicode>
            </TextEquiv>
        </TextRegion>
        <TextRegion id="r_5" custom="readingOrder {index:6;}">
            <Coords points="2186,904 2664,904 2664,1741 2186,1741"/>
            <TextLine id="l_11" custom="readingOrder {index:0;}">
                <Coords points="2231,950 2294,947 2407,945 2507,943 2551,943 2551,913 2507,913 2406,915 2293,917 2230,920"/>
                <Baseline points="2231,950 2294,947 2407,945 2507,943 2551,943"/>
                <TextEquiv>
                    <Unicode>Name and Place of Abode of</Unicode>
                </TextEquiv>
            </TextLine>
            <TextLine id="l_12" custom="readingOrder {index:1;}">
                <Coords points="2301,976 2369,973 2423,972 2485,970 2484,940 2422,942 2368,943 2300,946"/>
                <Baseline points="2301,976 2369,973 2423,972 2485,970"/>
                <TextEquiv>
                    <Unicode>Author of Work</Unicode>
                </TextEquiv>
            </TextLine>
            <TextLine id="l_19" custom="readingOrder {index:2;}">
                <Coords points="2229,1060 2356,1062 2480,1053 2607,1055 2645,1067 2654,1038 2612,1025 2479,1023 2355,1032 2229,1030"/>
                <Baseline points="2229,1060 2356,1062 2480,1053 2607,1055 2645,1067"/>
                <TextEquiv>
                    <Unicode>George Swan Nottage</Unicode>
                </TextEquiv>
            </TextLine>
            <TextLine id="l_20" custom="readingOrder {index:3;}">
                <Coords points="2325,1115 2437,1112 2436,1082 2324,1085"/>
                <Baseline points="2325,1115 2437,1112"/>
                <TextEquiv>
                    <Unicode>and</Unicode>
                </TextEquiv>
            </TextLine>
            <TextLine id="l_21" custom="readingOrder {index:4;}">
                <Coords points="2246,1165 2399,1163 2504,1161 2530,1158 2647,1167 2649,1137 2529,1128 2502,1131 2399,1133 2246,1135"/>
                <Baseline points="2246,1165 2399,1163 2504,1161 2530,1158 2647,1167"/>
                <TextEquiv>
                    <Unicode>Howard John Kennard</Unicode>
                </TextEquiv>
            </TextLine>
            <TextLine id="l_22" custom="readingOrder {index:5;}">
                <Coords points="2298,1233 2373,1226 2618,1222 2618,1192 2371,1196 2295,1203"/>
                <Baseline points="2298,1233 2373,1226 2618,1222"/>
                <TextEquiv>
                    <Unicode>54 Cheapside</Unicode>
                </TextEquiv>
            </TextLine>
            <TextLine id="l_23" custom="readingOrder {index:6;}">
                <Coords points="2211,1296 2308,1296 2373,1292 2530,1290 2638,1289 2638,1259 2530,1260 2372,1262 2307,1266 2211,1266"/>
                <Baseline points="2211,1296 2308,1296 2373,1292 2530,1290 2638,1289"/>
                <TextEquiv>
                    <Unicode>and 110 Regent Street</Unicode>
                </TextEquiv>
            </TextLine>
            <TextLine id="l_24" custom="readingOrder {index:7;}">
                <Coords points="2295,1373 2546,1372 2546,1342 2295,1343"/>
                <Baseline points="2295,1373 2546,1372"/>
                <TextEquiv>
                    <Unicode>London</Unicode>
                </TextEquiv>
            </TextLine>
            <TextEquiv>
                <Unicode></Unicode>
            </TextEquiv>
        </TextRegion>
        <TextRegion id="r_6" custom="readingOrder {index:7;}">
            <Coords points="349,1721 2639,1721 2639,1930 349,1930"/>
            <TextLine id="l_25" custom="readingOrder {index:0;}">
                <Coords points="511,1800 635,1799 760,1799 783,1836 787,1837 843,1786 848,1767 871,1767 942,1792 1028,1790 1314,1789 1461,1788 1528,1785 1527,1755 1460,1758 1314,1759 1028,1760 947,1762 876,1737 823,1735 817,1770 779,1805 801,1812 778,1767 635,1769 511,1770"/>
                <Baseline points="511,1800 635,1799 760,1799 783,1836 787,1837 843,1786 848,1767 871,1767 942,1792 1028,1790 1314,1789 1461,1788 1528,1785"/>
                <TextEquiv>
                    <Unicode>Dated this 29th day of January 1883</Unicode>
                </TextEquiv>
            </TextLine>
            <TextEquiv>
                <Unicode></Unicode>
            </TextEquiv>
        </TextRegion>
    </Page>
</PcGts>
