<?xml version="1.0" encoding="UTF-8" standalone="yes"?>
<PcGts xmlns="http://schema.primaresearch.org/PAGE/gts/pagecontent/2013-07-15">
    <Metadata>
        <Creator>Transkribus</Creator>
        <Created>2025-09-23T14:48:14.457+02:00</Created>
        <LastChange>2025-10-03T18:25:57.409+02:00</LastChange>
    </Metadata>
    <Page imageFilename="p017.jpg" imageWidth="3508" imageHeight="2479">
        <TextRegion id="r" custom="readingOrder {index:0;}">
            <Coords points="324,590 2603,590 2603,885 324,885"/>
            <TextLine id="l" custom="readingOrder {index:0;}">
                <Coords points="432,695 497,693 619,693 722,683 838,683 903,686 1068,693 1097,688 1173,688 1312,691 1371,691 1583,688 1684,688 1733,692 1849,700 1902,692 1952,692 2016,692 2017,692 2079,673 2070,644 2013,662 2016,662 1952,662 1900,662 1848,670 1735,662 1685,658 1583,658 1371,661 1312,661 1173,658 1094,658 1066,663 904,656 839,653 721,653 618,663 497,663 431,665"/>
                <Baseline points="432,695 497,693 619,693 722,683 838,683 903,686 1068,693 1097,688 1173,688 1312,691 1371,691 1583,688 1684,688 1733,692 1849,700 1902,692 1952,692 2016,692 2017,692 2079,673"/>
                <TextEquiv>
                    <Unicode>We George Swan Nottage and Howard John Kennard of 54 Cheapside and 110 Regent Street London</Unicode>
                </TextEquiv>
            </TextLine>
            <TextEquiv>
                <Unicode></Unicode>
            </TextEquiv>
        </TextRegion>
        <ImageRegion id="r_7" custom="readingOrder {index:1;}">
            <Coords points="234,163 1086,163 1086,607 234,607"/>
        </ImageRegion>
        <TextRegion id="r_1" custom="readingOrder {index:2;}">
            <Coords points="322,891 1151,891 1151,1716 322,1716"/>
            <TextLine id="l_3" custom="readingOrder {index:0;}">
                <Coords points="642,953 765,953 799,956 853,957 854,927 801,926 766,923 642,923"/>
                <Baseline points="642,953 765,953 799,956 853,957"/>
                <TextEquiv>
                    <Unicode>Description of Work</Unicode>
                </TextEquiv>
            </TextLine>
            <TextLine id="l_1" custom="readingOrder {index:1;}">
                <Coords points="353,1106 651,1121 729,1111 849,1111 1040,1115 1041,1085 849,1081 727,1081 650,1091 355,1076"/>
                <Baseline points="353,1106 651,1121 729,1111 849,1111 1040,1115"/>
                <TextEquiv>
                    <Unicode>Photograph of Lord Wolseley</Unicode>
                </TextEquiv>
            </TextLine>
            <TextLine id="l_2" custom="readingOrder {index:2;}">
                <Coords points="328,1203 426,1198 611,1198 831,1202 883,1190 1083,1203 1085,1173 881,1160 828,1172 611,1168 425,1168 326,1173"/>
                <Baseline points="328,1203 426,1198 611,1198 831,1202 883,1190 1083,1203"/>
                <TextEquiv>
                    <Unicode>in General Officer Uniform</Unicode>
                </TextEquiv>
            </TextLine>
            <TextLine id="l_4" custom="readingOrder {index:3;}">
                <Coords points="338,1283 464,1285 519,1280 700,1280 817,1285 869,1281 1075,1280 1075,1250 868,1251 816,1255 701,1250 518,1250 463,1255 338,1253"/>
                <Baseline points="338,1283 464,1285 519,1280 700,1280 817,1285 869,1281 1075,1280"/>
                <TextEquiv>
                    <Unicode>with Decorations standing</Unicode>
                </TextEquiv>
            </TextLine>
            <TextLine id="l_5" custom="readingOrder {index:4;}">
                <Coords points="336,1370 391,1368 444,1364 548,1365 586,1361 669,1361 713,1358 842,1357 889,1358 1046,1371 1048,1341 891,1328 842,1327 712,1328 668,1331 584,1331 547,1335 443,1334 389,1338 335,1340"/>
                <Baseline points="336,1370 391,1368 444,1364 548,1365 586,1361 669,1361 713,1358 842,1357 889,1358 1046,1371"/>
                <TextEquiv>
                    <Unicode>3/4 face, his hand resting</Unicode>
                </TextEquiv>
            </TextLine>
            <TextLine id="l_6" custom="readingOrder {index:5;}">
                <Coords points="328,1451 383,1451 436,1441 544,1441 709,1438 708,1408 544,1411 433,1411 380,1421 328,1421"/>
                <Baseline points="328,1451 383,1451 436,1441 544,1441 709,1438"/>
                <TextEquiv>
                    <Unicode>on balustrade</Unicode>
                </TextEquiv>
            </TextLine>
            <TextLine id="l_7" custom="readingOrder {index:6;}">
                <Coords points="381,1565 432,1574 473,1574 546,1569 771,1569 771,1539 545,1539 472,1544 435,1544 386,1535"/>
                <Baseline points="381,1565 432,1574 473,1574 546,1569 771,1569"/>
                <TextEquiv>
                    <Unicode>Copy attached</Unicode>
                </TextEquiv>
            </TextLine>
            <TextEquiv>
                <Unicode></Unicode>
            </TextEquiv>
        </TextRegion>
        <TextRegion id="r_2" custom="readingOrder {index:3;}">
            <Coords points="1146,891 1398,891 1398,1716 1146,1716"/>
            <TextLine id="l_8" custom="readingOrder {index:0;}">
                <Coords points="1176,953 1271,953 1364,952 1364,952 1364,922 1364,922 1271,923 1176,923"/>
                <Baseline points="1176,953 1271,953 1364,952 1364,952"/>
                <TextEquiv>
                    <Unicode>Date of Agreement</Unicode>
                </TextEquiv>
            </TextLine>
            <TextLine id="l_9" custom="readingOrder {index:1;}">
                <Coords points="1197,974 1351,974 1351,944 1197,944"/>
                <Baseline points="1197,974 1351,974"/>
                <TextEquiv>
                    <Unicode>or Assignment</Unicode>
                </TextEquiv>
            </TextLine>
            <TextEquiv>
                <Unicode></Unicode>
            </TextEquiv>
        </TextRegion>
        <TextRegion id="r_3" custom="readingOrder {index:4;}">
            <Coords points="1395,891 1778,891 1778,1726 1395,1726"/>
            <TextLine id="l_10" custom="readingOrder {index:0;}">
                <Coords points="1423,962 1521,963 1646,966 1757,965 1757,935 1646,936 1522,933 1423,932"/>
                <Baseline points="1423,962 1521,963 1646,966 1757,965"/>
                <TextEquiv>
                    <Unicode>Names of Parties to Agreement</Unicode>
                </TextEquiv>
            </TextLine>
            <TextEquiv>
                <Unicode></Unicode>
            </TextEquiv>
        </TextRegion>
        <TextRegion id="r_4" custom="readingOrder {index:5;}">
            <Coords points="1751,891 2197,891 2197,1734 1751,1734"/>
            <TextLine id="l_11" custom="readingOrder {index:0;}">
                <Coords points="1815,952 1916,952 2101,953 2137,953 2137,923 2101,923 1916,922 1815,922"/>
                <Baseline points="1815,952 1916,952 2101,953 2137,953"/>
                <TextEquiv>
                    <Unicode>Name and Place of Abode of</Unicode>
                </TextEquiv>
            </TextLine>
            <TextLine id="l_12" custom="readingOrder {index:1;}">
                <Coords points="1848,979 1949,980 2096,979 2096,949 1949,950 1848,949"/>
                <Baseline points="1848,979 1949,980 2096,979"/>
                <TextEquiv>
                    <Unicode>Proprietor of Copyright</Unicode>
                </TextEquiv>
            </TextLine>
            <TextLine id="l_13" custom="readingOrder {index:2;}">
                <Coords points="1787,1090 1932,1091 2042,1092 2125,1089 2184,1089 2184,1059 2124,1059 2042,1062 1932,1061 1787,1060"/>
                <Baseline points="1787,1090 1932,1091 2042,1092 2125,1089 2184,1089"/>
                <TextEquiv>
                    <Unicode>George Swan Nottage</Unicode>
                </TextEquiv>
            </TextLine>
            <TextLine id="l_14" custom="readingOrder {index:3;}">
                <Coords points="1883,1159 1998,1160 1991,1161 1995,1191 2046,1157 1883,1129"/>
                <Baseline points="1883,1159 1998,1160 1991,1161"/>
                <TextEquiv>
                    <Unicode>and</Unicode>
                </TextEquiv>
            </TextLine>
            <TextLine id="l_15" custom="readingOrder {index:4;}">
                <Coords points="1777,1227 1935,1227 2053,1224 2061,1223 2191,1232 2193,1202 2060,1193 2051,1194 1935,1197 1777,1197"/>
                <Baseline points="1777,1227 1935,1227 2053,1224 2061,1223 2191,1232"/>
                <TextEquiv>
                    <Unicode>Howard John Kennard</Unicode>
                </TextEquiv>
            </TextLine>
            <TextLine id="l_16" custom="readingOrder {index:5;}">
                <Coords points="1893,1297 1955,1297 2047,1294 2150,1295 2150,1265 2047,1264 1955,1267 1893,1267"/>
                <Baseline points="1893,1297 1955,1297 2047,1294 2150,1295"/>
                <TextEquiv>
                    <Unicode>54 Cheapside</Unicode>
                </TextEquiv>
            </TextLine>
            <TextLine id="l_17" custom="readingOrder {index:6;}">
                <Coords points="1787,1361 1871,1361 2077,1366 2168,1366 2168,1336 2077,1336 1871,1331 1787,1331"/>
                <Baseline points="1787,1361 1871,1361 2077,1366 2168,1366"/>
                <TextEquiv>
                    <Unicode>and 110 Regent Street</Unicode>
                </TextEquiv>
            </TextLine>
            <TextLine id="l_18" custom="readingOrder {index:7;}">
                <Coords points="1852,1458 1883,1451 2057,1456 2058,1426 1880,1421 1845,1429"/>
                <Baseline points="1852,1458 1883,1451 2057,1456"/>
                <TextEquiv>
                    <Unicode>London</Unicode>
                </TextEquiv>
            </TextLine>
            <TextEquiv>
                <Unicode></Unicode>
            </TextEquiv>
        </TextRegion>
        <TextRegion id="r_5" custom="readingOrder {index:6;}">
            <Coords points="2159,893 2627,893 2627,1719 2159,1719"/>
            <TextLine id="l_19" custom="readingOrder {index:0;}">
                <Coords points="2214,950 2388,950 2530,948 2530,918 2388,920 2214,920"/>
                <Baseline points="2214,950 2388,950 2530,948"/>
                <TextEquiv>
                    <Unicode>Name and Pace of Abode of</Unicode>
                </TextEquiv>
            </TextLine>
            <TextLine id="l_20" custom="readingOrder {index:1;}">
                <Coords points="2285,978 2463,976 2463,946 2285,948"/>
                <Baseline points="2285,978 2463,976"/>
                <TextEquiv>
                    <Unicode>Author of Work</Unicode>
                </TextEquiv>
            </TextLine>
            <TextLine id="l_21" custom="readingOrder {index:2;}">
                <Coords points="2210,1084 2347,1090 2446,1090 2609,1096 2610,1066 2447,1060 2348,1060 2211,1054"/>
                <Baseline points="2210,1084 2347,1090 2446,1090 2609,1096"/>
                <TextEquiv>
                    <Unicode>George Swan Nottage</Unicode>
                </TextEquiv>
            </TextLine>
            <TextLine id="l_22" custom="readingOrder {index:3;}">
                <Coords points="2285,1163 2388,1161 2387,1131 2284,1133"/>
                <Baseline points="2285,1163 2388,1161"/>
                <TextEquiv>
                    <Unicode>and</Unicode>
                </TextEquiv>
            </TextLine>
            <TextLine id="l_23" custom="readingOrder {index:4;}">
                <Coords points="2207,1226 2367,1226 2474,1230 2620,1232 2620,1202 2475,1200 2368,1196 2207,1196"/>
                <Baseline points="2207,1226 2367,1226 2474,1230 2620,1232"/>
                <TextEquiv>
                    <Unicode>Howard John Kennard</Unicode>
                </TextEquiv>
            </TextLine>
            <TextLine id="l_24" custom="readingOrder {index:5;}">
                <Coords points="2285,1294 2382,1290 2586,1301 2588,1271 2382,1260 2284,1264"/>
                <Baseline points="2285,1294 2382,1290 2586,1301"/>
                <TextEquiv>
                    <Unicode>54 Cheapside</Unicode>
                </TextEquiv>
            </TextLine>
            <TextLine id="l_25" custom="readingOrder {index:6;}">
                <Coords points="2195,1363 2304,1363 2362,1363 2497,1363 2609,1363 2609,1333 2497,1333 2362,1333 2304,1333 2195,1333"/>
                <Baseline points="2195,1363 2304,1363 2362,1363 2497,1363 2609,1363"/>
                <TextEquiv>
                    <Unicode>and 110 Regent Street</Unicode>
                </TextEquiv>
            </TextLine>
            <TextLine id="l_26" custom="readingOrder {index:7;}">
                <Coords points="2280,1454 2461,1458 2462,1428 2281,1424"/>
                <Baseline points="2280,1454 2461,1458"/>
                <TextEquiv>
                    <Unicode>London</Unicode>
                </TextEquiv>
            </TextLine>
            <TextEquiv>
                <Unicode></Unicode>
            </TextEquiv>
        </TextRegion>
        <TextRegion id="r_6" custom="readingOrder {index:7;}">
            <Coords points="312,1697 2605,1697 2605,1940 312,1940"/>
            <TextLine id="l_27" custom="readingOrder {index:0;}">
                <Coords points="462,1776 595,1776 666,1800 722,1768 772,1765 898,1778 1014,1778 1072,1782 1249,1793 1403,1782 1487,1782 1487,1752 1402,1752 1249,1763 1074,1752 1015,1748 900,1748 773,1735 713,1739 663,1769 600,1746 462,1746"/>
                <Baseline points="462,1776 595,1776 666,1800 722,1768 772,1765 898,1778 1014,1778 1072,1782 1249,1793 1403,1782 1487,1782"/>
                <TextEquiv>
                    <Unicode>Dated this 29th day of January 1883</Unicode>
                </TextEquiv>
            </TextLine>
            <TextEquiv>
                <Unicode></Unicode>
            </TextEquiv>
        </TextRegion>
    </Page>
</PcGts>
