<?xml version="1.0" encoding="UTF-8" standalone="yes"?>
<PcGts xmlns="http://schema.primaresearch.org/PAGE/gts/pagecontent/2013-07-15">
    <Metadata>
        <Creator>Transkribus</Creator>
        <Created>2025-09-23T14:48:14.922+02:00</Created>
        <LastChange>2025-10-03T18:28:13.255+02:00</LastChange>
    </Metadata>
    <Page imageFilename="p019.jpg" imageWidth="3508" imageHeight="2479">
        <TextRegion id="r" custom="readingOrder {index:0;}">
            <Coords points="317,585 2592,585 2592,886 317,886"/>
            <TextLine id="l" custom="readingOrder {index:0;}">
                <Coords points="406,698 606,690 762,685 942,685 1063,683 1145,683 1276,678 1343,675 1558,673 1580,668 1653,665 1708,664 1808,670 2009,667 2009,667 2009,637 2009,637 1809,640 1709,634 1652,635 1576,638 1555,643 1342,645 1275,648 1144,653 1063,653 942,655 762,655 605,660 405,668"/>
                <Baseline points="406,698 606,690 762,685 942,685 1063,683 1145,683 1276,678 1343,675 1558,673 1580,668 1653,665 1708,664 1808,670 2009,667 2009,667"/>
                <TextEquiv>
                    <Unicode>We George Swan Nottage and Howard John Kennard of 4 Cheapside and 110 Regent Street London</Unicode>
                </TextEquiv>
            </TextLine>
            <TextEquiv>
                <Unicode></Unicode>
            </TextEquiv>
        </TextRegion>
        <ImageRegion id="r_7" custom="readingOrder {index:1;}">
            <Coords points="240,167 1076,167 1076,603 240,603"/>
        </ImageRegion>
        <TextRegion id="r_1" custom="readingOrder {index:2;}">
            <Coords points="302,891 1146,891 1146,1745 302,1745"/>
            <TextLine id="l_1" custom="readingOrder {index:0;}">
                <Coords points="626,960 750,958 843,956 842,926 749,928 626,930"/>
                <Baseline points="626,960 750,958 843,956"/>
                <TextEquiv>
                    <Unicode>Description of Work</Unicode>
                </TextEquiv>
            </TextLine>
            <TextLine id="l_2" custom="readingOrder {index:1;}">
                <Coords points="305,1089 497,1087 568,1087 639,1081 746,1078 948,1069 1023,1067 1022,1037 947,1039 745,1048 637,1051 567,1057 497,1057 305,1059"/>
                <Baseline points="305,1089 497,1087 568,1087 639,1081 746,1078 948,1069 1023,1067"/>
                <TextEquiv>
                    <Unicode>Photograph of Lord Wolseley in</Unicode>
                </TextEquiv>
            </TextLine>
            <TextLine id="l_3" custom="readingOrder {index:2;}">
                <Coords points="306,1152 490,1143 685,1139 785,1130 892,1128 1017,1121 1015,1091 891,1098 783,1100 683,1109 489,1113 305,1122"/>
                <Baseline points="306,1152 490,1143 685,1139 785,1130 892,1128 1017,1121"/>
                <TextEquiv>
                    <Unicode>General Officers uniform with</Unicode>
                </TextEquiv>
            </TextLine>
            <TextLine id="l_4" custom="readingOrder {index:3;}">
                <Coords points="313,1202 506,1194 584,1195 803,1182 989,1176 1090,1169 1090,1169 1090,1139 1089,1139 987,1146 802,1152 583,1165 506,1164 312,1172"/>
                <Baseline points="313,1202 506,1194 584,1195 803,1182 989,1176 1090,1169 1090,1169"/>
                <TextEquiv>
                    <Unicode>Decorations standing nearly full</Unicode>
                </TextEquiv>
            </TextLine>
            <TextLine id="l_5" custom="readingOrder {index:4;}">
                <Coords points="309,1252 447,1252 541,1243 674,1238 804,1230 979,1222 1066,1209 1062,1179 976,1192 802,1200 673,1208 539,1213 446,1222 309,1222"/>
                <Baseline points="309,1252 447,1252 541,1243 674,1238 804,1230 979,1222 1066,1209"/>
                <TextEquiv>
                    <Unicode>face his right arm resting on </Unicode>
                </TextEquiv>
            </TextLine>
            <TextLine id="l_6" custom="readingOrder {index:5;}">
                <Coords points="316,1303 545,1297 619,1295 777,1275 879,1274 1072,1266 1071,1236 878,1244 775,1245 617,1265 544,1267 315,1273"/>
                <Baseline points="316,1303 545,1297 619,1295 777,1275 879,1274 1072,1266"/>
                <TextEquiv>
                    <Unicode>balustrade.      Copy attached</Unicode>
                </TextEquiv>
            </TextLine>
            <TextEquiv>
                <Unicode></Unicode>
            </TextEquiv>
        </TextRegion>
        <TextRegion id="r_2" custom="readingOrder {index:3;}">
            <Coords points="1146,893 1389,893 1389,1742 1146,1742"/>
            <TextLine id="l_7" custom="readingOrder {index:0;}">
                <Coords points="1157,936 1253,938 1350,938 1350,908 1253,908 1158,906"/>
                <Baseline points="1157,936 1253,938 1350,938"/>
                <TextEquiv>
                    <Unicode>Date of Agreement</Unicode>
                </TextEquiv>
            </TextLine>
            <TextLine id="l_8" custom="readingOrder {index:1;}">
                <Coords points="1184,968 1342,964 1341,934 1183,938"/>
                <Baseline points="1184,968 1342,964"/>
                <TextEquiv>
                    <Unicode>or Assignment</Unicode>
                </TextEquiv>
            </TextLine>
            <TextEquiv>
                <Unicode></Unicode>
            </TextEquiv>
        </TextRegion>
        <TextRegion id="r_3" custom="readingOrder {index:4;}">
            <Coords points="1381,886 1753,886 1753,1742 1381,1742"/>
            <TextLine id="l_9" custom="readingOrder {index:0;}">
                <Coords points="1402,949 1520,946 1615,945 1738,942 1737,912 1614,915 1519,916 1401,919"/>
                <Baseline points="1402,949 1520,946 1615,945 1738,942"/>
                <TextEquiv>
                    <Unicode>Names of Parties to Agreement</Unicode>
                </TextEquiv>
            </TextLine>
            <TextEquiv>
                <Unicode></Unicode>
            </TextEquiv>
        </TextRegion>
        <TextRegion id="r_4" custom="readingOrder {index:5;}">
            <Coords points="1740,886 2172,886 2172,1735 1740,1735"/>
            <TextLine id="l_10" custom="readingOrder {index:0;}">
                <Coords points="1791,929 1864,927 1974,927 2023,927 2116,925 2116,925 2116,895 2116,895 2023,897 1974,897 1864,897 1790,899"/>
                <Baseline points="1791,929 1864,927 1974,927 2023,927 2116,925 2116,925"/>
                <TextEquiv>
                    <Unicode>Name and Place of Abode of</Unicode>
                </TextEquiv>
            </TextLine>
            <TextLine id="l_11" custom="readingOrder {index:1;}">
                <Coords points="1829,956 1934,952 1975,952 2084,951 2084,921 1975,922 1933,922 1828,926"/>
                <Baseline points="1829,956 1934,952 1975,952 2084,951"/>
                <TextEquiv>
                    <Unicode>Proprietor of Copyright</Unicode>
                </TextEquiv>
            </TextLine>
            <TextLine id="l_12" custom="readingOrder {index:2;}">
                <Coords points="1761,1048 1892,1047 1980,1047 2074,1040 2074,1039 2124,1039 2124,1009 2044,1009 2045,1013 1979,1017 1892,1017 1761,1018"/>
                <Baseline points="1761,1048 1892,1047 1980,1047 2074,1040 2074,1039 2124,1039"/>
                <TextEquiv>
                    <Unicode>George Swan Nottage</Unicode>
                </TextEquiv>
            </TextLine>
            <TextLine id="l_13" custom="readingOrder {index:3;}">
                <Coords points="1880,1111 1980,1109 1979,1079 1879,1081"/>
                <Baseline points="1880,1111 1980,1109"/>
                <TextEquiv>
                    <Unicode>and</Unicode>
                </TextEquiv>
            </TextLine>
            <TextLine id="l_14" custom="readingOrder {index:4;}">
                <Coords points="1756,1172 1891,1168 1984,1168 2163,1163 2162,1133 1984,1138 1891,1138 1755,1142"/>
                <Baseline points="1756,1172 1891,1168 1984,1168 2163,1163"/>
                <TextEquiv>
                    <Unicode>Howard John Kennard</Unicode>
                </TextEquiv>
            </TextLine>
            <TextLine id="l_15" custom="readingOrder {index:5;}">
                <Coords points="1854,1234 1918,1233 2109,1231 2109,1201 1918,1203 1854,1204"/>
                <Baseline points="1854,1234 1918,1233 2109,1231"/>
                <TextEquiv>
                    <Unicode>54 Cheapside</Unicode>
                </TextEquiv>
            </TextLine>
            <TextLine id="l_16" custom="readingOrder {index:6;}">
                <Coords points="1764,1299 1862,1294 1924,1294 2157,1294 2157,1264 1924,1264 1861,1264 1762,1269"/>
                <Baseline points="1764,1299 1862,1294 1924,1294 2157,1294"/>
                <TextEquiv>
                    <Unicode>and 110 Regent Street</Unicode>
                </TextEquiv>
            </TextLine>
            <TextLine id="l_17" custom="readingOrder {index:7;}">
                <Coords points="1871,1374 2060,1375 2060,1345 1871,1344"/>
                <Baseline points="1871,1374 2060,1375"/>
                <TextEquiv>
                    <Unicode>London</Unicode>
                </TextEquiv>
            </TextLine>
            <TextEquiv>
                <Unicode></Unicode>
            </TextEquiv>
        </TextRegion>
        <TextRegion id="r_5" custom="readingOrder {index:6;}">
            <Coords points="2137,888 2614,888 2614,1735 2137,1735"/>
            <TextLine id="l_24" custom="readingOrder {index:0;}">
                <Coords points="2190,921 2323,919 2471,919 2520,914 2520,914 2520,884 2518,884 2469,889 2323,889 2190,891"/>
                <Baseline points="2190,921 2323,919 2471,919 2520,914 2520,914"/>
                <TextEquiv>
                    <Unicode>Name and Place of Abode of</Unicode>
                </TextEquiv>
            </TextLine>
            <TextLine id="l_25" custom="readingOrder {index:1;}">
                <Coords points="2261,943 2356,942 2440,942 2440,912 2356,912 2261,913"/>
                <Baseline points="2261,943 2356,942 2440,942"/>
                <TextEquiv>
                    <Unicode>Author of Work</Unicode>
                </TextEquiv>
            </TextLine>
            <TextLine id="l_18" custom="readingOrder {index:2;}">
                <Coords points="2153,1038 2288,1036 2417,1036 2601,1032 2600,1002 2417,1006 2288,1006 2153,1008"/>
                <Baseline points="2153,1038 2288,1036 2417,1036 2601,1032"/>
                <TextEquiv>
                    <Unicode>George Swan Nottage</Unicode>
                </TextEquiv>
            </TextLine>
            <TextLine id="l_19" custom="readingOrder {index:3;}">
                <Coords points="2273,1098 2393,1093 2392,1063 2272,1068"/>
                <Baseline points="2273,1098 2393,1093"/>
                <TextEquiv>
                    <Unicode>and</Unicode>
                </TextEquiv>
            </TextLine>
            <TextLine id="l_20" custom="readingOrder {index:4;}">
                <Coords points="2176,1163 2315,1159 2424,1152 2598,1148 2597,1118 2423,1122 2314,1129 2175,1133"/>
                <Baseline points="2176,1163 2315,1159 2424,1152 2598,1148"/>
                <TextEquiv>
                    <Unicode>Howard John Kennard</Unicode>
                </TextEquiv>
            </TextLine>
            <TextLine id="l_21" custom="readingOrder {index:5;}">
                <Coords points="2246,1221 2322,1214 2492,1211 2562,1211 2562,1181 2492,1181 2320,1184 2243,1191"/>
                <Baseline points="2246,1221 2322,1214 2492,1211 2562,1211"/>
                <TextEquiv>
                    <Unicode>54 Cheapside</Unicode>
                </TextEquiv>
            </TextLine>
            <TextLine id="l_22" custom="readingOrder {index:6;}">
                <Coords points="2173,1281 2266,1281 2328,1281 2492,1272 2607,1273 2607,1243 2491,1242 2327,1251 2266,1251 2173,1251"/>
                <Baseline points="2173,1281 2266,1281 2328,1281 2492,1272 2607,1273"/>
                <TextEquiv>
                    <Unicode>and 110 Regent Street</Unicode>
                </TextEquiv>
            </TextLine>
            <TextLine id="l_23" custom="readingOrder {index:7;}">
                <Coords points="2243,1355 2506,1348 2505,1318 2242,1325"/>
                <Baseline points="2243,1355 2506,1348"/>
                <TextEquiv>
                    <Unicode>London</Unicode>
                </TextEquiv>
            </TextLine>
            <TextEquiv>
                <Unicode></Unicode>
            </TextEquiv>
        </TextRegion>
        <TextRegion id="r_6" custom="readingOrder {index:7;}">
            <Coords points="302,1711 2612,1711 2612,1923 302,1923"/>
            <TextLine id="l_26" custom="readingOrder {index:0;}">
                <Coords points="459,1794 583,1792 670,1792 690,1846 735,1793 901,1787 968,1786 1035,1779 1226,1784 1399,1782 1474,1778 1472,1748 1398,1752 1226,1754 1034,1749 966,1756 900,1757 721,1763 698,1800 693,1760 583,1762 459,1764"/>
                <Baseline points="459,1794 583,1792 670,1792 690,1846 735,1793 901,1787 968,1786 1035,1779 1226,1784 1399,1782 1474,1778"/>
                <TextEquiv>
                    <Unicode>Dated this 29th day of January 1883</Unicode>
                </TextEquiv>
            </TextLine>
            <TextEquiv>
                <Unicode></Unicode>
            </TextEquiv>
        </TextRegion>
    </Page>
</PcGts>
