<?xml version="1.0" encoding="UTF-8" standalone="yes"?>
<PcGts xmlns="http://schema.primaresearch.org/PAGE/gts/pagecontent/2013-07-15">
    <Metadata>
        <Creator>Transkribus</Creator>
        <Created>2025-09-23T14:48:15.725+02:00</Created>
        <LastChange>2025-10-03T18:29:30.033+02:00</LastChange>
    </Metadata>
    <Page imageFilename="p020.jpg" imageWidth="3508" imageHeight="2479">
        <TextRegion id="r_1" custom="readingOrder {index:0;}">
            <Coords points="354,532 2571,532 2571,911 354,911"/>
            <TextEquiv>
                <Unicode></Unicode>
            </TextEquiv>
        </TextRegion>
        <ImageRegion id="r_2" custom="readingOrder {index:1;}">
            <Coords points="346,522 1115,522 1115,1701 346,1701"/>
        </ImageRegion>
        <TextRegion id="r_3" custom="readingOrder {index:2;}">
            <Coords points="1723,930 2160,930 2160,1745 1723,1745"/>
            <TextEquiv>
                <Unicode></Unicode>
            </TextEquiv>
        </TextRegion>
        <TextRegion id="r_4" custom="readingOrder {index:3;}">
            <Coords points="2134,941 2585,941 2585,1745 2134,1745"/>
            <TextEquiv>
                <Unicode></Unicode>
            </TextEquiv>
        </TextRegion>
        <TextRegion id="r" custom="readingOrder {index:4;}">
            <Coords points="362,957 1108,957 1108,1689 362,1689"/>
            <TextEquiv>
                <Unicode></Unicode>
            </TextEquiv>
        </TextRegion>
        <TextRegion id="r_5" custom="readingOrder {index:5;}">
            <Coords points="362,1711 2585,1711 2585,1956 362,1956"/>
            <TextEquiv>
                <Unicode></Unicode>
            </TextEquiv>
        </TextRegion>
    </Page>
</PcGts>
