<?xml version="1.0" encoding="UTF-8" standalone="yes"?>
<PcGts xmlns="http://schema.primaresearch.org/PAGE/gts/pagecontent/2013-07-15">
    <Metadata>
        <Creator>Transkribus</Creator>
        <Created>2025-09-23T14:48:15.870+02:00</Created>
        <LastChange>2025-10-03T18:30:06.746+02:00</LastChange>
    </Metadata>
    <Page imageFilename="p021.jpg" imageWidth="3508" imageHeight="2479">
        <TextRegion id="r" custom="readingOrder {index:0;}">
            <Coords points="410,596 2728,596 2728,883 410,883"/>
            <TextLine id="l" custom="readingOrder {index:0;}">
                <Coords points="520,712 721,712 969,710 1148,704 1245,702 1460,700 1497,693 1665,698 1700,687 1806,683 1896,685 1988,691 2117,685 2117,685 2117,655 2116,655 1988,661 1897,655 1806,653 1695,657 1661,668 1495,663 1457,670 1245,672 1147,674 968,680 721,682 520,682"/>
                <Baseline points="520,712 721,712 969,710 1148,704 1245,702 1460,700 1497,693 1665,698 1700,687 1806,683 1896,685 1988,691 2117,685 2117,685"/>
                <TextEquiv>
                    <Unicode>We George Swan Nottage and Howard John Kennard of 54 Cheapside and 110 Regent Street London</Unicode>
                </TextEquiv>
            </TextLine>
            <TextEquiv>
                <Unicode></Unicode>
            </TextEquiv>
        </TextRegion>
        <ImageRegion id="r_7" custom="readingOrder {index:1;}">
            <Coords points="386,167 1194,167 1194,598 386,598"/>
        </ImageRegion>
        <TextRegion id="r_1" custom="readingOrder {index:2;}">
            <Coords points="407,893 1191,893 1191,1746 407,1746"/>
            <TextLine id="l_1" custom="readingOrder {index:0;}">
                <Coords points="696,983 929,981 929,951 696,953"/>
                <Baseline points="696,983 929,981"/>
                <TextEquiv>
                    <Unicode>Description of Work</Unicode>
                </TextEquiv>
            </TextLine>
            <TextLine id="l_2" custom="readingOrder {index:1;}">
                <Coords points="461,1162 752,1168 865,1166 943,1164 1010,1161 1142,1174 1145,1144 1011,1131 942,1134 864,1136 752,1138 462,1132"/>
                <Baseline points="461,1162 752,1168 865,1166 943,1164 1010,1161 1142,1174"/>
                <TextEquiv>
                    <Unicode>Photograph of Lord Wolseley</Unicode>
                </TextEquiv>
            </TextLine>
            <TextLine id="l_3" custom="readingOrder {index:2;}">
                <Coords points="420,1234 490,1236 529,1232 710,1232 713,1232 745,1226 890,1230 1143,1232 1143,1202 891,1200 743,1196 710,1202 710,1202 527,1202 489,1206 421,1204"/>
                <Baseline points="420,1234 490,1236 529,1232 710,1232 713,1232 745,1226 890,1230 1143,1232"/>
                <TextEquiv>
                    <Unicode>in General Officer Uniform</Unicode>
                </TextEquiv>
            </TextLine>
            <TextLine id="l_4" custom="readingOrder {index:3;}">
                <Coords points="429,1310 542,1304 841,1304 868,1300 981,1300 1152,1304 1153,1274 981,1270 866,1270 839,1274 541,1274 427,1280"/>
                <Baseline points="429,1310 542,1304 841,1304 868,1300 981,1300 1152,1304"/>
                <TextEquiv>
                    <Unicode>with Decorations face nearly</Unicode>
                </TextEquiv>
            </TextLine>
            <TextLine id="l_5" custom="readingOrder {index:4;}">
                <Coords points="422,1378 524,1379 699,1379 756,1373 920,1379 1023,1375 1095,1373 1095,1373 1095,1343 1095,1343 1022,1345 920,1349 755,1343 697,1349 524,1349 422,1348"/>
                <Baseline points="422,1378 524,1379 699,1379 756,1373 920,1379 1023,1375 1095,1373 1095,1373"/>
                <TextEquiv>
                    <Unicode>in profile turned to his</Unicode>
                </TextEquiv>
            </TextLine>
            <TextLine id="l_6" custom="readingOrder {index:5;}">
                <Coords points="424,1453 625,1451 822,1461 891,1451 1093,1453 1093,1423 889,1421 821,1431 626,1421 424,1423"/>
                <Baseline points="424,1453 625,1451 822,1461 891,1451 1093,1453"/>
                <TextEquiv>
                    <Unicode>right looking slightly</Unicode>
                </TextEquiv>
            </TextLine>
            <TextLine id="l_7" custom="readingOrder {index:6;}">
                <Coords points="430,1512 703,1516 703,1486 430,1482"/>
                <Baseline points="430,1512 703,1516"/>
                <TextEquiv>
                    <Unicode>downward</Unicode>
                </TextEquiv>
            </TextLine>
            <TextLine id="l_8" custom="readingOrder {index:7;}">
                <Coords points="437,1635 566,1633 810,1631 810,1601 566,1603 437,1605"/>
                <Baseline points="437,1635 566,1633 810,1631"/>
                <TextEquiv>
                    <Unicode>Copy attached</Unicode>
                </TextEquiv>
            </TextLine>
            <TextEquiv>
                <Unicode></Unicode>
            </TextEquiv>
        </TextRegion>
        <TextRegion id="r_2" custom="readingOrder {index:3;}">
            <Coords points="1189,890 1489,890 1489,1748 1189,1748"/>
            <TextLine id="l_9" custom="readingOrder {index:0;}">
                <Coords points="1229,964 1325,962 1444,958 1443,928 1324,932 1228,934"/>
                <Baseline points="1229,964 1325,962 1444,958"/>
                <TextEquiv>
                    <Unicode>Date of Agreement</Unicode>
                </TextEquiv>
            </TextLine>
            <TextLine id="l_10" custom="readingOrder {index:1;}">
                <Coords points="1258,989 1428,987 1428,957 1258,959"/>
                <Baseline points="1258,989 1428,987"/>
                <TextEquiv>
                    <Unicode>or Assignment</Unicode>
                </TextEquiv>
            </TextLine>
            <TextEquiv>
                <Unicode></Unicode>
            </TextEquiv>
        </TextRegion>
        <TextRegion id="r_3" custom="readingOrder {index:4;}">
            <Coords points="1482,890 1895,890 1895,1748 1482,1748"/>
            <TextLine id="l_11" custom="readingOrder {index:0;}">
                <Coords points="1518,975 1635,973 1717,973 1863,968 1862,938 1716,943 1635,943 1517,945"/>
                <Baseline points="1518,975 1635,973 1717,973 1863,968"/>
                <TextEquiv>
                    <Unicode>Name of Parties to Agreement</Unicode>
                </TextEquiv>
            </TextLine>
            <TextEquiv>
                <Unicode></Unicode>
            </TextEquiv>
        </TextRegion>
        <TextRegion id="r_4" custom="readingOrder {index:5;}">
            <Coords points="1864,884 2299,884 2299,1750 1864,1750"/>
            <TextLine id="l_12" custom="readingOrder {index:0;}">
                <Coords points="1918,952 2087,954 2234,950 2233,920 2087,924 1918,922"/>
                <Baseline points="1918,952 2087,954 2234,950"/>
                <TextEquiv>
                    <Unicode>Name and Place of Abode of</Unicode>
                </TextEquiv>
            </TextLine>
            <TextLine id="l_13" custom="readingOrder {index:1;}">
                <Coords points="1947,977 2060,977 2204,977 2204,947 2060,947 1947,947"/>
                <Baseline points="1947,977 2060,977 2204,977"/>
                <TextEquiv>
                    <Unicode>Proprietor of Copyright</Unicode>
                </TextEquiv>
            </TextLine>
            <TextLine id="l_14" custom="readingOrder {index:2;}">
                <Coords points="1867,1089 1980,1089 2093,1089 2249,1089 2249,1059 2093,1059 1980,1059 1867,1059"/>
                <Baseline points="1867,1089 1980,1089 2093,1089 2249,1089"/>
                <TextEquiv>
                    <Unicode>George Swan Nottage</Unicode>
                </TextEquiv>
            </TextLine>
            <TextLine id="l_15" custom="readingOrder {index:3;}">
                <Coords points="1996,1153 2103,1153 2103,1123 1996,1123"/>
                <Baseline points="1996,1153 2103,1153"/>
                <TextEquiv>
                    <Unicode>and</Unicode>
                </TextEquiv>
            </TextLine>
            <TextLine id="l_16" custom="readingOrder {index:4;}">
                <Coords points="1867,1225 2023,1223 2124,1221 2288,1227 2289,1197 2124,1191 2023,1193 1867,1195"/>
                <Baseline points="1867,1225 2023,1223 2124,1221 2288,1227"/>
                <TextEquiv>
                    <Unicode>Howard John Kennard</Unicode>
                </TextEquiv>
            </TextLine>
            <TextLine id="l_17" custom="readingOrder {index:5;}">
                <Coords points="1958,1291 2012,1288 2191,1291 2251,1292 2251,1262 2192,1261 2011,1258 1956,1261"/>
                <Baseline points="1958,1291 2012,1288 2191,1291 2251,1292"/>
                <TextEquiv>
                    <Unicode>54 Cheapside</Unicode>
                </TextEquiv>
            </TextLine>
            <TextLine id="l_18" custom="readingOrder {index:6;}">
                <Coords points="1874,1359 1979,1355 2046,1353 2180,1353 2285,1356 2286,1326 2180,1323 2046,1323 1978,1325 1873,1329"/>
                <Baseline points="1874,1359 1979,1355 2046,1353 2180,1353 2285,1356"/>
                <TextEquiv>
                    <Unicode>and 110 Regent Street</Unicode>
                </TextEquiv>
            </TextLine>
            <TextLine id="l_20" custom="readingOrder {index:7;}">
                <Coords points="1944,1429 2193,1426 2193,1396 1944,1399"/>
                <Baseline points="1944,1429 2193,1426"/>
                <TextEquiv>
                    <Unicode>London</Unicode>
                </TextEquiv>
            </TextLine>
            <TextEquiv>
                <Unicode></Unicode>
            </TextEquiv>
        </TextRegion>
        <TextRegion id="r_5" custom="readingOrder {index:6;}">
            <Coords points="2262,884 2757,884 2757,1750 2262,1750"/>
            <TextLine id="l_19" custom="readingOrder {index:0;}">
                <Coords points="2308,952 2379,950 2488,950 2596,951 2644,951 2644,921 2596,921 2488,920 2379,920 2307,922"/>
                <Baseline points="2308,952 2379,950 2488,950 2596,951 2644,951"/>
                <TextEquiv>
                    <Unicode>Name and Place of Abode of</Unicode>
                </TextEquiv>
            </TextLine>
            <TextLine id="l_21" custom="readingOrder {index:1;}">
                <Coords points="2381,974 2472,976 2573,976 2573,946 2472,946 2382,944"/>
                <Baseline points="2381,974 2472,976 2573,976"/>
                <TextEquiv>
                    <Unicode>Author of Work</Unicode>
                </TextEquiv>
            </TextLine>
            <TextLine id="l_22" custom="readingOrder {index:2;}">
                <Coords points="2276,1081 2427,1082 2560,1079 2743,1080 2743,1050 2560,1049 2427,1052 2276,1051"/>
                <Baseline points="2276,1081 2427,1082 2560,1079 2743,1080"/>
                <TextEquiv>
                    <Unicode>George Swan Nottage</Unicode>
                </TextEquiv>
            </TextLine>
            <TextLine id="l_23" custom="readingOrder {index:3;}">
                <Coords points="2426,1142 2547,1151 2549,1121 2428,1112"/>
                <Baseline points="2426,1142 2547,1151"/>
                <TextEquiv>
                    <Unicode>and</Unicode>
                </TextEquiv>
            </TextLine>
            <TextLine id="l_24" custom="readingOrder {index:4;}">
                <Coords points="2309,1219 2486,1217 2510,1211 2603,1216 2750,1224 2752,1194 2605,1186 2507,1181 2482,1187 2309,1189"/>
                <Baseline points="2309,1219 2486,1217 2510,1211 2603,1216 2750,1224"/>
                <TextEquiv>
                    <Unicode>Howard John Kennard</Unicode>
                </TextEquiv>
            </TextLine>
            <TextLine id="l_25" custom="readingOrder {index:5;}">
                <Coords points="2389,1292 2461,1292 2596,1293 2719,1293 2719,1263 2596,1263 2461,1262 2389,1262"/>
                <Baseline points="2389,1292 2461,1292 2596,1293 2719,1293"/>
                <TextEquiv>
                    <Unicode>54 Cheapside</Unicode>
                </TextEquiv>
            </TextLine>
            <TextLine id="l_26" custom="readingOrder {index:6;}">
                <Coords points="2308,1356 2467,1352 2507,1348 2629,1358 2659,1353 2747,1353 2747,1323 2657,1323 2628,1328 2507,1318 2465,1322 2307,1326"/>
                <Baseline points="2308,1356 2467,1352 2507,1348 2629,1358 2659,1353 2747,1353"/>
                <TextEquiv>
                    <Unicode>and 110 Regent Street</Unicode>
                </TextEquiv>
            </TextLine>
            <TextLine id="l_27" custom="readingOrder {index:7;}">
                <Coords points="2373,1425 2602,1435 2603,1405 2374,1395"/>
                <Baseline points="2373,1425 2602,1435"/>
                <TextEquiv>
                    <Unicode>London</Unicode>
                </TextEquiv>
            </TextLine>
            <TextEquiv>
                <Unicode></Unicode>
            </TextEquiv>
        </TextRegion>
        <TextRegion id="r_6" custom="readingOrder {index:7;}">
            <Coords points="401,1726 2740,1726 2740,1951 401,1951"/>
            <TextLine id="l_28" custom="readingOrder {index:0;}">
                <Coords points="573,1793 703,1793 880,1800 902,1819 935,1801 951,1771 986,1773 1010,1794 1071,1792 1106,1808 1158,1799 1398,1797 1510,1794 1611,1794 1608,1791 1587,1812 1565,1775 1510,1764 1397,1767 1155,1769 1110,1778 1077,1763 1020,1766 997,1745 932,1737 914,1780 906,1784 891,1772 704,1763 573,1763"/>
                <Baseline points="573,1793 703,1793 880,1800 902,1819 935,1801 951,1771 986,1773 1010,1794 1071,1792 1106,1808 1158,1799 1398,1797 1510,1794 1611,1794 1608,1791"/>
                <TextEquiv>
                    <Unicode>Dated this 29th day of January 1883</Unicode>
                </TextEquiv>
            </TextLine>
            <TextEquiv>
                <Unicode></Unicode>
            </TextEquiv>
        </TextRegion>
    </Page>
</PcGts>
