<?xml version="1.0" encoding="UTF-8" standalone="yes"?>
<PcGts xmlns="http://schema.primaresearch.org/PAGE/gts/pagecontent/2013-07-15">
    <Metadata>
        <Creator>Transkribus</Creator>
        <Created>2025-09-23T14:48:17.280+02:00</Created>
        <LastChange>2025-10-03T18:32:01.622+02:00</LastChange>
    </Metadata>
    <Page imageFilename="p023.jpg" imageWidth="3508" imageHeight="2479">
        <TextRegion id="r" custom="readingOrder {index:0;}">
            <Coords points="245,603 2537,603 2537,950 245,950"/>
            <TextLine id="l" custom="readingOrder {index:0;}">
                <Coords points="389,790 473,790 629,790 663,780 745,780 769,780 823,777 857,771 974,773 1055,777 1086,771 1211,771 1267,771 1351,771 1489,767 1558,764 1607,762 1696,758 1797,754 1942,762 1944,732 1797,724 1695,728 1606,732 1557,734 1488,737 1351,741 1267,741 1211,741 1083,741 1053,747 975,743 855,741 820,747 768,750 745,750 659,750 625,760 473,760 389,760"/>
                <Baseline points="389,790 473,790 629,790 663,780 745,780 769,780 823,777 857,771 974,773 1055,777 1086,771 1211,771 1267,771 1351,771 1489,767 1558,764 1607,762 1696,758 1797,754 1942,762"/>
                <TextEquiv>
                    <Unicode>We George Swan Nottage and Howard John Kennard of 54 Cheapside and 110 Regent Street London</Unicode>
                </TextEquiv>
            </TextLine>
            <TextEquiv>
                <Unicode></Unicode>
            </TextEquiv>
        </TextRegion>
        <ImageRegion id="r_5" custom="readingOrder {index:1;}">
            <Coords points="238,161 1037,161 1037,649 238,649"/>
        </ImageRegion>
        <TextRegion id="r_1" custom="readingOrder {index:2;}">
            <Coords points="262,983 1040,983 1040,1792 262,1792"/>
            <TextLine id="l_1" custom="readingOrder {index:0;}">
                <Coords points="563,1056 677,1054 717,1054 775,1054 775,1024 717,1024 677,1024 562,1026"/>
                <Baseline points="563,1056 677,1054 717,1054 775,1054"/>
                <TextEquiv>
                    <Unicode>Description of Work</Unicode>
                </TextEquiv>
            </TextLine>
            <TextLine id="l_2" custom="readingOrder {index:1;}">
                <Coords points="307,1214 449,1222 578,1216 661,1210 700,1204 781,1204 988,1202 988,1172 781,1174 698,1174 658,1180 576,1186 449,1192 309,1184"/>
                <Baseline points="307,1214 449,1222 578,1216 661,1210 700,1204 781,1204 988,1202"/>
                <TextEquiv>
                    <Unicode>Photograph of Lord Wolsley</Unicode>
                </TextEquiv>
            </TextLine>
            <TextLine id="l_3" custom="readingOrder {index:2;}">
                <Coords points="277,1288 370,1282 541,1282 572,1276 612,1270 744,1273 778,1267 980,1267 980,1237 775,1237 742,1243 610,1240 567,1246 538,1252 369,1252 275,1258"/>
                <Baseline points="277,1288 370,1282 541,1282 572,1276 612,1270 744,1273 778,1267 980,1267"/>
                <TextEquiv>
                    <Unicode>in General Officer Uniform</Unicode>
                </TextEquiv>
            </TextLine>
            <TextLine id="l_4" custom="readingOrder {index:3;}">
                <Coords points="277,1354 389,1349 434,1341 676,1346 708,1340 819,1340 856,1340 1010,1340 1010,1310 856,1310 819,1310 705,1310 674,1316 432,1311 386,1319 276,1324"/>
                <Baseline points="277,1354 389,1349 434,1341 676,1346 708,1340 819,1340 856,1340 1010,1340"/>
                <TextEquiv>
                    <Unicode>with Decorations face almost</Unicode>
                </TextEquiv>
            </TextLine>
            <TextLine id="l_5" custom="readingOrder {index:4;}">
                <Coords points="275,1425 377,1422 457,1423 519,1411 607,1414 687,1418 690,1417 726,1409 897,1408 897,1378 723,1379 682,1388 683,1388 608,1384 517,1381 454,1393 377,1392 274,1395"/>
                <Baseline points="275,1425 377,1422 457,1423 519,1411 607,1414 687,1418 690,1417 726,1409 897,1408"/>
                <TextEquiv>
                    <Unicode>profile looking to his</Unicode>
                </TextEquiv>
            </TextLine>
            <TextLine id="l_6" custom="readingOrder {index:5;}">
                <Coords points="293,1485 454,1478 503,1472 536,1469 542,1472 555,1445 542,1440 500,1442 452,1448 292,1455"/>
                <Baseline points="293,1485 454,1478 503,1472 536,1469 542,1472"/>
                <TextEquiv>
                    <Unicode>right and </Unicode>
                </TextEquiv>
            </TextLine>
            <TextLine id="l_7" custom="readingOrder {index:6;}">
                <Coords points="286,1562 414,1559 479,1559 525,1563 761,1560 761,1530 526,1533 480,1529 414,1529 285,1532"/>
                <Baseline points="286,1562 414,1559 479,1559 525,1563 761,1560"/>
                <TextEquiv>
                    <Unicode>slightly upwards</Unicode>
                </TextEquiv>
            </TextLine>
            <TextLine id="l_8" custom="readingOrder {index:7;}">
                <Coords points="343,1657 398,1662 452,1662 488,1654 608,1654 738,1657 739,1627 608,1624 485,1624 449,1632 399,1632 346,1627"/>
                <Baseline points="343,1657 398,1662 452,1662 488,1654 608,1654 738,1657"/>
                <TextEquiv>
                    <Unicode>Copy attached</Unicode>
                </TextEquiv>
            </TextLine>
            <TextEquiv>
                <Unicode></Unicode>
            </TextEquiv>
        </TextRegion>
        <TextRegion id="r_2" custom="readingOrder {index:3;}">
            <Coords points="1654,980 2117,980 2117,1770 1654,1770"/>
            <TextLine id="l_9" custom="readingOrder {index:0;}">
                <Coords points="1732,1023 1796,1023 1863,1021 1949,1021 2018,1019 2054,1021 2056,991 2018,989 1949,991 1863,991 1796,993 1732,993"/>
                <Baseline points="1732,1023 1796,1023 1863,1021 1949,1021 2018,1019 2054,1021"/>
                <TextEquiv>
                    <Unicode>Name and Place of Abode of</Unicode>
                </TextEquiv>
            </TextLine>
            <TextLine id="l_10" custom="readingOrder {index:1;}">
                <Coords points="1772,1047 1869,1047 1917,1047 2023,1047 2023,1017 1917,1017 1869,1017 1772,1017"/>
                <Baseline points="1772,1047 1869,1047 1917,1047 2023,1047"/>
                <TextEquiv>
                    <Unicode>Proprietor of Copyright</Unicode>
                </TextEquiv>
            </TextLine>
            <TextLine id="l_11" custom="readingOrder {index:2;}">
                <Coords points="1693,1163 1792,1163 1917,1158 2077,1153 2076,1123 1916,1128 1791,1133 1693,1133"/>
                <Baseline points="1693,1163 1792,1163 1917,1158 2077,1153"/>
                <TextEquiv>
                    <Unicode>George Swan Nottage</Unicode>
                </TextEquiv>
            </TextLine>
            <TextLine id="l_12" custom="readingOrder {index:3;}">
                <Coords points="1796,1229 1892,1224 1890,1194 1794,1199"/>
                <Baseline points="1796,1229 1892,1224"/>
                <TextEquiv>
                    <Unicode>and</Unicode>
                </TextEquiv>
            </TextLine>
            <TextLine id="l_13" custom="readingOrder {index:4;}">
                <Coords points="1682,1284 1764,1283 1824,1281 1852,1277 1915,1277 1935,1271 2028,1278 2083,1278 2083,1248 2029,1248 1932,1241 1911,1247 1850,1247 1821,1251 1763,1253 1682,1254"/>
                <Baseline points="1682,1284 1764,1283 1824,1281 1852,1277 1915,1277 1935,1271 2028,1278 2083,1278"/>
                <TextEquiv>
                    <Unicode>Howard John Kennard</Unicode>
                </TextEquiv>
            </TextLine>
            <TextLine id="l_14" custom="readingOrder {index:5;}">
                <Coords points="1813,1337 1861,1337 1986,1337 2074,1340 2075,1310 1987,1307 1861,1307 1813,1307"/>
                <Baseline points="1813,1337 1861,1337 1986,1337 2074,1340"/>
                <TextEquiv>
                    <Unicode>54 Cheapside</Unicode>
                </TextEquiv>
            </TextLine>
            <TextLine id="l_15" custom="readingOrder {index:6;}">
                <Coords points="1705,1401 1787,1401 1861,1395 1900,1397 1918,1406 1998,1398 2100,1409 2103,1379 1998,1368 1923,1376 1908,1368 1861,1365 1786,1371 1705,1371"/>
                <Baseline points="1705,1401 1787,1401 1861,1395 1900,1397 1918,1406 1998,1398 2100,1409"/>
                <TextEquiv>
                    <Unicode>and 110 Regent Street</Unicode>
                </TextEquiv>
            </TextLine>
            <TextLine id="l_16" custom="readingOrder {index:7;}">
                <Coords points="1801,1478 2000,1478 2000,1448 1801,1448"/>
                <Baseline points="1801,1478 2000,1478"/>
                <TextEquiv>
                    <Unicode>London</Unicode>
                </TextEquiv>
            </TextLine>
            <TextEquiv>
                <Unicode></Unicode>
            </TextEquiv>
        </TextRegion>
        <TextRegion id="r_3" custom="readingOrder {index:4;}">
            <Coords points="2085,983 2552,983 2552,1772 2085,1772"/>
            <TextLine id="l_17" custom="readingOrder {index:0;}">
                <Coords points="2125,1026 2187,1023 2238,1023 2317,1023 2398,1021 2445,1018 2443,988 2397,991 2317,993 2238,993 2186,993 2124,996"/>
                <Baseline points="2125,1026 2187,1023 2238,1023 2317,1023 2398,1021 2445,1018"/>
                <TextEquiv>
                    <Unicode>Name and Place of Abode of</Unicode>
                </TextEquiv>
            </TextLine>
            <TextLine id="l_18" custom="readingOrder {index:1;}">
                <Coords points="2195,1047 2269,1047 2315,1047 2372,1044 2370,1014 2314,1017 2269,1017 2195,1017"/>
                <Baseline points="2195,1047 2269,1047 2315,1047 2372,1044"/>
                <TextEquiv>
                    <Unicode>Author of Work</Unicode>
                </TextEquiv>
            </TextLine>
            <TextLine id="l_19" custom="readingOrder {index:2;}">
                <Coords points="2101,1149 2209,1152 2349,1150 2377,1146 2539,1149 2540,1119 2375,1116 2347,1120 2209,1122 2102,1119"/>
                <Baseline points="2101,1149 2209,1152 2349,1150 2377,1146 2539,1149"/>
                <TextEquiv>
                    <Unicode>George Swan Nottage</Unicode>
                </TextEquiv>
            </TextLine>
            <TextLine id="l_20" custom="readingOrder {index:3;}">
                <Coords points="2244,1207 2349,1209 2350,1179 2245,1177"/>
                <Baseline points="2244,1207 2349,1209"/>
                <TextEquiv>
                    <Unicode>and</Unicode>
                </TextEquiv>
            </TextLine>
            <TextLine id="l_21" custom="readingOrder {index:4;}">
                <Coords points="2122,1271 2201,1271 2275,1277 2301,1272 2377,1272 2428,1272 2543,1281 2545,1251 2429,1242 2377,1242 2298,1242 2273,1247 2202,1241 2122,1241"/>
                <Baseline points="2122,1271 2201,1271 2275,1277 2301,1272 2377,1272 2428,1272 2543,1281"/>
                <TextEquiv>
                    <Unicode>Howard John Kennard</Unicode>
                </TextEquiv>
            </TextLine>
            <TextLine id="l_22" custom="readingOrder {index:5;}">
                <Coords points="2216,1344 2266,1344 2299,1333 2425,1341 2516,1344 2517,1314 2426,1311 2295,1303 2261,1314 2216,1314"/>
                <Baseline points="2216,1344 2266,1344 2299,1333 2425,1341 2516,1344"/>
                <TextEquiv>
                    <Unicode>54 Cheapside</Unicode>
                </TextEquiv>
            </TextLine>
            <TextLine id="l_23" custom="readingOrder {index:6;}">
                <Coords points="2128,1405 2216,1405 2290,1401 2430,1410 2459,1404 2545,1413 2548,1383 2458,1374 2428,1380 2290,1371 2215,1375 2128,1375"/>
                <Baseline points="2128,1405 2216,1405 2290,1401 2430,1410 2459,1404 2545,1413"/>
                <TextEquiv>
                    <Unicode>and 110 Regent Street</Unicode>
                </TextEquiv>
            </TextLine>
            <TextLine id="l_24" custom="readingOrder {index:7;}">
                <Coords points="2202,1470 2396,1473 2396,1443 2202,1440"/>
                <Baseline points="2202,1470 2396,1473"/>
                <TextEquiv>
                    <Unicode>London</Unicode>
                </TextEquiv>
            </TextLine>
            <TextEquiv>
                <Unicode></Unicode>
            </TextEquiv>
        </TextRegion>
        <TextRegion id="r_4" custom="readingOrder {index:5;}">
            <Coords points="257,1756 2534,1756 2534,1979 257,1979"/>
            <TextLine id="l_25" custom="readingOrder {index:0;}">
                <Coords points="435,1847 545,1844 668,1847 714,1862 770,1834 801,1833 861,1848 929,1847 1003,1854 1168,1848 1254,1845 1354,1844 1440,1842 1439,1812 1354,1814 1253,1815 1167,1818 1004,1824 930,1817 864,1818 804,1803 763,1805 712,1832 673,1817 545,1814 434,1817"/>
                <Baseline points="435,1847 545,1844 668,1847 714,1862 770,1834 801,1833 861,1848 929,1847 1003,1854 1168,1848 1254,1845 1354,1844 1440,1842"/>
                <TextEquiv>
                    <Unicode>Dated this 29th day of January 1883</Unicode>
                </TextEquiv>
            </TextLine>
            <TextEquiv>
                <Unicode></Unicode>
            </TextEquiv>
        </TextRegion>
    </Page>
</PcGts>
