<?xml version="1.0" encoding="UTF-8" standalone="yes"?>
<PcGts xmlns="http://schema.primaresearch.org/PAGE/gts/pagecontent/2013-07-15">
    <Metadata>
        <Creator>Transkribus</Creator>
        <Created>2025-09-23T14:48:17.817+02:00</Created>
        <LastChange>2025-10-03T18:39:01.958+02:00</LastChange>
    </Metadata>
    <Page imageFilename="p025.jpg" imageWidth="3508" imageHeight="2479">
        <TextRegion id="r" custom="readingOrder {index:0;}">
            <Coords points="314,535 2603,535 2603,875 314,875"/>
            <TextLine id="l" custom="readingOrder {index:0;}">
                <Coords points="430,710 499,709 699,707 726,702 842,702 927,700 1065,695 1165,690 1295,694 1346,692 1360,687 1473,687 1564,685 1625,684 1680,681 1724,681 1790,681 1883,680 1929,676 2055,660 2055,660 2062,654 2042,631 2045,632 2053,630 1926,646 1882,650 1790,651 1724,651 1679,651 1624,654 1563,655 1473,657 1355,657 1340,663 1295,664 1165,660 1064,665 926,670 842,672 723,672 696,677 499,679 430,680"/>
                <Baseline points="430,710 499,709 699,707 726,702 842,702 927,700 1065,695 1165,690 1295,694 1346,692 1360,687 1473,687 1564,685 1625,684 1680,681 1724,681 1790,681 1883,680 1929,676 2055,660 2055,660 2062,654"/>
                <TextEquiv>
                    <Unicode>We George Swan Nottage and Howard John Kennard of 54 Cheapside and 110 Regent Street London</Unicode>
                </TextEquiv>
            </TextLine>
            <TextEquiv>
                <Unicode></Unicode>
            </TextEquiv>
        </TextRegion>
        <ImageRegion id="r_5" custom="readingOrder {index:1;}">
            <Coords points="262,170 1052,170 1052,581 262,581"/>
        </ImageRegion>
        <TextRegion id="r_1" custom="readingOrder {index:2;}">
            <Coords points="307,914 1122,914 1122,1766 307,1766"/>
            <TextLine id="l_1" custom="readingOrder {index:0;}">
                <Coords points="613,983 721,979 759,977 823,972 821,942 757,947 720,949 612,953"/>
                <Baseline points="613,983 721,979 759,977 823,972"/>
                <TextEquiv>
                    <Unicode>Description of Wprk</Unicode>
                </TextEquiv>
            </TextLine>
            <TextLine id="l_2" custom="readingOrder {index:1;}">
                <Coords points="355,1083 507,1089 621,1083 697,1079 820,1075 1021,1072 1092,1068 1090,1038 1020,1042 819,1045 696,1049 619,1053 507,1059 356,1053"/>
                <Baseline points="355,1083 507,1089 621,1083 697,1079 820,1075 1021,1072 1092,1068"/>
                <TextEquiv>
                    <Unicode>Photograph of Lord Wolesley in</Unicode>
                </TextEquiv>
            </TextLine>
            <TextLine id="l_3" custom="readingOrder {index:2;}">
                <Coords points="345,1152 554,1144 735,1139 778,1128 992,1124 1096,1125 1096,1095 992,1094 774,1098 731,1109 553,1114 344,1122"/>
                <Baseline points="345,1152 554,1144 735,1139 778,1128 992,1124 1096,1125"/>
                <TextEquiv>
                    <Unicode>General Officers Uniform with</Unicode>
                </TextEquiv>
            </TextLine>
            <TextLine id="l_4" custom="readingOrder {index:3;}">
                <Coords points="343,1209 473,1207 567,1201 607,1196 706,1188 739,1184 873,1184 903,1179 955,1179 964,1174 1114,1184 1116,1154 957,1145 947,1150 901,1149 871,1154 737,1154 703,1158 604,1166 564,1171 472,1177 343,1179"/>
                <Baseline points="343,1209 473,1207 567,1201 607,1196 706,1188 739,1184 873,1184 903,1179 955,1179 964,1174 1114,1184"/>
                <TextEquiv>
                    <Unicode>Decorations face nearly in profile </Unicode>
                </TextEquiv>
            </TextLine>
            <TextLine id="l_5" custom="readingOrder {index:4;}">
                <Coords points="323,1253 483,1249 525,1236 570,1236 589,1232 675,1232 692,1227 818,1224 817,1194 687,1197 671,1202 586,1202 567,1206 521,1206 478,1219 322,1223"/>
                <Baseline points="323,1253 483,1249 525,1236 570,1236 589,1232 675,1232 692,1227 818,1224"/>
                <TextEquiv>
                    <Unicode>turned to the right</Unicode>
                </TextEquiv>
            </TextLine>
            <TextLine id="l_6" custom="readingOrder {index:5;}">
                <Coords points="761,1261 846,1260 874,1261 992,1262 1094,1268 1096,1238 993,1232 875,1231 846,1230 761,1231"/>
                <Baseline points="761,1261 846,1260 874,1261 992,1262 1094,1268"/>
                <TextEquiv>
                    <Unicode>copy attached</Unicode>
                </TextEquiv>
            </TextLine>
            <TextEquiv>
                <Unicode></Unicode>
            </TextEquiv>
        </TextRegion>
        <TextRegion id="r_2" custom="readingOrder {index:3;}">
            <Coords points="1750,896 2156,896 2156,1749 1750,1749"/>
            <TextLine id="l_7" custom="readingOrder {index:0;}">
                <Coords points="1801,943 1855,940 1980,940 2073,939 2115,939 2115,909 2073,909 1980,910 1854,910 1799,913"/>
                <Baseline points="1801,943 1855,940 1980,940 2073,939 2115,939"/>
                <TextEquiv>
                    <Unicode>Name and Place of Abode of</Unicode>
                </TextEquiv>
            </TextLine>
            <TextLine id="l_8" custom="readingOrder {index:1;}">
                <Coords points="1833,964 1928,963 1980,963 2082,963 2082,933 1980,933 1928,933 1833,934"/>
                <Baseline points="1833,964 1928,963 1980,963 2082,963"/>
                <TextEquiv>
                    <Unicode>Proprietor of Copyright</Unicode>
                </TextEquiv>
            </TextLine>
            <TextLine id="l_9" custom="readingOrder {index:2;}">
                <Coords points="1764,1064 1840,1063 1892,1063 1986,1059 2007,1057 2097,1062 2140,1061 2139,1031 2097,1032 2006,1027 1984,1029 1891,1033 1840,1033 1764,1034"/>
                <Baseline points="1764,1064 1840,1063 1892,1063 1986,1059 2007,1057 2097,1062 2140,1061"/>
                <TextEquiv>
                    <Unicode>George Swan Nottage </Unicode>
                </TextEquiv>
            </TextLine>
            <TextLine id="l_10" custom="readingOrder {index:3;}">
                <Coords points="1857,1116 1945,1119 1946,1089 1858,1086"/>
                <Baseline points="1857,1116 1945,1119"/>
                <TextEquiv>
                    <Unicode>and</Unicode>
                </TextEquiv>
            </TextLine>
            <TextLine id="l_11" custom="readingOrder {index:4;}">
                <Coords points="1767,1170 1900,1172 1929,1168 1994,1167 2148,1171 2149,1141 1994,1137 1927,1138 1898,1142 1767,1140"/>
                <Baseline points="1767,1170 1900,1172 1929,1168 1994,1167 2148,1171"/>
                <TextEquiv>
                    <Unicode>Howard John Kennard</Unicode>
                </TextEquiv>
            </TextLine>
            <TextLine id="l_12" custom="readingOrder {index:5;}">
                <Coords points="1873,1222 1931,1222 2019,1224 2135,1224 2135,1194 2019,1194 1931,1192 1873,1192"/>
                <Baseline points="1873,1222 1931,1222 2019,1224 2135,1224"/>
                <TextEquiv>
                    <Unicode>54 Cheapside</Unicode>
                </TextEquiv>
            </TextLine>
            <TextLine id="l_13" custom="readingOrder {index:6;}">
                <Coords points="1769,1285 1852,1286 1907,1286 1929,1280 2044,1284 2148,1286 2149,1256 2045,1254 1926,1250 1903,1256 1852,1256 1769,1255"/>
                <Baseline points="1769,1285 1852,1286 1907,1286 1929,1280 2044,1284 2148,1286"/>
                <TextEquiv>
                    <Unicode>and 110 Regent Street</Unicode>
                </TextEquiv>
            </TextLine>
            <TextLine id="l_14" custom="readingOrder {index:7;}">
                <Coords points="1872,1354 2047,1357 2048,1327 1873,1324"/>
                <Baseline points="1872,1354 2047,1357"/>
                <TextEquiv>
                    <Unicode>London</Unicode>
                </TextEquiv>
            </TextLine>
            <TextEquiv>
                <Unicode></Unicode>
            </TextEquiv>
        </TextRegion>
        <TextRegion id="r_3" custom="readingOrder {index:4;}">
            <Coords points="2152,898 2620,898 2620,1742 2152,1742"/>
            <TextLine id="l_15" custom="readingOrder {index:0;}">
                <Coords points="2188,938 2260,938 2373,937 2478,936 2514,936 2514,936 2514,906 2514,906 2478,906 2373,907 2260,908 2188,908"/>
                <Baseline points="2188,938 2260,938 2373,937 2478,936 2514,936 2514,936"/>
                <TextEquiv>
                    <Unicode>Name and Place of Abode of</Unicode>
                </TextEquiv>
            </TextLine>
            <TextLine id="l_16" custom="readingOrder {index:1;}">
                <Coords points="2258,965 2333,963 2380,963 2440,963 2440,933 2380,933 2333,933 2257,935"/>
                <Baseline points="2258,965 2333,963 2380,963 2440,963"/>
                <TextEquiv>
                    <Unicode>Author of Work</Unicode>
                </TextEquiv>
            </TextLine>
            <TextLine id="l_17" custom="readingOrder {index:2;}">
                <Coords points="2158,1062 2266,1059 2288,1058 2377,1060 2398,1057 2519,1061 2570,1060 2569,1030 2519,1031 2396,1027 2375,1030 2288,1028 2265,1029 2157,1032"/>
                <Baseline points="2158,1062 2266,1059 2288,1058 2377,1060 2398,1057 2519,1061 2570,1060"/>
                <TextEquiv>
                    <Unicode>George Swan Nottage</Unicode>
                </TextEquiv>
            </TextLine>
            <TextLine id="l_18" custom="readingOrder {index:3;}">
                <Coords points="2298,1114 2401,1114 2401,1084 2298,1084"/>
                <Baseline points="2298,1114 2401,1114"/>
                <TextEquiv>
                    <Unicode>and</Unicode>
                </TextEquiv>
            </TextLine>
            <TextLine id="l_19" custom="readingOrder {index:4;}">
                <Coords points="2164,1168 2302,1168 2323,1165 2403,1166 2431,1165 2609,1167 2609,1137 2431,1135 2403,1136 2321,1135 2300,1138 2164,1138"/>
                <Baseline points="2164,1168 2302,1168 2323,1165 2403,1166 2431,1165 2609,1167"/>
                <TextEquiv>
                    <Unicode>Howard John Kennard</Unicode>
                </TextEquiv>
            </TextLine>
            <TextLine id="l_20" custom="readingOrder {index:5;}">
                <Coords points="2284,1226 2338,1217 2466,1218 2564,1224 2566,1194 2467,1188 2336,1187 2279,1196"/>
                <Baseline points="2284,1226 2338,1217 2466,1218 2564,1224"/>
                <TextEquiv>
                    <Unicode>54 Cheapside</Unicode>
                </TextEquiv>
            </TextLine>
            <TextLine id="l_21" custom="readingOrder {index:6;}">
                <Coords points="2167,1283 2272,1280 2340,1279 2423,1283 2490,1280 2611,1284 2612,1254 2490,1250 2423,1253 2341,1249 2271,1250 2166,1253"/>
                <Baseline points="2167,1283 2272,1280 2340,1279 2423,1283 2490,1280 2611,1284"/>
                <TextEquiv>
                    <Unicode>and 110 Regent Street</Unicode>
                </TextEquiv>
            </TextLine>
            <TextLine id="l_22" custom="readingOrder {index:7;}">
                <Coords points="2260,1348 2382,1352 2476,1347 2474,1317 2382,1322 2261,1318"/>
                <Baseline points="2260,1348 2382,1352 2476,1347"/>
                <TextEquiv>
                    <Unicode>London</Unicode>
                </TextEquiv>
            </TextLine>
            <TextEquiv>
                <Unicode></Unicode>
            </TextEquiv>
        </TextRegion>
        <TextRegion id="r_4" custom="readingOrder {index:5;}">
            <Coords points="307,1733 2600,1733 2600,1970 307,1970"/>
            <TextLine id="l_23" custom="readingOrder {index:0;}">
                <Coords points="485,1833 595,1833 689,1829 733,1845 774,1807 808,1807 900,1825 986,1823 1049,1817 1143,1825 1269,1827 1416,1819 1490,1821 1491,1791 1416,1789 1268,1797 1145,1795 1049,1787 984,1793 903,1795 811,1777 763,1779 726,1812 694,1799 594,1803 485,1803"/>
                <Baseline points="485,1833 595,1833 689,1829 733,1845 774,1807 808,1807 900,1825 986,1823 1049,1817 1143,1825 1269,1827 1416,1819 1490,1821"/>
                <TextEquiv>
                    <Unicode>Dated this 29th day of January 1883</Unicode>
                </TextEquiv>
            </TextLine>
            <TextEquiv>
                <Unicode></Unicode>
            </TextEquiv>
        </TextRegion>
    </Page>
</PcGts>
