<?xml version="1.0" encoding="UTF-8" standalone="yes"?>
<PcGts xmlns="http://schema.primaresearch.org/PAGE/gts/pagecontent/2013-07-15">
    <Metadata>
        <Creator>Transkribus</Creator>
        <Created>2025-09-23T14:48:18.550+02:00</Created>
        <LastChange>2025-10-03T18:47:40.680+02:00</LastChange>
    </Metadata>
    <Page imageFilename="p027.jpg" imageWidth="3508" imageHeight="2479">
        <TextRegion id="r" custom="readingOrder {index:0;}">
            <Coords points="353,550 2731,550 2731,915 353,915"/>
            <TextLine id="l" custom="readingOrder {index:0;}">
                <Coords points="487,721 778,717 912,718 1025,717 1157,717 1246,712 1398,712 1471,705 1638,705 1720,705 1777,699 1878,700 1996,699 2078,695 2142,690 2140,660 2076,665 1995,669 1878,670 1776,669 1718,675 1638,675 1470,675 1397,682 1245,682 1156,687 1025,687 912,688 778,687 487,691"/>
                <Baseline points="487,721 778,717 912,718 1025,717 1157,717 1246,712 1398,712 1471,705 1638,705 1720,705 1777,699 1878,700 1996,699 2078,695 2142,690"/>
                <TextEquiv>
                    <Unicode>We George Swan Nottage and Howard John Kennard of 54 Cheapside and 110 Regent Street London</Unicode>
                </TextEquiv>
            </TextLine>
            <TextEquiv>
                <Unicode></Unicode>
            </TextEquiv>
        </TextRegion>
        <ImageRegion id="r_5" custom="readingOrder {index:1;}">
            <Coords points="331,157 1165,157 1165,600 331,600"/>
        </ImageRegion>
        <TextRegion id="r_1" custom="readingOrder {index:2;}">
            <Coords points="349,919 1163,919 1163,1754 349,1754"/>
            <TextLine id="l_27" custom="readingOrder {index:0;}">
                <Coords points="670,1002 793,997 896,997 896,967 792,967 669,972"/>
                <Baseline points="670,1002 793,997 896,997"/>
                <TextEquiv>
                    <Unicode>Description of Work</Unicode>
                </TextEquiv>
            </TextLine>
            <TextLine id="l_1" custom="readingOrder {index:1;}">
                <Coords points="431,1158 581,1158 687,1161 781,1152 895,1161 925,1153 1104,1153 1104,1123 921,1123 892,1131 781,1122 686,1131 581,1128 431,1128"/>
                <Baseline points="431,1158 581,1158 687,1161 781,1152 895,1161 925,1153 1104,1153"/>
                <TextEquiv>
                    <Unicode>Photograph of Lord Wolseley</Unicode>
                </TextEquiv>
            </TextLine>
            <TextLine id="l_2" custom="readingOrder {index:2;}">
                <Coords points="401,1241 454,1243 488,1238 629,1245 668,1235 772,1238 882,1240 920,1235 1057,1238 1058,1208 918,1205 880,1210 773,1208 665,1205 626,1215 487,1208 452,1213 402,1211"/>
                <Baseline points="401,1241 454,1243 488,1238 629,1245 668,1235 772,1238 882,1240 920,1235 1057,1238"/>
                <TextEquiv>
                    <Unicode>in plain uniform with</Unicode>
                </TextEquiv>
            </TextLine>
            <TextLine id="l_3" custom="readingOrder {index:3;}">
                <Coords points="370,1303 478,1303 591,1313 586,1310 571,1336 539,1296 479,1273 370,1273"/>
                <Baseline points="370,1303 478,1303 591,1313 586,1310"/>
                <TextEquiv>
                    <Unicode>ribbons,</Unicode>
                </TextEquiv>
            </TextLine>
            <TextLine id="l_4" custom="readingOrder {index:4;}">
                <Coords points="367,1375 591,1375 655,1369 737,1367 853,1380 856,1350 738,1337 653,1339 590,1345 367,1345"/>
                <Baseline points="367,1375 591,1375 655,1369 737,1367 853,1380"/>
                <TextEquiv>
                    <Unicode>standing 3/4 face</Unicode>
                </TextEquiv>
            </TextLine>
            <TextLine id="l_5" custom="readingOrder {index:5;}">
                <Coords points="728,1432 837,1434 862,1426 951,1432 1048,1432 1048,1402 952,1402 858,1396 833,1404 729,1402"/>
                <Baseline points="728,1432 837,1434 862,1426 951,1432 1048,1432"/>
                <TextEquiv>
                    <Unicode>eyes turned</Unicode>
                </TextEquiv>
            </TextLine>
            <TextLine id="l_6" custom="readingOrder {index:6;}">
                <Coords points="371,1506 515,1499 557,1495 711,1498 744,1491 827,1488 902,1499 931,1492 1069,1497 1070,1467 928,1462 901,1469 829,1458 740,1461 708,1468 556,1465 513,1469 370,1476"/>
                <Baseline points="371,1506 515,1499 557,1495 711,1498 744,1491 827,1488 902,1499 931,1492 1069,1497"/>
                <TextEquiv>
                    <Unicode>right round to his right</Unicode>
                </TextEquiv>
            </TextLine>
            <TextLine id="l_7" custom="readingOrder {index:7;}">
                <Coords points="355,1566 451,1559 548,1557 590,1557 716,1566 767,1556 932,1561 961,1553 1053,1554 1053,1524 957,1523 928,1531 765,1526 714,1536 591,1527 548,1527 450,1529 353,1536"/>
                <Baseline points="355,1566 451,1559 548,1557 590,1557 716,1566 767,1556 932,1561 961,1553 1053,1554"/>
                <TextEquiv>
                    <Unicode>and left arm resting on </Unicode>
                </TextEquiv>
            </TextLine>
            <TextLine id="l_8" custom="readingOrder {index:8;}">
                <Coords points="378,1618 540,1621 701,1618 700,1588 540,1591 379,1588"/>
                <Baseline points="378,1618 540,1621 701,1618"/>
                <TextEquiv>
                    <Unicode>balustrade</Unicode>
                </TextEquiv>
            </TextLine>
            <TextLine id="l_9" custom="readingOrder {index:9;}">
                <Coords points="463,1709 567,1711 611,1701 868,1704 868,1674 608,1671 564,1681 464,1679"/>
                <Baseline points="463,1709 567,1711 611,1701 868,1704"/>
                <TextEquiv>
                    <Unicode>copy attached</Unicode>
                </TextEquiv>
            </TextLine>
            <TextEquiv>
                <Unicode></Unicode>
            </TextEquiv>
        </TextRegion>
        <TextRegion id="r_2" custom="readingOrder {index:3;}">
            <Coords points="1831,921 2274,921 2274,1756 1831,1756"/>
            <TextLine id="l_10" custom="readingOrder {index:0;}">
                <Coords points="1890,971 1955,971 2021,971 2093,971 2178,971 2222,968 2220,938 2177,941 2093,941 2021,941 1955,941 1890,941"/>
                <Baseline points="1890,971 1955,971 2021,971 2093,971 2178,971 2222,968"/>
                <TextEquiv>
                    <Unicode>Name and Place of Abode of</Unicode>
                </TextEquiv>
            </TextLine>
            <TextLine id="l_11" custom="readingOrder {index:1;}">
                <Coords points="1927,992 2034,992 2080,990 2186,990 2186,960 2079,960 2033,962 1927,962"/>
                <Baseline points="1927,992 2034,992 2080,990 2186,990"/>
                <TextEquiv>
                    <Unicode>Proprietor of Copyright</Unicode>
                </TextEquiv>
            </TextLine>
            <TextLine id="l_12" custom="readingOrder {index:2;}">
                <Coords points="1851,1113 1947,1106 2068,1105 2163,1103 2250,1110 2252,1080 2164,1073 2068,1075 1946,1076 1849,1083"/>
                <Baseline points="1851,1113 1947,1106 2068,1105 2163,1103 2250,1110"/>
                <TextEquiv>
                    <Unicode>George Swan Nottage </Unicode>
                </TextEquiv>
            </TextLine>
            <TextLine id="l_13" custom="readingOrder {index:3;}">
                <Coords points="1962,1170 2053,1170 2053,1140 1962,1140"/>
                <Baseline points="1962,1170 2053,1170"/>
                <TextEquiv>
                    <Unicode>and</Unicode>
                </TextEquiv>
            </TextLine>
            <TextLine id="l_14" custom="readingOrder {index:4;}">
                <Coords points="1850,1232 1984,1232 2072,1232 2247,1229 2246,1199 2072,1202 1984,1202 1850,1202"/>
                <Baseline points="1850,1232 1984,1232 2072,1232 2247,1229"/>
                <TextEquiv>
                    <Unicode>Howard John Kennard</Unicode>
                </TextEquiv>
            </TextLine>
            <TextLine id="l_15" custom="readingOrder {index:5;}">
                <Coords points="1961,1296 2018,1297 2211,1297 2211,1267 2018,1267 1962,1266"/>
                <Baseline points="1961,1296 2018,1297 2211,1297"/>
                <TextEquiv>
                    <Unicode>54 Cheapside</Unicode>
                </TextEquiv>
            </TextLine>
            <TextLine id="l_16" custom="readingOrder {index:6;}">
                <Coords points="1868,1373 1950,1373 1966,1369 2028,1364 2147,1364 2257,1368 2258,1338 2148,1334 2027,1334 1961,1339 1946,1343 1868,1343"/>
                <Baseline points="1868,1373 1950,1373 1966,1369 2028,1364 2147,1364 2257,1368"/>
                <TextEquiv>
                    <Unicode>and 110 Regent Street</Unicode>
                </TextEquiv>
            </TextLine>
            <TextLine id="l_17" custom="readingOrder {index:7;}">
                <Coords points="1950,1454 2173,1452 2173,1422 1950,1424"/>
                <Baseline points="1950,1454 2173,1452"/>
                <TextEquiv>
                    <Unicode>London</Unicode>
                </TextEquiv>
            </TextLine>
            <TextEquiv>
                <Unicode></Unicode>
            </TextEquiv>
        </TextRegion>
        <TextRegion id="r_3" custom="readingOrder {index:4;}">
            <Coords points="2257,926 2748,926 2748,1761 2257,1761"/>
            <TextLine id="l_18" custom="readingOrder {index:0;}">
                <Coords points="2299,970 2413,969 2529,967 2629,967 2629,937 2529,937 2413,939 2299,940"/>
                <Baseline points="2299,970 2413,969 2529,967 2629,967"/>
                <TextEquiv>
                    <Unicode>Name and Place of Abode of</Unicode>
                </TextEquiv>
            </TextLine>
            <TextLine id="l_19" custom="readingOrder {index:1;}">
                <Coords points="2368,993 2451,990 2506,990 2555,990 2555,960 2506,960 2450,960 2367,963"/>
                <Baseline points="2368,993 2451,990 2506,990 2555,990"/>
                <TextEquiv>
                    <Unicode>Author of Work</Unicode>
                </TextEquiv>
            </TextLine>
            <TextLine id="l_20" custom="readingOrder {index:2;}">
                <Coords points="2279,1106 2426,1101 2457,1096 2568,1099 2740,1111 2742,1081 2569,1069 2455,1066 2423,1071 2278,1076"/>
                <Baseline points="2279,1106 2426,1101 2457,1096 2568,1099 2740,1111"/>
                <TextEquiv>
                    <Unicode>George Swan Nottage</Unicode>
                </TextEquiv>
            </TextLine>
            <TextLine id="l_21" custom="readingOrder {index:3;}">
                <Coords points="2400,1163 2524,1163 2524,1133 2400,1133"/>
                <Baseline points="2400,1163 2524,1163"/>
                <TextEquiv>
                    <Unicode>and</Unicode>
                </TextEquiv>
            </TextLine>
            <TextLine id="l_22" custom="readingOrder {index:4;}">
                <Coords points="2287,1227 2447,1230 2477,1222 2573,1222 2604,1222 2742,1228 2743,1198 2605,1192 2573,1192 2473,1192 2443,1200 2288,1197"/>
                <Baseline points="2287,1227 2447,1230 2477,1222 2573,1222 2604,1222 2742,1228"/>
                <TextEquiv>
                    <Unicode>Howard John Kennard</Unicode>
                </TextEquiv>
            </TextLine>
            <TextLine id="l_23" custom="readingOrder {index:5;}">
                <Coords points="2420,1298 2485,1290 2613,1300 2725,1295 2724,1265 2614,1270 2484,1260 2416,1268"/>
                <Baseline points="2420,1298 2485,1290 2613,1300 2725,1295"/>
                <TextEquiv>
                    <Unicode>54 Cheapside</Unicode>
                </TextEquiv>
            </TextLine>
            <TextLine id="l_24" custom="readingOrder {index:6;}">
                <Coords points="2287,1357 2364,1357 2438,1354 2480,1351 2619,1356 2637,1346 2737,1354 2739,1324 2631,1317 2612,1327 2479,1321 2436,1324 2363,1327 2287,1327"/>
                <Baseline points="2287,1357 2364,1357 2438,1354 2480,1351 2619,1356 2637,1346 2737,1354"/>
                <TextEquiv>
                    <Unicode>and 110 Regent Street</Unicode>
                </TextEquiv>
            </TextLine>
            <TextLine id="l_25" custom="readingOrder {index:7;}">
                <Coords points="2395,1421 2622,1439 2624,1409 2397,1391"/>
                <Baseline points="2395,1421 2622,1439"/>
                <TextEquiv>
                    <Unicode>London</Unicode>
                </TextEquiv>
            </TextLine>
            <TextEquiv>
                <Unicode></Unicode>
            </TextEquiv>
        </TextRegion>
        <TextRegion id="r_4" custom="readingOrder {index:5;}">
            <Coords points="348,1766 2704,1766 2704,1964 348,1964"/>
            <TextLine id="l_26" custom="readingOrder {index:0;}">
                <Coords points="528,1823 654,1821 840,1823 888,1844 937,1803 959,1801 972,1821 1044,1819 1091,1836 1184,1829 1386,1823 1477,1821 1606,1823 1606,1793 1477,1791 1385,1793 1182,1799 1095,1806 1049,1789 987,1792 976,1767 925,1775 883,1810 846,1794 654,1791 528,1793"/>
                <Baseline points="528,1823 654,1821 840,1823 888,1844 937,1803 959,1801 972,1821 1044,1819 1091,1836 1184,1829 1386,1823 1477,1821 1606,1823"/>
                <TextEquiv>
                    <Unicode>Dated this 29th day of January 1883</Unicode>
                </TextEquiv>
            </TextLine>
            <TextEquiv>
                <Unicode></Unicode>
            </TextEquiv>
        </TextRegion>
    </Page>
</PcGts>
