<?xml version="1.0" encoding="UTF-8" standalone="yes"?>
<PcGts xmlns="http://schema.primaresearch.org/PAGE/gts/pagecontent/2013-07-15">
    <Metadata>
        <Creator>Transkribus</Creator>
        <Created>2025-09-23T14:48:18.885+02:00</Created>
        <LastChange>2025-10-03T18:49:48.529+02:00</LastChange>
    </Metadata>
    <Page imageFilename="p029.jpg" imageWidth="3508" imageHeight="2479">
        <TextRegion id="r" custom="readingOrder {index:0;}">
            <Coords points="302,538 2611,538 2611,885 302,885"/>
            <TextLine id="l" custom="readingOrder {index:0;}">
                <Coords points="435,712 513,709 598,712 619,707 702,712 727,703 825,705 910,696 1053,698 1075,689 1158,689 1305,691 1319,698 1344,695 1369,691 1461,686 1571,686 1656,686 1714,689 1826,684 1921,684 1980,684 2065,664 2058,635 1977,654 1921,654 1825,654 1714,659 1657,656 1571,656 1460,656 1366,661 1340,665 1324,668 1312,662 1158,659 1069,660 1047,669 909,666 824,675 722,673 698,682 616,677 595,682 513,679 434,682"/>
                <Baseline points="435,712 513,709 598,712 619,707 702,712 727,703 825,705 910,696 1053,698 1075,689 1158,689 1305,691 1319,698 1344,695 1369,691 1461,686 1571,686 1656,686 1714,689 1826,684 1921,684 1980,684 2065,664"/>
                <TextEquiv>
                    <Unicode>We George Swan Nottage and Howard John Kennard of 54 Cheapside and 110 Regent Street London</Unicode>
                </TextEquiv>
            </TextLine>
            <TextEquiv>
                <Unicode></Unicode>
            </TextEquiv>
        </TextRegion>
        <ImageRegion id="r_5" custom="readingOrder {index:1;}">
            <Coords points="241,162 1085,162 1085,605 241,605"/>
        </ImageRegion>
        <TextRegion id="r_1" custom="readingOrder {index:2;}">
            <Coords points="302,895 1106,895 1106,1722 302,1722"/>
            <TextLine id="l_1" custom="readingOrder {index:0;}">
                <Coords points="616,982 731,979 779,975 835,975 835,945 778,945 729,949 615,952"/>
                <Baseline points="616,982 731,979 779,975 835,975"/>
                <TextEquiv>
                    <Unicode>Description of Work</Unicode>
                </TextEquiv>
            </TextLine>
            <TextLine id="l_2" custom="readingOrder {index:1;}">
                <Coords points="348,1121 529,1121 610,1119 688,1110 713,1101 818,1099 1034,1110 1036,1080 818,1069 708,1071 681,1081 608,1089 529,1091 348,1091"/>
                <Baseline points="348,1121 529,1121 610,1119 688,1110 713,1101 818,1099 1034,1110"/>
                <TextEquiv>
                    <Unicode>Photograph of Lord Wolseley</Unicode>
                </TextEquiv>
            </TextLine>
            <TextLine id="l_3" custom="readingOrder {index:2;}">
                <Coords points="355,1188 419,1183 575,1181 623,1179 816,1174 846,1167 970,1167 970,1137 843,1137 812,1144 622,1149 574,1151 418,1153 353,1158"/>
                <Baseline points="355,1188 419,1183 575,1181 623,1179 816,1174 846,1167 970,1167"/>
                <TextEquiv>
                    <Unicode>in plain unifrom with</Unicode>
                </TextEquiv>
            </TextLine>
            <TextLine id="l_4" custom="readingOrder {index:3;}">
                <Coords points="343,1250 421,1248 497,1253 499,1223 422,1218 342,1220"/>
                <Baseline points="343,1250 421,1248 497,1253"/>
                <TextEquiv>
                    <Unicode>ribbons</Unicode>
                </TextEquiv>
            </TextLine>
            <TextLine id="l_5" custom="readingOrder {index:4;}">
                <Coords points="342,1316 440,1318 534,1325 582,1318 642,1314 676,1306 777,1313 821,1305 932,1305 1007,1309 1040,1304 1086,1303 1085,1273 1037,1274 1006,1279 933,1275 818,1275 775,1283 674,1276 638,1284 579,1288 533,1295 441,1288 343,1286"/>
                <Baseline points="342,1316 440,1318 534,1325 582,1318 642,1314 676,1306 777,1313 821,1305 932,1305 1007,1309 1040,1304 1086,1303"/>
                <TextEquiv>
                    <Unicode>standing 3/4 face looking to</Unicode>
                </TextEquiv>
            </TextLine>
            <TextLine id="l_6" custom="readingOrder {index:5;}">
                <Coords points="338,1387 391,1390 419,1390 458,1387 524,1388 592,1386 612,1379 602,1351 587,1357 524,1358 457,1357 418,1360 392,1360 340,1357"/>
                <Baseline points="338,1387 391,1390 419,1390 458,1387 524,1388 592,1386 612,1379"/>
                <TextEquiv>
                    <Unicode>his right</Unicode>
                </TextEquiv>
            </TextLine>
            <TextLine id="l_7" custom="readingOrder {index:6;}">
                <Coords points="532,1449 598,1446 643,1446 722,1444 759,1443 831,1443 867,1442 906,1445 973,1446 1029,1442 1027,1412 972,1416 907,1415 868,1412 831,1413 759,1413 721,1414 643,1416 597,1416 531,1419"/>
                <Baseline points="532,1449 598,1446 643,1446 722,1444 759,1443 831,1443 867,1442 906,1445 973,1446 1029,1442"/>
                <TextEquiv>
                    <Unicode>his left arm and</Unicode>
                </TextEquiv>
            </TextLine>
            <TextLine id="l_8" custom="readingOrder {index:7;}">
                <Coords points="334,1511 375,1508 443,1514 506,1513 544,1502 630,1510 699,1507 740,1503 822,1509 885,1509 919,1505 997,1503 996,1473 917,1475 883,1479 823,1479 740,1473 697,1477 631,1480 541,1472 502,1483 444,1484 375,1478 332,1481"/>
                <Baseline points="334,1511 375,1508 443,1514 506,1513 544,1502 630,1510 699,1507 740,1503 822,1509 885,1509 919,1505 997,1503"/>
                <TextEquiv>
                    <Unicode>gloved hand resting on</Unicode>
                </TextEquiv>
            </TextLine>
            <TextLine id="l_9" custom="readingOrder {index:8;}">
                <Coords points="333,1572 429,1572 478,1574 508,1572 598,1578 621,1575 617,1545 597,1548 508,1542 478,1544 430,1542 333,1542"/>
                <Baseline points="333,1572 429,1572 478,1574 508,1572 598,1578 621,1575"/>
                <TextEquiv>
                    <Unicode>balustrade</Unicode>
                </TextEquiv>
            </TextLine>
            <TextLine id="l_10" custom="readingOrder {index:9;}">
                <Coords points="385,1659 441,1661 484,1656 514,1663 585,1663 677,1662 763,1665 764,1635 677,1632 585,1633 517,1633 486,1626 440,1631 386,1629"/>
                <Baseline points="385,1659 441,1661 484,1656 514,1663 585,1663 677,1662 763,1665"/>
                <TextEquiv>
                    <Unicode>copy attached</Unicode>
                </TextEquiv>
            </TextLine>
            <TextEquiv>
                <Unicode></Unicode>
            </TextEquiv>
        </TextRegion>
        <TextRegion id="r_2" custom="readingOrder {index:3;}">
            <Coords points="1745,889 2206,889 2206,1704 1745,1704"/>
            <TextLine id="l_11" custom="readingOrder {index:0;}">
                <Coords points="1806,942 1882,942 1947,942 2011,942 2084,942 2125,940 2124,910 2083,912 2011,912 1947,912 1882,912 1806,912"/>
                <Baseline points="1806,942 1882,942 1947,942 2011,942 2084,942 2125,940"/>
                <TextEquiv>
                    <Unicode>Name and Place of Abode of</Unicode>
                </TextEquiv>
            </TextLine>
            <TextLine id="l_12" custom="readingOrder {index:1;}">
                <Coords points="1832,970 1898,970 1945,967 1983,967 2092,967 2092,937 1983,937 1944,937 1897,940 1832,940"/>
                <Baseline points="1832,970 1898,970 1945,967 1983,967 2092,967"/>
                <TextEquiv>
                    <Unicode>Proprietor of Copyright</Unicode>
                </TextEquiv>
            </TextLine>
            <TextLine id="l_13" custom="readingOrder {index:2;}">
                <Coords points="1755,1074 1836,1079 1878,1075 1903,1068 1996,1071 2013,1066 2114,1072 2154,1068 2151,1038 2113,1042 2010,1036 1992,1041 1899,1038 1873,1046 1836,1049 1757,1044"/>
                <Baseline points="1755,1074 1836,1079 1878,1075 1903,1068 1996,1071 2013,1066 2114,1072 2154,1068"/>
                <TextEquiv>
                    <Unicode>George Swan Nottage</Unicode>
                </TextEquiv>
            </TextLine>
            <TextLine id="l_14" custom="readingOrder {index:3;}">
                <Coords points="1864,1139 1915,1137 1967,1137 1967,1107 1914,1107 1863,1109"/>
                <Baseline points="1864,1139 1915,1137 1967,1137"/>
                <TextEquiv>
                    <Unicode>and</Unicode>
                </TextEquiv>
            </TextLine>
            <TextLine id="l_15" custom="readingOrder {index:4;}">
                <Coords points="1759,1193 1840,1196 1915,1193 1943,1191 2025,1189 2049,1187 2142,1192 2184,1193 2185,1163 2143,1162 2049,1157 2023,1159 1942,1161 1913,1163 1840,1166 1760,1163"/>
                <Baseline points="1759,1193 1840,1196 1915,1193 1943,1191 2025,1189 2049,1187 2142,1192 2184,1193"/>
                <TextEquiv>
                    <Unicode>Howard John Kennard</Unicode>
                </TextEquiv>
            </TextLine>
            <TextLine id="l_16" custom="readingOrder {index:5;}">
                <Coords points="1884,1266 1943,1261 2040,1263 2069,1254 2157,1259 2159,1229 2065,1224 2036,1233 1942,1231 1881,1236"/>
                <Baseline points="1884,1266 1943,1261 2040,1263 2069,1254 2157,1259"/>
                <TextEquiv>
                    <Unicode>54 Cheapside</Unicode>
                </TextEquiv>
            </TextLine>
            <TextLine id="l_17" custom="readingOrder {index:6;}">
                <Coords points="1780,1340 1850,1340 1875,1335 1898,1332 1939,1336 1968,1331 2079,1335 2106,1330 2182,1340 2186,1310 2105,1300 2077,1305 1966,1301 1938,1306 1898,1302 1870,1305 1847,1310 1780,1310"/>
                <Baseline points="1780,1340 1850,1340 1875,1335 1898,1332 1939,1336 1968,1331 2079,1335 2106,1330 2182,1340"/>
                <TextEquiv>
                    <Unicode>and 110 Regent Street</Unicode>
                </TextEquiv>
            </TextLine>
            <TextLine id="l_18" custom="readingOrder {index:7;}">
                <Coords points="1832,1423 1952,1420 2043,1424 2044,1394 1952,1390 1831,1393"/>
                <Baseline points="1832,1423 1952,1420 2043,1424"/>
                <TextEquiv>
                    <Unicode>London</Unicode>
                </TextEquiv>
            </TextLine>
            <TextEquiv>
                <Unicode></Unicode>
            </TextEquiv>
        </TextRegion>
        <TextRegion id="r_3" custom="readingOrder {index:4;}">
            <Coords points="2153,889 2631,889 2631,1701 2153,1701"/>
            <TextLine id="l_19" custom="readingOrder {index:0;}">
                <Coords points="2188,942 2254,938 2317,939 2384,938 2465,938 2514,936 2513,906 2464,908 2384,908 2317,909 2253,908 2186,912"/>
                <Baseline points="2188,942 2254,938 2317,939 2384,938 2465,938 2514,936"/>
                <TextEquiv>
                    <Unicode>Name and Place of Abode of</Unicode>
                </TextEquiv>
            </TextLine>
            <TextLine id="l_20" custom="readingOrder {index:1;}">
                <Coords points="2260,962 2339,962 2395,962 2449,962 2449,932 2395,932 2339,932 2260,932"/>
                <Baseline points="2260,962 2339,962 2395,962 2449,962"/>
                <TextEquiv>
                    <Unicode>Author of Work</Unicode>
                </TextEquiv>
            </TextLine>
            <TextLine id="l_21" custom="readingOrder {index:2;}">
                <Coords points="2172,1062 2248,1070 2315,1064 2344,1064 2423,1064 2469,1063 2500,1054 2586,1064 2624,1080 2636,1052 2594,1035 2498,1024 2464,1033 2423,1034 2344,1034 2314,1034 2248,1040 2175,1032"/>
                <Baseline points="2172,1062 2248,1070 2315,1064 2344,1064 2423,1064 2469,1063 2500,1054 2586,1064 2624,1080"/>
                <TextEquiv>
                    <Unicode>George Swan Nottage</Unicode>
                </TextEquiv>
            </TextLine>
            <TextLine id="l_22" custom="readingOrder {index:3;}">
                <Coords points="2324,1127 2384,1127 2436,1125 2435,1095 2383,1097 2324,1097"/>
                <Baseline points="2324,1127 2384,1127 2436,1125"/>
                <TextEquiv>
                    <Unicode>and</Unicode>
                </TextEquiv>
            </TextLine>
            <TextLine id="l_23" custom="readingOrder {index:4;}">
                <Coords points="2206,1187 2287,1191 2359,1191 2388,1187 2465,1191 2484,1187 2582,1192 2634,1192 2634,1162 2583,1162 2482,1157 2463,1161 2387,1157 2357,1161 2288,1161 2207,1157"/>
                <Baseline points="2206,1187 2287,1191 2359,1191 2388,1187 2465,1191 2484,1187 2582,1192 2634,1192"/>
                <TextEquiv>
                    <Unicode>Howard John Kennard</Unicode>
                </TextEquiv>
            </TextLine>
            <TextLine id="l_24" custom="readingOrder {index:5;}">
                <Coords points="2333,1263 2375,1261 2405,1259 2510,1261 2624,1260 2624,1230 2510,1231 2404,1229 2373,1231 2332,1233"/>
                <Baseline points="2333,1263 2375,1261 2405,1259 2510,1261 2624,1260"/>
                <TextEquiv>
                    <Unicode>54 Cheapside</Unicode>
                </TextEquiv>
            </TextLine>
            <TextLine id="l_25" custom="readingOrder {index:6;}">
                <Coords points="2218,1335 2318,1327 2385,1327 2470,1331 2546,1332 2628,1346 2633,1316 2549,1302 2471,1301 2386,1297 2317,1297 2216,1305"/>
                <Baseline points="2218,1335 2318,1327 2385,1327 2470,1331 2546,1332 2628,1346"/>
                <TextEquiv>
                    <Unicode>and 110 Regent Street</Unicode>
                </TextEquiv>
            </TextLine>
            <TextLine id="l_26" custom="readingOrder {index:7;}">
                <Coords points="2294,1407 2398,1406 2493,1408 2494,1378 2398,1376 2294,1377"/>
                <Baseline points="2294,1407 2398,1406 2493,1408"/>
                <TextEquiv>
                    <Unicode>London</Unicode>
                </TextEquiv>
            </TextLine>
            <TextEquiv>
                <Unicode></Unicode>
            </TextEquiv>
        </TextRegion>
        <TextRegion id="r_4" custom="readingOrder {index:5;}">
            <Coords points="302,1715 2621,1715 2621,1928 302,1928"/>
            <TextLine id="l_27" custom="readingOrder {index:0;}">
                <Coords points="489,1778 561,1778 606,1778 698,1774 738,1781 778,1777 797,1762 839,1756 917,1778 991,1775 1063,1771 1123,1765 1234,1775 1287,1775 1419,1768 1507,1768 1507,1738 1418,1738 1286,1745 1235,1745 1123,1735 1061,1741 990,1745 921,1748 841,1726 785,1734 767,1749 739,1751 700,1744 605,1748 561,1748 489,1748"/>
                <Baseline points="489,1778 561,1778 606,1778 698,1774 738,1781 778,1777 797,1762 839,1756 917,1778 991,1775 1063,1771 1123,1765 1234,1775 1287,1775 1419,1768 1507,1768"/>
                <TextEquiv>
                    <Unicode>Dated this 29th day of January 1883</Unicode>
                </TextEquiv>
            </TextLine>
            <TextEquiv>
                <Unicode></Unicode>
            </TextEquiv>
        </TextRegion>
    </Page>
</PcGts>
