<?xml version="1.0" encoding="UTF-8" standalone="yes"?>
<PcGts xmlns="http://schema.primaresearch.org/PAGE/gts/pagecontent/2013-07-15">
    <Metadata>
        <Creator>Transkribus</Creator>
        <Created>2025-09-23T14:48:19.856+02:00</Created>
        <LastChange>2025-10-03T19:06:33.183+02:00</LastChange>
    </Metadata>
    <Page imageFilename="p032.jpg" imageWidth="3508" imageHeight="2479">
        <ImageRegion id="r" custom="readingOrder {index:0;}">
            <Coords points="669,168 2332,168 2332,2268 669,2268"/>
        </ImageRegion>
    </Page>
</PcGts>
