<?xml version="1.0" encoding="UTF-8" standalone="yes"?>
<PcGts xmlns="http://schema.primaresearch.org/PAGE/gts/pagecontent/2013-07-15">
    <Metadata>
        <Creator>Transkribus</Creator>
        <Created>2025-09-23T14:48:19.939+02:00</Created>
        <LastChange>2025-10-03T19:08:50.495+02:00</LastChange>
    </Metadata>
    <Page imageFilename="p033.jpg" imageWidth="3508" imageHeight="2479">
        <ImageRegion id="r_5" custom="readingOrder {index:0;}">
            <Coords points="243,133 1918,133 1918,627 243,627"/>
        </ImageRegion>
        <TextRegion id="r" custom="readingOrder {index:1;}">
            <Coords points="336,559 2638,559 2638,907 336,907"/>
            <TextLine id="l" custom="readingOrder {index:0;}">
                <Coords points="469,734 537,730 608,730 661,722 737,728 758,718 824,721 877,720 954,718 977,718 1082,714 1099,712 1156,714 1178,705 1261,710 1324,710 1377,708 1423,705 1518,703 1603,703 1625,699 1691,698 1742,698 1762,691 1867,697 1892,693 1973,691 2001,683 2129,669 2126,639 1995,654 1968,661 1889,663 1865,667 1758,661 1737,668 1691,668 1622,669 1600,673 1518,673 1422,675 1375,678 1323,680 1262,680 1173,675 1151,684 1098,682 1080,684 976,688 954,688 876,690 824,691 752,689 732,698 660,692 606,700 536,700 467,704"/>
                <Baseline points="469,734 537,730 608,730 661,722 737,728 758,718 824,721 877,720 954,718 977,718 1082,714 1099,712 1156,714 1178,705 1261,710 1324,710 1377,708 1423,705 1518,703 1603,703 1625,699 1691,698 1742,698 1762,691 1867,697 1892,693 1973,691 2001,683 2129,669"/>
                <TextEquiv>
                    <Unicode>We George Swan Nottage and Howard John Kennard of 54 Cheapside and 110 Regent Street London</Unicode>
                </TextEquiv>
            </TextLine>
            <TextEquiv>
                <Unicode></Unicode>
            </TextEquiv>
        </TextRegion>
        <TextRegion id="r_1" custom="readingOrder {index:2;}">
            <Coords points="325,922 1133,922 1133,1757 325,1757"/>
            <TextLine id="l_25" custom="readingOrder {index:0;}">
                <Coords points="642,1007 752,1002 801,1002 857,1001 856,971 801,972 751,972 641,977"/>
                <Baseline points="642,1007 752,1002 801,1002 857,1001"/>
                <TextEquiv>
                    <Unicode>Description of Work</Unicode>
                </TextEquiv>
            </TextLine>
            <TextLine id="l_1" custom="readingOrder {index:1;}">
                <Coords points="326,1107 466,1107 596,1107 671,1098 770,1095 865,1090 1020,1092 1046,1085 1099,1080 1096,1050 1041,1055 1016,1062 864,1060 769,1065 669,1068 594,1077 466,1077 326,1077"/>
                <Baseline points="326,1107 466,1107 596,1107 671,1098 770,1095 865,1090 1020,1092 1046,1085 1099,1080"/>
                <TextEquiv>
                    <Unicode>Photograph of Lord Wolseley in</Unicode>
                </TextEquiv>
            </TextLine>
            <TextLine id="l_2" custom="readingOrder {index:2;}">
                <Coords points="327,1165 399,1165 469,1161 552,1161 673,1155 702,1146 786,1150 808,1138 890,1143 1001,1141 1000,1111 891,1113 801,1109 779,1121 698,1116 668,1125 551,1131 468,1131 398,1135 327,1135"/>
                <Baseline points="327,1165 399,1165 469,1161 552,1161 673,1155 702,1146 786,1150 808,1138 890,1143 1001,1141"/>
                <TextEquiv>
                    <Unicode>plain uniform with ribbons,</Unicode>
                </TextEquiv>
            </TextLine>
            <TextLine id="l_3" custom="readingOrder {index:3;}">
                <Coords points="832,1193 884,1192 980,1189 1067,1189 1067,1159 980,1159 883,1162 831,1163"/>
                <Baseline points="832,1193 884,1192 980,1189 1067,1189"/>
                <TextEquiv>
                    <Unicode>standing</Unicode>
                </TextEquiv>
            </TextLine>
            <TextLine id="l_4" custom="readingOrder {index:4;}">
                <Coords points="347,1261 440,1252 482,1252 563,1251 601,1247 683,1250 728,1242 787,1239 818,1239 897,1242 950,1235 1061,1233 1060,1203 948,1205 896,1212 819,1209 786,1209 725,1212 681,1220 600,1217 561,1221 482,1222 439,1222 344,1231"/>
                <Baseline points="347,1261 440,1252 482,1252 563,1251 601,1247 683,1250 728,1242 787,1239 818,1239 897,1242 950,1235 1061,1233"/>
                <TextEquiv>
                    <Unicode>with left hand on sword hilt</Unicode>
                </TextEquiv>
            </TextLine>
            <TextLine id="l_5" custom="readingOrder {index:5;}">
                <Coords points="354,1313 446,1309 504,1306 590,1302 643,1301 695,1294 811,1292 876,1292 901,1284 976,1292 1046,1280 1041,1250 975,1262 898,1254 871,1262 811,1262 693,1264 641,1271 589,1272 503,1276 445,1279 353,1283"/>
                <Baseline points="354,1313 446,1309 504,1306 590,1302 643,1301 695,1294 811,1292 876,1292 901,1284 976,1292 1046,1280"/>
                <TextEquiv>
                    <Unicode>face nearly in profile turned</Unicode>
                </TextEquiv>
            </TextLine>
            <TextLine id="l_6" custom="readingOrder {index:6;}">
                <Coords points="354,1364 437,1364 482,1361 554,1357 629,1349 626,1319 552,1327 480,1331 436,1334 354,1334"/>
                <Baseline points="354,1364 437,1364 482,1361 554,1357 629,1349"/>
                <TextEquiv>
                    <Unicode>to his right</Unicode>
                </TextEquiv>
            </TextLine>
            <TextLine id="l_7" custom="readingOrder {index:7;}">
                <Coords points="670,1346 716,1343 783,1344 822,1339 918,1330 1019,1322 1017,1292 915,1300 819,1309 781,1314 715,1313 668,1316"/>
                <Baseline points="670,1346 716,1343 783,1344 822,1339 918,1330 1019,1322"/>
                <TextEquiv>
                    <Unicode>Copy attached</Unicode>
                </TextEquiv>
            </TextLine>
            <TextEquiv>
                <Unicode></Unicode>
            </TextEquiv>
        </TextRegion>
        <TextRegion id="r_2" custom="readingOrder {index:3;}">
            <Coords points="1784,905 2195,905 2195,1731 1784,1731"/>
            <TextLine id="l_8" custom="readingOrder {index:0;}">
                <Coords points="1830,960 1888,959 1948,959 2012,959 2103,959 2155,956 2153,926 2102,929 2012,929 1948,929 1888,929 1829,930"/>
                <Baseline points="1830,960 1888,959 1948,959 2012,959 2103,959 2155,956"/>
                <TextEquiv>
                    <Unicode>Name and Place of Abode of</Unicode>
                </TextEquiv>
            </TextLine>
            <TextLine id="l_9" custom="readingOrder {index:1;}">
                <Coords points="1857,984 1937,984 1995,984 2115,983 2115,953 1995,954 1937,954 1857,954"/>
                <Baseline points="1857,984 1937,984 1995,984 2115,983"/>
                <TextEquiv>
                    <Unicode>Proprietor of Copyright</Unicode>
                </TextEquiv>
            </TextLine>
            <TextLine id="l_10" custom="readingOrder {index:2;}">
                <Coords points="1802,1092 1876,1097 1927,1097 1961,1088 2038,1085 2069,1078 2150,1084 2193,1084 2193,1054 2151,1054 2067,1048 2034,1055 1957,1058 1923,1067 1877,1067 1804,1062"/>
                <Baseline points="1802,1092 1876,1097 1927,1097 1961,1088 2038,1085 2069,1078 2150,1084 2193,1084"/>
                <TextEquiv>
                    <Unicode>George Swan Nottage</Unicode>
                </TextEquiv>
            </TextLine>
            <TextLine id="l_11" custom="readingOrder {index:3;}">
                <Coords points="1899,1144 1965,1150 2009,1147 2007,1117 1965,1120 1902,1114"/>
                <Baseline points="1899,1144 1965,1150 2009,1147"/>
                <TextEquiv>
                    <Unicode>and</Unicode>
                </TextEquiv>
            </TextLine>
            <TextLine id="l_12" custom="readingOrder {index:4;}">
                <Coords points="1795,1199 1872,1201 1958,1195 2054,1195 2077,1191 2195,1194 2196,1164 2075,1161 2051,1165 1957,1165 1871,1171 1796,1169"/>
                <Baseline points="1795,1199 1872,1201 1958,1195 2054,1195 2077,1191 2195,1194"/>
                <TextEquiv>
                    <Unicode>Howard John Kennard</Unicode>
                </TextEquiv>
            </TextLine>
            <TextLine id="l_13" custom="readingOrder {index:5;}">
                <Coords points="1920,1256 1969,1247 2084,1246 2174,1250 2175,1220 2085,1216 1966,1217 1915,1226"/>
                <Baseline points="1920,1256 1969,1247 2084,1246 2174,1250"/>
                <TextEquiv>
                    <Unicode>54 Cheapside</Unicode>
                </TextEquiv>
            </TextLine>
            <TextLine id="l_14" custom="readingOrder {index:6;}">
                <Coords points="1805,1308 1889,1308 1967,1305 2033,1306 2086,1298 2167,1309 2171,1279 2086,1268 2031,1276 1967,1275 1888,1278 1805,1278"/>
                <Baseline points="1805,1308 1889,1308 1967,1305 2033,1306 2086,1298 2167,1309"/>
                <TextEquiv>
                    <Unicode>and 110 Regent Street</Unicode>
                </TextEquiv>
            </TextLine>
            <TextLine id="l_15" custom="readingOrder {index:7;}">
                <Coords points="1907,1377 1995,1371 2075,1375 2076,1345 1995,1341 1905,1347"/>
                <Baseline points="1907,1377 1995,1371 2075,1375"/>
                <TextEquiv>
                    <Unicode>London</Unicode>
                </TextEquiv>
            </TextLine>
            <TextEquiv>
                <Unicode></Unicode>
            </TextEquiv>
        </TextRegion>
        <TextRegion id="r_3" custom="readingOrder {index:4;}">
            <Coords points="2176,905 2650,905 2650,1725 2176,1725"/>
            <TextLine id="l_23" custom="readingOrder {index:0;}">
                <Coords points="2218,953 2280,954 2337,951 2410,951 2448,949 2511,948 2547,948 2547,918 2511,918 2447,919 2409,921 2336,921 2279,924 2218,923"/>
                <Baseline points="2218,953 2280,954 2337,951 2410,951 2448,949 2511,948 2547,948"/>
                <TextEquiv>
                    <Unicode>Name and Place of Abode of</Unicode>
                </TextEquiv>
            </TextLine>
            <TextLine id="l_24" custom="readingOrder {index:1;}">
                <Coords points="2289,978 2361,978 2393,975 2424,976 2475,975 2474,945 2424,946 2392,945 2360,948 2289,948"/>
                <Baseline points="2289,978 2361,978 2393,975 2424,976 2475,975"/>
                <TextEquiv>
                    <Unicode>Author of Work</Unicode>
                </TextEquiv>
            </TextLine>
            <TextLine id="l_16" custom="readingOrder {index:2;}">
                <Coords points="2220,1084 2327,1084 2350,1077 2443,1077 2470,1074 2612,1077 2613,1047 2469,1044 2441,1047 2346,1047 2323,1054 2220,1054"/>
                <Baseline points="2220,1084 2327,1084 2350,1077 2443,1077 2470,1074 2612,1077"/>
                <TextEquiv>
                    <Unicode>George Swan Nottage</Unicode>
                </TextEquiv>
            </TextLine>
            <TextLine id="l_17" custom="readingOrder {index:3;}">
                <Coords points="2341,1137 2455,1137 2455,1107 2341,1107"/>
                <Baseline points="2341,1137 2455,1137"/>
                <TextEquiv>
                    <Unicode>and</Unicode>
                </TextEquiv>
            </TextLine>
            <TextLine id="l_18" custom="readingOrder {index:4;}">
                <Coords points="2215,1191 2348,1195 2381,1188 2460,1188 2633,1190 2633,1160 2460,1158 2378,1158 2345,1165 2216,1161"/>
                <Baseline points="2215,1191 2348,1195 2381,1188 2460,1188 2633,1190"/>
                <TextEquiv>
                    <Unicode>Howard John Kennard</Unicode>
                </TextEquiv>
            </TextLine>
            <TextLine id="l_19" custom="readingOrder {index:5;}">
                <Coords points="2305,1250 2341,1246 2374,1240 2475,1247 2603,1251 2604,1221 2477,1217 2372,1210 2337,1216 2302,1220"/>
                <Baseline points="2305,1250 2341,1246 2374,1240 2475,1247 2603,1251"/>
                <TextEquiv>
                    <Unicode>54 Cheapside</Unicode>
                </TextEquiv>
            </TextLine>
            <TextLine id="l_20" custom="readingOrder {index:6;}">
                <Coords points="2195,1296 2282,1302 2333,1296 2433,1304 2498,1301 2620,1308 2622,1278 2498,1271 2434,1274 2332,1266 2281,1272 2197,1266"/>
                <Baseline points="2195,1296 2282,1302 2333,1296 2433,1304 2498,1301 2620,1308"/>
                <TextEquiv>
                    <Unicode>and 110 Regent Street</Unicode>
                </TextEquiv>
            </TextLine>
            <TextLine id="l_21" custom="readingOrder {index:7;}">
                <Coords points="2313,1368 2420,1371 2540,1375 2541,1345 2421,1341 2314,1338"/>
                <Baseline points="2313,1368 2420,1371 2540,1375"/>
                <TextEquiv>
                    <Unicode>London</Unicode>
                </TextEquiv>
            </TextLine>
            <TextEquiv>
                <Unicode></Unicode>
            </TextEquiv>
        </TextRegion>
        <TextRegion id="r_4" custom="readingOrder {index:5;}">
            <Coords points="323,1737 2641,1737 2641,1930 323,1930"/>
            <TextLine id="l_22" custom="readingOrder {index:0;}">
                <Coords points="506,1808 580,1806 630,1804 708,1803 734,1828 782,1786 820,1784 942,1807 992,1806 1014,1804 1092,1796 1233,1803 1319,1800 1454,1799 1520,1799 1520,1769 1454,1769 1318,1770 1233,1773 1091,1766 1011,1774 990,1776 944,1777 822,1754 771,1758 735,1789 719,1775 629,1774 579,1776 505,1778"/>
                <Baseline points="506,1808 580,1806 630,1804 708,1803 734,1828 782,1786 820,1784 942,1807 992,1806 1014,1804 1092,1796 1233,1803 1319,1800 1454,1799 1520,1799"/>
                <TextEquiv>
                    <Unicode>Dated this 29th day of January 1883</Unicode>
                </TextEquiv>
            </TextLine>
            <TextEquiv>
                <Unicode></Unicode>
            </TextEquiv>
        </TextRegion>
    </Page>
</PcGts>
