<?xml version="1.0" encoding="UTF-8" standalone="yes"?>
<PcGts xmlns="http://schema.primaresearch.org/PAGE/gts/pagecontent/2013-07-15">
    <Metadata>
        <Creator>Transkribus</Creator>
        <Created>2025-09-23T14:48:20.784+02:00</Created>
        <LastChange>2025-10-03T19:12:56.240+02:00</LastChange>
    </Metadata>
    <Page imageFilename="p035.jpg" imageWidth="3508" imageHeight="2479">
        <TextRegion id="r" custom="readingOrder {index:0;}">
            <Coords points="300,564 2600,564 2600,891 300,891"/>
            <TextLine id="l" custom="readingOrder {index:0;}">
                <Coords points="442,739 511,736 595,733 706,732 820,725 900,721 950,721 1063,718 1088,712 1161,710 1309,707 1356,706 1401,700 1501,697 1570,694 1636,689 1694,690 1781,691 1880,685 1900,681 2012,684 2013,654 1897,651 1876,655 1780,661 1694,660 1635,659 1568,664 1500,667 1399,670 1354,676 1308,677 1160,680 1084,682 1059,688 950,691 899,691 818,695 705,702 594,703 510,706 441,709"/>
                <Baseline points="442,739 511,736 595,733 706,732 820,725 900,721 950,721 1063,718 1088,712 1161,710 1309,707 1356,706 1401,700 1501,697 1570,694 1636,689 1694,690 1781,691 1880,685 1900,681 2012,684"/>
                <TextEquiv>
                    <Unicode>We George Swan Nottage and Howard John Kennard of 54 Cheapside and 110 Regent Street London</Unicode>
                </TextEquiv>
            </TextLine>
            <TextEquiv>
                <Unicode></Unicode>
            </TextEquiv>
        </TextRegion>
        <ImageRegion id="r_5" custom="readingOrder {index:1;}">
            <Coords points="282,155 1887,155 1887,652 282,652"/>
        </ImageRegion>
        <TextRegion id="r_1" custom="readingOrder {index:2;}">
            <Coords points="340,930 1186,930 1186,1737 340,1737"/>
            <TextLine id="l_7" custom="readingOrder {index:0;}">
                <Coords points="654,995 769,992 806,990 867,987 866,957 804,960 768,962 653,965"/>
                <Baseline points="654,995 769,992 806,990 867,987"/>
                <TextEquiv>
                    <Unicode>Description of Work</Unicode>
                </TextEquiv>
            </TextLine>
            <TextLine id="l_1" custom="readingOrder {index:1;}">
                <Coords points="395,1173 544,1177 650,1178 724,1173 776,1164 809,1160 938,1169 940,1139 808,1130 772,1134 720,1143 649,1148 545,1147 396,1143"/>
                <Baseline points="395,1173 544,1177 650,1178 724,1173 776,1164 809,1160 938,1169"/>
                <TextEquiv>
                    <Unicode>Photograph of Lord</Unicode>
                </TextEquiv>
            </TextLine>
            <TextLine id="l_2" custom="readingOrder {index:2;}">
                <Coords points="384,1271 486,1271 607,1275 657,1269 711,1264 759,1267 910,1265 952,1258 1079,1258 1155,1267 1159,1237 1081,1228 950,1228 907,1235 760,1237 711,1234 654,1239 606,1245 486,1241 384,1241"/>
                <Baseline points="384,1271 486,1271 607,1275 657,1269 711,1264 759,1267 910,1265 952,1258 1079,1258 1155,1267"/>
                <TextEquiv>
                    <Unicode>Wolseley in plain uniform</Unicode>
                </TextEquiv>
            </TextLine>
            <TextLine id="l_3" custom="readingOrder {index:3;}">
                <Coords points="382,1345 493,1343 551,1345 710,1348 772,1340 896,1340 976,1336 1153,1334 1153,1304 975,1306 895,1310 770,1310 708,1318 552,1315 493,1313 381,1315"/>
                <Baseline points="382,1345 493,1343 551,1345 710,1348 772,1340 896,1340 976,1336 1153,1334"/>
                <TextEquiv>
                    <Unicode>with ribbons wearing collar</Unicode>
                </TextEquiv>
            </TextLine>
            <TextLine id="l_4" custom="readingOrder {index:4;}">
                <Coords points="389,1421 494,1421 555,1415 643,1417 784,1416 890,1417 932,1409 1095,1413 1096,1383 930,1379 887,1387 784,1386 643,1387 554,1385 493,1391 389,1391"/>
                <Baseline points="389,1421 494,1421 555,1415 643,1417 784,1416 890,1417 932,1409 1095,1413"/>
                <TextEquiv>
                    <Unicode>and tie standing nearly</Unicode>
                </TextEquiv>
            </TextLine>
            <TextLine id="l_5" custom="readingOrder {index:5;}">
                <Coords points="388,1499 508,1493 570,1484 670,1484 726,1478 906,1478 971,1478 1093,1481 1162,1474 1159,1444 1092,1451 971,1448 906,1448 724,1448 668,1454 568,1454 505,1463 387,1469"/>
                <Baseline points="388,1499 508,1493 570,1484 670,1484 726,1478 906,1478 971,1478 1093,1481 1162,1474"/>
                <TextEquiv>
                    <Unicode>full face looking upward</Unicode>
                </TextEquiv>
            </TextLine>
            <TextLine id="l_6" custom="readingOrder {index:6;}">
                <Coords points="406,1602 461,1609 528,1602 661,1602 775,1602 775,1572 661,1572 526,1572 461,1579 410,1572"/>
                <Baseline points="406,1602 461,1609 528,1602 661,1602 775,1602"/>
                <TextEquiv>
                    <Unicode>Copy attached</Unicode>
                </TextEquiv>
            </TextLine>
            <TextEquiv>
                <Unicode></Unicode>
            </TextEquiv>
        </TextRegion>
        <TextRegion id="r_2" custom="readingOrder {index:3;}">
            <Coords points="1740,897 2195,897 2195,1715 1740,1715"/>
            <TextLine id="l_8" custom="readingOrder {index:0;}">
                <Coords points="1812,950 1868,949 1933,947 1995,942 2089,938 2133,938 2133,908 2088,908 1993,912 1931,917 1867,919 1811,920"/>
                <Baseline points="1812,950 1868,949 1933,947 1995,942 2089,938 2133,938"/>
                <TextEquiv>
                    <Unicode>Name and Place of Abode of</Unicode>
                </TextEquiv>
            </TextLine>
            <TextLine id="l_9" custom="readingOrder {index:1;}">
                <Coords points="1840,974 1945,970 1991,966 2104,961 2103,931 1989,936 1943,940 1839,944"/>
                <Baseline points="1840,974 1945,970 1991,966 2104,961"/>
                <TextEquiv>
                    <Unicode>Proprietor of Copyright</Unicode>
                </TextEquiv>
            </TextLine>
            <TextLine id="l_10" custom="readingOrder {index:2;}">
                <Coords points="1767,1072 1839,1073 1885,1069 1979,1065 2001,1053 2087,1055 2146,1054 2146,1054 2150,1058 2171,1037 2157,1026 2146,1024 2087,1025 1994,1024 1971,1036 1883,1039 1838,1043 1767,1042"/>
                <Baseline points="1767,1072 1839,1073 1885,1069 1979,1065 2001,1053 2087,1055 2146,1054 2146,1054 2150,1058"/>
                <TextEquiv>
                    <Unicode>George Swan Nottage</Unicode>
                </TextEquiv>
            </TextLine>
            <TextLine id="l_11" custom="readingOrder {index:3;}">
                <Coords points="1874,1128 1938,1128 1981,1122 1977,1092 1936,1098 1874,1098"/>
                <Baseline points="1874,1128 1938,1128 1981,1122"/>
                <TextEquiv>
                    <Unicode>and</Unicode>
                </TextEquiv>
            </TextLine>
            <TextLine id="l_12" custom="readingOrder {index:4;}">
                <Coords points="1761,1176 1840,1178 1905,1175 1939,1175 2022,1175 2039,1166 2138,1170 2186,1169 2185,1139 2138,1140 2032,1137 2015,1146 1939,1145 1904,1145 1840,1148 1762,1146"/>
                <Baseline points="1761,1176 1840,1178 1905,1175 1939,1175 2022,1175 2039,1166 2138,1170 2186,1169"/>
                <TextEquiv>
                    <Unicode>Howard John Kennard</Unicode>
                </TextEquiv>
            </TextLine>
            <TextLine id="l_13" custom="readingOrder {index:5;}">
                <Coords points="1882,1236 1925,1234 1945,1228 2055,1230 2152,1230 2152,1200 2055,1200 1941,1198 1920,1204 1881,1206"/>
                <Baseline points="1882,1236 1925,1234 1945,1228 2055,1230 2152,1230"/>
                <TextEquiv>
                    <Unicode>54 Cheapside</Unicode>
                </TextEquiv>
            </TextLine>
            <TextLine id="l_14" custom="readingOrder {index:6;}">
                <Coords points="1769,1308 1857,1311 1926,1304 1947,1299 2048,1299 2070,1293 2175,1295 2176,1265 2066,1263 2044,1269 1944,1269 1921,1274 1856,1281 1770,1278"/>
                <Baseline points="1769,1308 1857,1311 1926,1304 1947,1299 2048,1299 2070,1293 2175,1295"/>
                <TextEquiv>
                    <Unicode>and 110 Regent Street</Unicode>
                </TextEquiv>
            </TextLine>
            <TextLine id="l_15" custom="readingOrder {index:7;}">
                <Coords points="1893,1373 1991,1374 2079,1372 2078,1342 1991,1344 1893,1343"/>
                <Baseline points="1893,1373 1991,1374 2079,1372"/>
                <TextEquiv>
                    <Unicode>London</Unicode>
                </TextEquiv>
            </TextLine>
            <TextEquiv>
                <Unicode></Unicode>
            </TextEquiv>
        </TextRegion>
        <TextRegion id="r_3" custom="readingOrder {index:4;}">
            <Coords points="2157,875 2624,875 2624,1715 2157,1715"/>
            <TextLine id="l_16" custom="readingOrder {index:0;}">
                <Coords points="2203,937 2278,933 2332,931 2405,929 2483,926 2528,923 2526,893 2481,896 2404,899 2331,901 2277,903 2201,907"/>
                <Baseline points="2203,937 2278,933 2332,931 2405,929 2483,926 2528,923"/>
                <TextEquiv>
                    <Unicode>Name and Place of Abode of</Unicode>
                </TextEquiv>
            </TextLine>
            <TextLine id="l_17" custom="readingOrder {index:1;}">
                <Coords points="2270,958 2344,954 2388,951 2455,950 2455,920 2387,921 2342,924 2268,928"/>
                <Baseline points="2270,958 2344,954 2388,951 2455,950"/>
                <TextEquiv>
                    <Unicode>Author of Work</Unicode>
                </TextEquiv>
            </TextLine>
            <TextLine id="l_18" custom="readingOrder {index:2;}">
                <Coords points="2202,1054 2319,1055 2349,1044 2451,1043 2478,1036 2588,1041 2620,1041 2620,1011 2589,1011 2475,1006 2447,1013 2344,1014 2314,1025 2202,1024"/>
                <Baseline points="2202,1054 2319,1055 2349,1044 2451,1043 2478,1036 2588,1041 2620,1041"/>
                <TextEquiv>
                    <Unicode>George Swan Nottage</Unicode>
                </TextEquiv>
            </TextLine>
            <TextLine id="l_19" custom="readingOrder {index:3;}">
                <Coords points="2317,1103 2411,1101 2410,1071 2316,1073"/>
                <Baseline points="2317,1103 2411,1101"/>
                <TextEquiv>
                    <Unicode>and</Unicode>
                </TextEquiv>
            </TextLine>
            <TextLine id="l_20" custom="readingOrder {index:4;}">
                <Coords points="2207,1165 2359,1160 2391,1152 2464,1152 2486,1150 2620,1155 2621,1125 2485,1120 2463,1122 2387,1122 2355,1130 2206,1135"/>
                <Baseline points="2207,1165 2359,1160 2391,1152 2464,1152 2486,1150 2620,1155"/>
                <TextEquiv>
                    <Unicode>Howard John Kennard</Unicode>
                </TextEquiv>
            </TextLine>
            <TextLine id="l_21" custom="readingOrder {index:5;}">
                <Coords points="2291,1226 2345,1218 2379,1208 2473,1214 2591,1207 2589,1177 2473,1184 2376,1178 2339,1189 2287,1196"/>
                <Baseline points="2291,1226 2345,1218 2379,1208 2473,1214 2591,1207"/>
                <TextEquiv>
                    <Unicode>54 Cheapside</Unicode>
                </TextEquiv>
            </TextLine>
            <TextLine id="l_22" custom="readingOrder {index:6;}">
                <Coords points="2194,1288 2284,1285 2337,1287 2367,1279 2472,1278 2499,1275 2609,1284 2611,1254 2499,1245 2470,1248 2363,1249 2334,1257 2284,1255 2193,1258"/>
                <Baseline points="2194,1288 2284,1285 2337,1287 2367,1279 2472,1278 2499,1275 2609,1284"/>
                <TextEquiv>
                    <Unicode>and 110 Regent Street</Unicode>
                </TextEquiv>
            </TextLine>
            <TextLine id="l_23" custom="readingOrder {index:7;}">
                <Coords points="2310,1352 2428,1355 2521,1351 2520,1321 2428,1325 2311,1322"/>
                <Baseline points="2310,1352 2428,1355 2521,1351"/>
                <TextEquiv>
                    <Unicode>London</Unicode>
                </TextEquiv>
            </TextLine>
            <TextEquiv>
                <Unicode></Unicode>
            </TextEquiv>
        </TextRegion>
        <TextRegion id="r_4" custom="readingOrder {index:5;}">
            <Coords points="353,1697 2609,1697 2609,1917 353,1917"/>
            <TextLine id="l_24" custom="readingOrder {index:0;}">
                <Coords points="501,1807 564,1807 622,1804 705,1808 729,1824 779,1790 810,1787 930,1795 1005,1795 1050,1788 1233,1788 1293,1787 1442,1784 1527,1780 1526,1750 1441,1754 1292,1757 1233,1758 1048,1758 1003,1765 931,1765 810,1757 769,1762 729,1789 714,1780 622,1774 563,1777 501,1777"/>
                <Baseline points="501,1807 564,1807 622,1804 705,1808 729,1824 779,1790 810,1787 930,1795 1005,1795 1050,1788 1233,1788 1293,1787 1442,1784 1527,1780"/>
                <TextEquiv>
                    <Unicode>Dated this 29th day of January 1883</Unicode>
                </TextEquiv>
            </TextLine>
            <TextEquiv>
                <Unicode></Unicode>
            </TextEquiv>
        </TextRegion>
    </Page>
</PcGts>
