<?xml version="1.0" encoding="UTF-8" standalone="yes"?>
<PcGts xmlns="http://schema.primaresearch.org/PAGE/gts/pagecontent/2013-07-15">
    <Metadata>
        <Creator>Transkribus</Creator>
        <Created>2025-09-23T14:48:20.996+02:00</Created>
        <LastChange>2025-10-03T19:15:37.609+02:00</LastChange>
    </Metadata>
    <Page imageFilename="p036.jpg" imageWidth="3508" imageHeight="2479">
        <ImageRegion id="r" custom="readingOrder {index:0;}">
            <Coords points="626,135 2268,135 2268,2214 626,2214"/>
        </ImageRegion>
    </Page>
</PcGts>
