<?xml version="1.0" encoding="UTF-8" standalone="yes"?>
<PcGts xmlns="http://schema.primaresearch.org/PAGE/gts/pagecontent/2013-07-15">
    <Metadata>
        <Creator>Transkribus</Creator>
        <Created>2025-09-23T14:48:21.368+02:00</Created>
        <LastChange>2025-10-03T19:17:19.488+02:00</LastChange>
    </Metadata>
    <Page imageFilename="p037.jpg" imageWidth="3508" imageHeight="2479">
        <TextRegion id="r" custom="readingOrder {index:0;}">
            <Coords points="289,537 2607,537 2607,936 289,936"/>
            <TextLine id="l" custom="readingOrder {index:0;}">
                <Coords points="439,744 499,744 588,744 669,744 692,735 798,740 872,743 916,737 1020,739 1052,739 1122,736 1138,731 1284,729 1325,727 1351,727 1414,725 1493,725 1564,722 1636,721 1693,718 1786,720 1872,714 2011,723 2013,693 1872,684 1785,690 1693,688 1635,691 1563,692 1492,695 1414,695 1351,697 1324,697 1283,699 1133,701 1117,706 1051,709 1020,709 914,707 871,713 799,710 687,705 663,715 588,714 499,714 439,714"/>
                <Baseline points="439,744 499,744 588,744 669,744 692,735 798,740 872,743 916,737 1020,739 1052,739 1122,736 1138,731 1284,729 1325,727 1351,727 1414,725 1493,725 1564,722 1636,721 1693,718 1786,720 1872,714 2011,723"/>
                <TextEquiv>
                    <Unicode>We George Swan Nottage and Howard John Kennard of 54 Cheapside and 110 Regent Street London</Unicode>
                </TextEquiv>
            </TextLine>
            <TextEquiv>
                <Unicode></Unicode>
            </TextEquiv>
        </TextRegion>
        <ImageRegion id="r_5" custom="readingOrder {index:1;}">
            <Coords points="253,170 1863,170 1863,655 253,655"/>
        </ImageRegion>
        <TextRegion id="r_1" custom="readingOrder {index:2;}">
            <Coords points="291,945 1149,945 1149,1762 291,1762"/>
            <TextLine id="l_6" custom="readingOrder {index:0;}">
                <Coords points="639,1009 767,1007 854,1005 853,975 766,977 639,979"/>
                <Baseline points="639,1009 767,1007 854,1005"/>
                <TextEquiv>
                    <Unicode>Description of Work</Unicode>
                </TextEquiv>
            </TextLine>
            <TextLine id="l_1" custom="readingOrder {index:1;}">
                <Coords points="365,1175 517,1175 634,1174 718,1168 846,1167 891,1164 1022,1171 1085,1171 1085,1141 1023,1141 891,1134 845,1137 717,1138 633,1144 517,1145 365,1145"/>
                <Baseline points="365,1175 517,1175 634,1174 718,1168 846,1167 891,1164 1022,1171 1085,1171"/>
                <TextEquiv>
                    <Unicode>Photograph of Lord Wolseley</Unicode>
                </TextEquiv>
            </TextLine>
            <TextLine id="l_2" custom="readingOrder {index:2;}">
                <Coords points="348,1255 407,1260 418,1228 462,1220 577,1214 681,1254 775,1255 878,1252 932,1250 966,1248 1051,1249 1113,1245 1111,1215 1050,1219 965,1218 931,1220 877,1222 775,1225 687,1225 582,1184 459,1190 393,1199 387,1229 351,1225"/>
                <Baseline points="348,1255 407,1260 418,1228 462,1220 577,1214 681,1254 775,1255 878,1252 932,1250 966,1248 1051,1249 1113,1245"/>
                <TextEquiv>
                    <Unicode>in plain uniform with</Unicode>
                </TextEquiv>
            </TextLine>
            <TextLine id="l_3" custom="readingOrder {index:3;}">
                <Coords points="337,1334 441,1334 530,1332 588,1331 615,1335 668,1331 689,1324 762,1330 814,1322 963,1328 1036,1330 1037,1300 964,1298 812,1292 761,1300 685,1294 662,1302 616,1305 590,1301 529,1302 441,1304 337,1304"/>
                <Baseline points="337,1334 441,1334 530,1332 588,1331 615,1335 668,1331 689,1324 762,1330 814,1322 963,1328 1036,1330"/>
                <TextEquiv>
                    <Unicode>ribbons 3/4 face wearing</Unicode>
                </TextEquiv>
            </TextLine>
            <TextLine id="l_4" custom="readingOrder {index:4;}">
                <Coords points="340,1405 445,1402 497,1405 544,1405 574,1402 651,1405 652,1375 573,1372 543,1375 498,1375 445,1372 339,1375"/>
                <Baseline points="340,1405 445,1402 497,1405 544,1405 574,1402 651,1405"/>
                <TextEquiv>
                    <Unicode>collar and tie</Unicode>
                </TextEquiv>
            </TextLine>
            <TextLine id="l_5" custom="readingOrder {index:5;}">
                <Coords points="420,1534 519,1543 566,1536 686,1534 751,1534 846,1539 848,1509 752,1504 686,1504 564,1506 518,1513 423,1504"/>
                <Baseline points="420,1534 519,1543 566,1536 686,1534 751,1534 846,1539"/>
                <TextEquiv>
                    <Unicode>Copy attached</Unicode>
                </TextEquiv>
            </TextLine>
            <TextEquiv>
                <Unicode></Unicode>
            </TextEquiv>
        </TextRegion>
        <TextRegion id="r_2" custom="readingOrder {index:3;}">
            <Coords points="1745,946 2222,946 2222,1767 1745,1767"/>
            <TextLine id="l_7" custom="readingOrder {index:0;}">
                <Coords points="1805,982 1863,981 1913,981 1938,981 1979,982 2008,981 2078,981 2106,981 2120,978 2114,949 2103,951 2078,951 2007,951 1979,952 1938,951 1913,951 1863,951 1804,952"/>
                <Baseline points="1805,982 1863,981 1913,981 1938,981 1979,982 2008,981 2078,981 2106,981 2120,978"/>
                <TextEquiv>
                    <Unicode>Name and Place of Abode of</Unicode>
                </TextEquiv>
            </TextLine>
            <TextLine id="l_8" custom="readingOrder {index:1;}">
                <Coords points="1834,1007 1911,1007 1944,1007 1983,1007 2049,1005 2094,1005 2094,975 2049,975 1983,977 1944,977 1911,977 1834,977"/>
                <Baseline points="1834,1007 1911,1007 1944,1007 1983,1007 2049,1005 2094,1005"/>
                <TextEquiv>
                    <Unicode>Proprietor of Copyright</Unicode>
                </TextEquiv>
            </TextLine>
            <TextLine id="l_9" custom="readingOrder {index:2;}">
                <Coords points="1760,1115 1873,1114 1988,1108 2014,1102 2136,1105 2163,1103 2161,1073 2135,1075 2011,1072 1984,1078 1872,1084 1760,1085"/>
                <Baseline points="1760,1115 1873,1114 1988,1108 2014,1102 2136,1105 2163,1103"/>
                <TextEquiv>
                    <Unicode>George Swan Nottage</Unicode>
                </TextEquiv>
            </TextLine>
            <TextLine id="l_10" custom="readingOrder {index:3;}">
                <Coords points="1885,1163 2000,1160 1999,1130 1884,1133"/>
                <Baseline points="1885,1163 2000,1160"/>
                <TextEquiv>
                    <Unicode>and</Unicode>
                </TextEquiv>
            </TextLine>
            <TextLine id="l_11" custom="readingOrder {index:4;}">
                <Coords points="1748,1222 1812,1225 1927,1220 1952,1215 2034,1217 2058,1215 2150,1224 2213,1220 2211,1190 2151,1194 2058,1185 2033,1187 1949,1185 1923,1190 1812,1195 1749,1192"/>
                <Baseline points="1748,1222 1812,1225 1927,1220 1952,1215 2034,1217 2058,1215 2150,1224 2213,1220"/>
                <TextEquiv>
                    <Unicode>Howard John Kennard</Unicode>
                </TextEquiv>
            </TextLine>
            <TextLine id="l_12" custom="readingOrder {index:5;}">
                <Coords points="1861,1287 1906,1287 1929,1285 2016,1286 2144,1286 2144,1256 2016,1256 1928,1255 1905,1257 1861,1257"/>
                <Baseline points="1861,1287 1906,1287 1929,1285 2016,1286 2144,1286"/>
                <TextEquiv>
                    <Unicode>54 Cheapside</Unicode>
                </TextEquiv>
            </TextLine>
            <TextLine id="l_13" custom="readingOrder {index:6;}">
                <Coords points="1761,1348 1845,1351 1867,1346 1909,1346 2043,1347 2167,1348 2167,1318 2043,1317 1909,1316 1864,1316 1842,1321 1762,1318"/>
                <Baseline points="1761,1348 1845,1351 1867,1346 1909,1346 2043,1347 2167,1348"/>
                <TextEquiv>
                    <Unicode>and 110 Regent Street</Unicode>
                </TextEquiv>
            </TextLine>
            <TextLine id="l_14" custom="readingOrder {index:7;}">
                <Coords points="1853,1428 1959,1430 2081,1426 2080,1396 1959,1400 1854,1398"/>
                <Baseline points="1853,1428 1959,1430 2081,1426"/>
                <TextEquiv>
                    <Unicode>London</Unicode>
                </TextEquiv>
            </TextLine>
            <TextEquiv>
                <Unicode></Unicode>
            </TextEquiv>
        </TextRegion>
        <TextRegion id="r_3" custom="readingOrder {index:4;}">
            <Coords points="2144,944 2616,944 2616,1771 2144,1771"/>
            <TextLine id="l_15" custom="readingOrder {index:0;}">
                <Coords points="2198,976 2260,974 2317,974 2377,972 2420,970 2485,971 2528,971 2528,941 2485,941 2420,940 2376,942 2317,944 2260,944 2197,946"/>
                <Baseline points="2198,976 2260,974 2317,974 2377,972 2420,970 2485,971 2528,971"/>
                <TextEquiv>
                    <Unicode>Name and Place of Abode of</Unicode>
                </TextEquiv>
            </TextLine>
            <TextLine id="l_16" custom="readingOrder {index:1;}">
                <Coords points="2268,998 2348,998 2393,998 2461,998 2461,968 2393,968 2348,968 2268,968"/>
                <Baseline points="2268,998 2348,998 2393,998 2461,998"/>
                <TextEquiv>
                    <Unicode>Author of Work</Unicode>
                </TextEquiv>
            </TextLine>
            <TextLine id="l_17" custom="readingOrder {index:2;}">
                <Coords points="2185,1100 2263,1105 2315,1097 2416,1103 2444,1094 2527,1098 2565,1108 2603,1101 2598,1071 2566,1078 2532,1068 2440,1064 2412,1073 2314,1067 2262,1075 2187,1070"/>
                <Baseline points="2185,1100 2263,1105 2315,1097 2416,1103 2444,1094 2527,1098 2565,1108 2603,1101"/>
                <TextEquiv>
                    <Unicode>George Swan Nottage</Unicode>
                </TextEquiv>
            </TextLine>
            <TextLine id="l_18" custom="readingOrder {index:3;}">
                <Coords points="2301,1154 2363,1161 2399,1159 2397,1129 2364,1131 2304,1124"/>
                <Baseline points="2301,1154 2363,1161 2399,1159"/>
                <TextEquiv>
                    <Unicode>and</Unicode>
                </TextEquiv>
            </TextLine>
            <TextLine id="l_19" custom="readingOrder {index:4;}">
                <Coords points="2221,1211 2350,1213 2436,1214 2458,1210 2602,1216 2603,1186 2456,1180 2433,1184 2350,1183 2221,1181"/>
                <Baseline points="2221,1211 2350,1213 2436,1214 2458,1210 2602,1216"/>
                <TextEquiv>
                    <Unicode>Howard John Kennard</Unicode>
                </TextEquiv>
            </TextLine>
            <TextLine id="l_20" custom="readingOrder {index:5;}">
                <Coords points="2288,1281 2340,1277 2363,1274 2446,1277 2495,1278 2574,1278 2574,1248 2495,1248 2447,1247 2362,1244 2337,1247 2286,1251"/>
                <Baseline points="2288,1281 2340,1277 2363,1274 2446,1277 2495,1278 2574,1278"/>
                <TextEquiv>
                    <Unicode>54 Cheapside</Unicode>
                </TextEquiv>
            </TextLine>
            <TextLine id="l_21" custom="readingOrder {index:6;}">
                <Coords points="2196,1344 2268,1346 2294,1340 2332,1341 2411,1342 2474,1339 2534,1344 2604,1342 2603,1312 2535,1314 2475,1309 2410,1312 2333,1311 2291,1310 2265,1316 2197,1314"/>
                <Baseline points="2196,1344 2268,1346 2294,1340 2332,1341 2411,1342 2474,1339 2534,1344 2604,1342"/>
                <TextEquiv>
                    <Unicode>and 110 Regent Street</Unicode>
                </TextEquiv>
            </TextLine>
            <TextLine id="l_22" custom="readingOrder {index:7;}">
                <Coords points="2318,1414 2406,1417 2521,1414 2520,1384 2406,1387 2319,1384"/>
                <Baseline points="2318,1414 2406,1417 2521,1414"/>
                <TextEquiv>
                    <Unicode>London</Unicode>
                </TextEquiv>
            </TextLine>
            <TextEquiv>
                <Unicode></Unicode>
            </TextEquiv>
        </TextRegion>
        <TextRegion id="r_4" custom="readingOrder {index:5;}">
            <Coords points="287,1735 2613,1735 2613,1968 287,1968"/>
            <TextLine id="l_23" custom="readingOrder {index:0;}">
                <Coords points="475,1836 546,1830 602,1829 668,1839 693,1849 728,1831 741,1813 787,1810 903,1827 968,1826 1021,1822 1134,1831 1243,1828 1281,1826 1414,1827 1502,1820 1500,1790 1413,1797 1280,1796 1242,1798 1135,1801 1021,1792 967,1796 905,1797 788,1780 724,1783 708,1808 692,1818 676,1810 604,1799 544,1800 472,1806"/>
                <Baseline points="475,1836 546,1830 602,1829 668,1839 693,1849 728,1831 741,1813 787,1810 903,1827 968,1826 1021,1822 1134,1831 1243,1828 1281,1826 1414,1827 1502,1820"/>
                <TextEquiv>
                    <Unicode>Dated this 29th day of January 1883</Unicode>
                </TextEquiv>
            </TextLine>
            <TextEquiv>
                <Unicode></Unicode>
            </TextEquiv>
        </TextRegion>
    </Page>
</PcGts>
