<?xml version="1.0" encoding="UTF-8" standalone="yes"?>
<PcGts xmlns="http://schema.primaresearch.org/PAGE/gts/pagecontent/2013-07-15">
    <Metadata>
        <Creator>Transkribus</Creator>
        <Created>2025-09-23T14:48:21.467+02:00</Created>
        <LastChange>2025-10-03T21:21:13.200+02:00</LastChange>
    </Metadata>
    <Page imageFilename="p038.jpg" imageWidth="3508" imageHeight="2479">
        <TextRegion id="r_1" custom="readingOrder {index:0;}">
            <Coords points="332,532 2652,532 2652,917 332,917"/>
            <TextEquiv>
                <Unicode></Unicode>
            </TextEquiv>
        </TextRegion>
        <ImageRegion id="r" custom="readingOrder {index:1;}">
            <Coords points="328,504 1102,504 1102,1715 328,1715"/>
        </ImageRegion>
        <TextRegion id="r_2" custom="readingOrder {index:2;}">
            <Coords points="347,914 1100,914 1100,1704 347,1704"/>
            <TextEquiv>
                <Unicode></Unicode>
            </TextEquiv>
        </TextRegion>
        <TextRegion id="r_3" custom="readingOrder {index:3;}">
            <Coords points="1773,917 2207,917 2207,1709 1773,1709"/>
            <TextEquiv>
                <Unicode></Unicode>
            </TextEquiv>
        </TextRegion>
        <TextRegion id="r_4" custom="readingOrder {index:4;}">
            <Coords points="2176,908 2652,908 2652,1715 2176,1715"/>
            <TextEquiv>
                <Unicode></Unicode>
            </TextEquiv>
        </TextRegion>
        <TextRegion id="r_5" custom="readingOrder {index:5;}">
            <Coords points="354,1708 2656,1708 2656,1908 354,1908"/>
            <TextEquiv>
                <Unicode></Unicode>
            </TextEquiv>
        </TextRegion>
    </Page>
</PcGts>
