<?xml version="1.0" encoding="UTF-8" standalone="yes"?>
<PcGts xmlns="http://schema.primaresearch.org/PAGE/gts/pagecontent/2013-07-15">
    <Metadata>
        <Creator>Transkribus</Creator>
        <Created>2025-09-23T14:48:21.733+02:00</Created>
        <LastChange>2025-10-03T21:22:53.205+02:00</LastChange>
    </Metadata>
    <Page imageFilename="p039.jpg" imageWidth="3508" imageHeight="2479">
        <TextRegion id="r" custom="readingOrder {index:0;}">
            <Coords points="347,594 2595,594 2595,914 347,914"/>
            <TextLine id="l" custom="readingOrder {index:0;}">
                <Coords points="480,720 743,718 1016,713 1336,700 1559,700 1687,693 1847,681 2000,679 2036,655 2253,643 2251,613 2027,627 1991,650 1846,651 1685,663 1558,670 1335,670 1015,683 743,688 480,690"/>
                <Baseline points="480,720 743,718 1016,713 1336,700 1559,700 1687,693 1847,681 2000,679 2036,655 2253,643"/>
                <TextEquiv>
                    <Unicode>Harry Wheeler of Vandyck Studio, Weymouth</Unicode>
                </TextEquiv>
            </TextLine>
            <TextEquiv>
                <Unicode></Unicode>
            </TextEquiv>
        </TextRegion>
        <ImageRegion id="r_7" custom="readingOrder {index:1;}">
            <Coords points="300,158 1077,158 1077,607 300,607"/>
        </ImageRegion>
        <TextRegion id="r_1" custom="readingOrder {index:2;}">
            <Coords points="341,908 1184,908 1184,1720 341,1720"/>
            <TextLine id="l_1" custom="readingOrder {index:0;}">
                <Coords points="664,977 757,973 816,971 885,971 885,941 815,941 756,943 663,947"/>
                <Baseline points="664,977 757,973 816,971 885,971"/>
                <TextEquiv>
                    <Unicode>Description of Work</Unicode>
                </TextEquiv>
            </TextLine>
            <TextLine id="l_2" custom="readingOrder {index:1;}">
                <Coords points="444,1104 642,1101 842,1095 841,1065 641,1071 444,1074"/>
                <Baseline points="444,1104 642,1101 842,1095"/>
                <TextEquiv>
                    <Unicode>Photograph</Unicode>
                </TextEquiv>
            </TextLine>
            <TextLine id="l_3" custom="readingOrder {index:2;}">
                <Coords points="372,1221 570,1221 716,1219 982,1217 1025,1212 1025,1212 1025,1182 1023,1182 980,1187 716,1189 570,1191 372,1191"/>
                <Baseline points="372,1221 570,1221 716,1219 982,1217 1025,1212 1025,1212"/>
                <TextEquiv>
                    <Unicode>"The Skipper's Darling"</Unicode>
                </TextEquiv>
            </TextLine>
            <TextLine id="l_4" custom="readingOrder {index:3;}">
                <Coords points="369,1388 557,1388 705,1396 759,1396 856,1408 915,1401 957,1396 957,1396 957,1366 955,1366 911,1371 856,1378 761,1366 706,1366 558,1358 369,1358"/>
                <Baseline points="369,1388 557,1388 705,1396 759,1396 856,1408 915,1401 957,1396 957,1396"/>
                <TextEquiv>
                    <Unicode>Child in boat, hand to</Unicode>
                </TextEquiv>
            </TextLine>
            <TextLine id="l_5" custom="readingOrder {index:4;}">
                <Coords points="417,1444 536,1448 642,1442 640,1412 536,1418 418,1414"/>
                <Baseline points="417,1444 536,1448 642,1442"/>
                <TextEquiv>
                    <Unicode>forehead</Unicode>
                </TextEquiv>
            </TextLine>
            <TextLine id="l_6" custom="readingOrder {index:5;}">
                <Coords points="450,1593 507,1593 588,1588 653,1588 964,1579 963,1549 653,1558 587,1558 506,1563 450,1563"/>
                <Baseline points="450,1593 507,1593 588,1588 653,1588 964,1579"/>
                <TextEquiv>
                    <Unicode>Copy annexed</Unicode>
                </TextEquiv>
            </TextLine>
            <TextEquiv>
                <Unicode></Unicode>
            </TextEquiv>
        </TextRegion>
        <TextRegion id="r_2" custom="readingOrder {index:3;}">
            <Coords points="1176,918 1416,918 1416,1717 1176,1717"/>
            <TextLine id="l_7" custom="readingOrder {index:0;}">
                <Coords points="1194,953 1244,953 1381,951 1381,921 1244,923 1194,923"/>
                <Baseline points="1194,953 1244,953 1381,951"/>
                <TextEquiv>
                    <Unicode>Date of Agreement</Unicode>
                </TextEquiv>
            </TextLine>
            <TextLine id="l_8" custom="readingOrder {index:1;}">
                <Coords points="1208,975 1361,975 1361,945 1208,945"/>
                <Baseline points="1208,975 1361,975"/>
                <TextEquiv>
                    <Unicode>or Assignment</Unicode>
                </TextEquiv>
            </TextLine>
            <TextEquiv>
                <Unicode></Unicode>
            </TextEquiv>
        </TextRegion>
        <TextRegion id="r_3" custom="readingOrder {index:4;}">
            <Coords points="1416,918 1801,918 1801,1717 1416,1717"/>
            <TextLine id="l_9" custom="readingOrder {index:0;}">
                <Coords points="1433,962 1516,962 1606,959 1748,957 1748,927 1605,929 1516,932 1433,932"/>
                <Baseline points="1433,962 1516,962 1606,959 1748,957"/>
                <TextEquiv>
                    <Unicode>Names of Parties to Agreement</Unicode>
                </TextEquiv>
            </TextLine>
            <TextEquiv>
                <Unicode></Unicode>
            </TextEquiv>
        </TextRegion>
        <TextRegion id="r_4" custom="readingOrder {index:5;}">
            <Coords points="1751,892 2162,892 2162,1708 1751,1708"/>
            <TextLine id="l_10" custom="readingOrder {index:0;}">
                <Coords points="1816,941 1915,939 2018,935 2131,932 2130,902 2017,905 1914,909 1815,911"/>
                <Baseline points="1816,941 1915,939 2018,935 2131,932"/>
                <TextEquiv>
                    <Unicode>Name and Place of Abode</Unicode>
                </TextEquiv>
            </TextLine>
            <TextLine id="l_11" custom="readingOrder {index:1;}">
                <Coords points="1843,968 1980,959 2088,959 2088,929 1979,929 1841,938"/>
                <Baseline points="1843,968 1980,959 2088,959"/>
                <TextEquiv>
                    <Unicode>Propietor of Copyright</Unicode>
                </TextEquiv>
            </TextLine>
            <TextLine id="l_12" custom="readingOrder {index:2;}">
                <Coords points="1753,1072 1924,1070 2156,1070 2156,1040 1924,1040 1753,1042"/>
                <Baseline points="1753,1072 1924,1070 2156,1070"/>
                <TextEquiv>
                    <Unicode>Harry Wheeler</Unicode>
                </TextEquiv>
            </TextLine>
            <TextLine id="l_13" custom="readingOrder {index:3;}">
                <Coords points="1761,1171 2039,1162 2038,1132 1760,1141"/>
                <Baseline points="1761,1171 2039,1162"/>
                <TextEquiv>
                    <Unicode>Vandyck</Unicode>
                </TextEquiv>
            </TextLine>
            <TextLine id="l_14" custom="readingOrder {index:4;}">
                <Coords points="1805,1237 1992,1235 1992,1205 1805,1207"/>
                <Baseline points="1805,1237 1992,1235"/>
                <TextEquiv>
                    <Unicode>Studio</Unicode>
                </TextEquiv>
            </TextLine>
            <TextLine id="l_15" custom="readingOrder {index:5;}">
                <Coords points="1781,1324 2119,1304 2117,1274 1779,1294"/>
                <Baseline points="1781,1324 2119,1304"/>
                <TextEquiv>
                    <Unicode>Weymouth</Unicode>
                </TextEquiv>
            </TextLine>
            <TextEquiv>
                <Unicode></Unicode>
            </TextEquiv>
        </TextRegion>
        <TextRegion id="r_5" custom="readingOrder {index:6;}">
            <Coords points="2145,893 2602,893 2602,1706 2145,1706"/>
            <TextLine id="l_16" custom="readingOrder {index:0;}">
                <Coords points="2193,932 2308,926 2513,924 2513,894 2307,896 2191,902"/>
                <Baseline points="2193,932 2308,926 2513,924"/>
                <TextEquiv>
                    <Unicode>Name and Place of Abode of</Unicode>
                </TextEquiv>
            </TextLine>
            <TextLine id="l_17" custom="readingOrder {index:1;}">
                <Coords points="2261,955 2447,951 2446,921 2260,925"/>
                <Baseline points="2261,955 2447,951"/>
                <TextEquiv>
                    <Unicode>Author of Work</Unicode>
                </TextEquiv>
            </TextLine>
            <TextLine id="l_18" custom="readingOrder {index:2;}">
                <Coords points="2152,1092 2306,1090 2398,1088 2587,1079 2586,1049 2397,1058 2305,1060 2152,1062"/>
                <Baseline points="2152,1092 2306,1090 2398,1088 2587,1079"/>
                <TextEquiv>
                    <Unicode>Harry Wheeler</Unicode>
                </TextEquiv>
            </TextLine>
            <TextLine id="l_19" custom="readingOrder {index:3;}">
                <Coords points="2159,1173 2479,1164 2478,1134 2158,1143"/>
                <Baseline points="2159,1173 2479,1164"/>
                <TextEquiv>
                    <Unicode>Vandyck</Unicode>
                </TextEquiv>
            </TextLine>
            <TextLine id="l_20" custom="readingOrder {index:4;}">
                <Coords points="2173,1264 2418,1250 2416,1220 2171,1234"/>
                <Baseline points="2173,1264 2418,1250"/>
                <TextEquiv>
                    <Unicode>Studio</Unicode>
                </TextEquiv>
            </TextLine>
            <TextLine id="l_21" custom="readingOrder {index:5;}">
                <Coords points="2159,1352 2560,1333 2559,1303 2158,1322"/>
                <Baseline points="2159,1352 2560,1333"/>
                <TextEquiv>
                    <Unicode>Weymouth</Unicode>
                </TextEquiv>
            </TextLine>
            <TextEquiv>
                <Unicode></Unicode>
            </TextEquiv>
        </TextRegion>
        <TextRegion id="r_6" custom="readingOrder {index:7;}">
            <Coords points="345,1714 2608,1714 2608,1906 345,1906"/>
            <TextLine id="l_22" custom="readingOrder {index:0;}">
                <Coords points="514,1792 629,1790 775,1794 793,1781 852,1769 937,1785 1029,1787 1279,1776 1536,1772 1536,1742 1278,1746 1029,1757 940,1755 852,1739 781,1754 766,1765 629,1760 513,1762"/>
                <Baseline points="514,1792 629,1790 775,1794 793,1781 852,1769 937,1785 1029,1787 1279,1776 1536,1772"/>
                <TextEquiv>
                    <Unicode>Dated this 24th day of January 1883</Unicode>
                </TextEquiv>
            </TextLine>
            <TextEquiv>
                <Unicode></Unicode>
            </TextEquiv>
        </TextRegion>
    </Page>
</PcGts>
