<?xml version="1.0" encoding="UTF-8" standalone="yes"?>
<PcGts xmlns="http://schema.primaresearch.org/PAGE/gts/pagecontent/2013-07-15">
    <Metadata>
        <Creator>Transkribus</Creator>
        <Created>2025-09-23T14:48:22.334+02:00</Created>
        <LastChange>2025-10-03T21:25:03.200+02:00</LastChange>
    </Metadata>
    <Page imageFilename="p041.jpg" imageWidth="3508" imageHeight="2479">
        <TextRegion id="r" custom="readingOrder {index:0;}">
            <Coords points="249,535 2525,535 2525,872 249,872"/>
            <TextLine id="l" custom="readingOrder {index:0;}">
                <Coords points="382,713 473,724 588,718 760,711 834,711 969,713 1091,710 1131,711 1133,710 1186,701 1255,695 1465,683 1823,674 1823,674 1823,644 1823,644 1464,653 1253,665 1182,671 1124,681 1124,682 1091,680 969,683 834,681 759,681 587,688 474,694 386,683"/>
                <Baseline points="382,713 473,724 588,718 760,711 834,711 969,713 1091,710 1131,711 1133,710 1186,701 1255,695 1465,683 1823,674 1823,674"/>
                <TextEquiv>
                    <Unicode>I, William Moscrop of Black Hall, Kendal</Unicode>
                </TextEquiv>
            </TextLine>
            <TextEquiv>
                <Unicode></Unicode>
            </TextEquiv>
        </TextRegion>
        <ImageRegion id="r_5" custom="readingOrder {index:1;}">
            <Coords points="175,169 977,169 977,632 175,632"/>
        </ImageRegion>
        <TextRegion id="r_1" custom="readingOrder {index:2;}">
            <Coords points="235,883 1082,883 1082,1725 235,1725"/>
            <TextLine id="l_1" custom="readingOrder {index:0;}">
                <Coords points="563,969 673,967 779,964 778,934 672,937 562,939"/>
                <Baseline points="563,969 673,967 779,964"/>
                <TextEquiv>
                    <Unicode></Unicode>
                </TextEquiv>
            </TextLine>
            <TextLine id="l_2" custom="readingOrder {index:1;}">
                <Coords points="337,1106 606,1101 725,1093 806,1103 879,1093 875,1063 806,1073 726,1063 605,1071 336,1076"/>
                <Baseline points="337,1106 606,1101 725,1093 806,1103 879,1093"/>
                <TextEquiv>
                    <Unicode>Photograph of</Unicode>
                </TextEquiv>
            </TextLine>
            <TextLine id="l_3" custom="readingOrder {index:2;}">
                <Coords points="318,1209 467,1204 573,1211 786,1204 883,1206 1028,1199 1027,1169 883,1176 786,1174 573,1181 467,1174 317,1179"/>
                <Baseline points="318,1209 467,1204 573,1211 786,1204 883,1206 1028,1199"/>
                <TextEquiv>
                    <Unicode>Mary Birkett, who </Unicode>
                </TextEquiv>
            </TextLine>
            <TextLine id="l_4" custom="readingOrder {index:3;}">
                <Coords points="293,1296 447,1291 583,1286 761,1284 904,1283 1051,1281 1051,1251 904,1253 761,1254 582,1256 446,1261 292,1266"/>
                <Baseline points="293,1296 447,1291 583,1286 761,1284 904,1283 1051,1281"/>
                <TextEquiv>
                    <Unicode>died December 18th 1882</Unicode>
                </TextEquiv>
            </TextLine>
            <TextLine id="l_5" custom="readingOrder {index:4;}">
                <Coords points="350,1365 393,1371 549,1363 666,1371 745,1369 744,1339 667,1341 549,1333 394,1341 354,1335"/>
                <Baseline points="350,1365 393,1371 549,1363 666,1371 745,1369"/>
                <TextEquiv>
                    <Unicode>aged 102</Unicode>
                </TextEquiv>
            </TextLine>
            <TextLine id="l_6" custom="readingOrder {index:5;}">
                <Coords points="252,1504 354,1507 450,1502 642,1500 747,1497 848,1497 848,1467 747,1467 641,1470 449,1472 354,1477 253,1474"/>
                <Baseline points="252,1504 354,1507 450,1502 642,1500 747,1497 848,1497"/>
                <TextEquiv>
                    <Unicode>Fingers crossed in lap</Unicode>
                </TextEquiv>
            </TextLine>
            <TextLine id="l_7" custom="readingOrder {index:6;}">
                <Coords points="380,1599 447,1590 532,1590 616,1581 806,1569 929,1564 928,1534 804,1539 613,1551 530,1560 445,1560 376,1569"/>
                <Baseline points="380,1599 447,1590 532,1590 616,1581 806,1569 929,1564"/>
                <TextEquiv>
                    <Unicode>Copy annexed</Unicode>
                </TextEquiv>
            </TextLine>
            <TextEquiv>
                <Unicode></Unicode>
            </TextEquiv>
        </TextRegion>
        <TextRegion id="r_2" custom="readingOrder {index:3;}">
            <Coords points="1630,880 2067,880 2067,1707 1630,1707"/>
            <TextLine id="l_8" custom="readingOrder {index:0;}">
                <Coords points="1714,937 1777,936 1893,934 1990,933 2038,934 2039,904 1990,903 1893,904 1777,906 1714,907"/>
                <Baseline points="1714,937 1777,936 1893,934 1990,933 2038,934"/>
                <TextEquiv>
                    <Unicode>Name and Place of Abode of</Unicode>
                </TextEquiv>
            </TextLine>
            <TextLine id="l_9" custom="readingOrder {index:1;}">
                <Coords points="1747,960 1862,960 1908,960 2006,959 2006,929 1908,930 1862,930 1747,930"/>
                <Baseline points="1747,960 1862,960 1908,960 2006,959"/>
                <TextEquiv>
                    <Unicode>Propietor of Copyright</Unicode>
                </TextEquiv>
            </TextLine>
            <TextLine id="l_10" custom="readingOrder {index:2;}">
                <Coords points="1647,1059 1841,1051 2051,1039 2049,1009 1840,1021 1646,1029"/>
                <Baseline points="1647,1059 1841,1051 2051,1039"/>
                <TextEquiv>
                    <Unicode>William Moscrop</Unicode>
                </TextEquiv>
            </TextLine>
            <TextLine id="l_11" custom="readingOrder {index:3;}">
                <Coords points="1708,1133 1855,1127 1948,1123 2045,1119 2044,1089 1947,1093 1854,1097 1707,1103"/>
                <Baseline points="1708,1133 1855,1127 1948,1123 2045,1119"/>
                <TextEquiv>
                    <Unicode>Black Hall</Unicode>
                </TextEquiv>
            </TextLine>
            <TextLine id="l_12" custom="readingOrder {index:4;}">
                <Coords points="1683,1225 1804,1212 1983,1209 1982,1179 1802,1182 1680,1195"/>
                <Baseline points="1683,1225 1804,1212 1983,1209"/>
                <TextEquiv>
                    <Unicode>Kendal</Unicode>
                </TextEquiv>
            </TextLine>
            <TextEquiv>
                <Unicode></Unicode>
            </TextEquiv>
        </TextRegion>
        <TextRegion id="r_3" custom="readingOrder {index:4;}">
            <Coords points="2063,882 2503,882 2503,1707 2063,1707"/>
            <TextLine id="l_13" custom="readingOrder {index:0;}">
                <Coords points="2103,933 2177,930 2280,927 2393,924 2432,924 2432,894 2393,894 2279,897 2176,900 2102,903"/>
                <Baseline points="2103,933 2177,930 2280,927 2393,924 2432,924"/>
                <TextEquiv>
                    <Unicode>Name and Place of Abode of</Unicode>
                </TextEquiv>
            </TextLine>
            <TextLine id="l_14" custom="readingOrder {index:1;}">
                <Coords points="2179,953 2249,953 2298,953 2363,951 2362,921 2298,923 2249,923 2179,923"/>
                <Baseline points="2179,953 2249,953 2298,953 2363,951"/>
                <TextEquiv>
                    <Unicode>Author of Work</Unicode>
                </TextEquiv>
            </TextLine>
            <TextLine id="l_15" custom="readingOrder {index:2;}">
                <Coords points="2072,1090 2231,1087 2314,1083 2416,1083 2488,1080 2487,1050 2415,1053 2313,1053 2230,1057 2071,1060"/>
                <Baseline points="2072,1090 2231,1087 2314,1083 2416,1083 2488,1080"/>
                <TextEquiv>
                    <Unicode>William Moscrop</Unicode>
                </TextEquiv>
            </TextLine>
            <TextLine id="l_16" custom="readingOrder {index:3;}">
                <Coords points="2090,1173 2268,1167 2377,1165 2463,1164 2463,1134 2377,1135 2267,1137 2089,1143"/>
                <Baseline points="2090,1173 2268,1167 2377,1165 2463,1164"/>
                <TextEquiv>
                    <Unicode>Black Hall</Unicode>
                </TextEquiv>
            </TextLine>
            <TextLine id="l_17" custom="readingOrder {index:4;}">
                <Coords points="2089,1272 2160,1266 2270,1263 2374,1263 2374,1233 2270,1233 2158,1236 2086,1242"/>
                <Baseline points="2089,1272 2160,1266 2270,1263 2374,1263"/>
                <TextEquiv>
                    <Unicode>Kendal</Unicode>
                </TextEquiv>
            </TextLine>
            <TextEquiv>
                <Unicode></Unicode>
            </TextEquiv>
        </TextRegion>
        <TextRegion id="r_4" custom="readingOrder {index:5;}">
            <Coords points="230,1684 2505,1684 2505,1903 230,1903"/>
            <TextLine id="l_18" custom="readingOrder {index:0;}">
                <Coords points="410,1776 547,1775 634,1774 667,1760 753,1747 838,1777 914,1777 997,1774 1040,1771 1140,1766 1214,1766 1342,1763 1342,1763 1426,1773 1430,1743 1344,1733 1342,1733 1214,1736 1139,1736 1038,1741 995,1744 913,1747 843,1747 756,1717 659,1731 628,1745 547,1745 410,1746"/>
                <Baseline points="410,1776 547,1775 634,1774 667,1760 753,1747 838,1777 914,1777 997,1774 1040,1771 1140,1766 1214,1766 1342,1763 1342,1763 1426,1773"/>
                <TextEquiv>
                    <Unicode>Dated this 10th day of January 1883</Unicode>
                </TextEquiv>
            </TextLine>
            <TextEquiv>
                <Unicode></Unicode>
            </TextEquiv>
        </TextRegion>
    </Page>
</PcGts>
