<?xml version="1.0" encoding="UTF-8" standalone="yes"?>
<PcGts xmlns="http://schema.primaresearch.org/PAGE/gts/pagecontent/2013-07-15">
    <Metadata>
        <Creator>Transkribus</Creator>
        <Created>2025-09-23T14:48:22.795+02:00</Created>
        <LastChange>2025-10-03T21:26:37.125+02:00</LastChange>
    </Metadata>
    <Page imageFilename="p042.jpg" imageWidth="3508" imageHeight="2479">
        <TextRegion id="r_5" custom="readingOrder {index:0;}">
            <Coords points="262,529 2519,529 2519,858 262,858"/>
            <TextEquiv>
                <Unicode></Unicode>
            </TextEquiv>
        </TextRegion>
        <ImageRegion id="r" custom="readingOrder {index:1;}">
            <Coords points="262,510 647,510 647,1140 262,1140"/>
        </ImageRegion>
        <TextRegion id="r_1" custom="readingOrder {index:2;}">
            <Coords points="243,896 1113,896 1113,1719 243,1719"/>
            <TextEquiv>
                <Unicode></Unicode>
            </TextEquiv>
        </TextRegion>
        <TextRegion id="r_2" custom="readingOrder {index:3;}">
            <Coords points="1664,884 2137,884 2137,1702 1664,1702"/>
            <TextEquiv>
                <Unicode></Unicode>
            </TextEquiv>
        </TextRegion>
        <TextRegion id="r_3" custom="readingOrder {index:4;}">
            <Coords points="2060,893 2531,893 2531,1702 2060,1702"/>
            <TextEquiv>
                <Unicode></Unicode>
            </TextEquiv>
        </TextRegion>
        <TextRegion id="r_4" custom="readingOrder {index:5;}">
            <Coords points="277,1691 2525,1691 2525,1902 277,1902"/>
            <TextEquiv>
                <Unicode></Unicode>
            </TextEquiv>
        </TextRegion>
    </Page>
</PcGts>
