<?xml version="1.0" encoding="UTF-8" standalone="yes"?>
<PcGts xmlns="http://schema.primaresearch.org/PAGE/gts/pagecontent/2013-07-15">
    <Metadata>
        <Creator>Transkribus</Creator>
        <Created>2025-09-23T14:48:22.960+02:00</Created>
        <LastChange>2025-10-03T21:27:32.303+02:00</LastChange>
    </Metadata>
    <Page imageFilename="p043.jpg" imageWidth="3508" imageHeight="2479">
        <TextRegion id="r" custom="readingOrder {index:0;}">
            <Coords points="302,543 2634,543 2634,907 302,907"/>
            <TextLine id="l" custom="readingOrder {index:0;}">
                <Coords points="450,712 716,717 951,715 1266,705 1338,705 1330,666 1432,692 1527,682 1581,699 1854,692 1849,689 1834,715 1803,679 1585,669 1530,652 1434,662 1299,634 1305,678 1266,675 950,685 716,687 451,682"/>
                <Baseline points="450,712 716,717 951,715 1266,705 1338,705 1330,666 1432,692 1527,682 1581,699 1854,692 1849,689"/>
                <TextEquiv>
                    <Unicode>I, William of Moscrop of Black Hall Kendal</Unicode>
                </TextEquiv>
            </TextLine>
            <TextEquiv>
                <Unicode></Unicode>
            </TextEquiv>
        </TextRegion>
        <ImageRegion id="r_5" custom="readingOrder {index:1;}">
            <Coords points="280,169 750,169 750,624 280,624"/>
        </ImageRegion>
        <TextRegion id="r_1" custom="readingOrder {index:2;}">
            <Coords points="304,912 1138,912 1138,1745 304,1745"/>
            <TextLine id="l_1" custom="readingOrder {index:0;}">
                <Coords points="637,983 857,981 857,951 637,953"/>
                <Baseline points="637,983 857,981"/>
                <TextEquiv>
                    <Unicode></Unicode>
                </TextEquiv>
            </TextLine>
            <TextLine id="l_2" custom="readingOrder {index:1;}">
                <Coords points="366,1111 537,1104 734,1096 806,1106 806,1106 806,1076 808,1076 735,1066 536,1074 365,1081"/>
                <Baseline points="366,1111 537,1104 734,1096 806,1106 806,1106"/>
                <TextEquiv>
                    <Unicode>Photograph of</Unicode>
                </TextEquiv>
            </TextLine>
            <TextLine id="l_3" custom="readingOrder {index:2;}">
                <Coords points="355,1219 522,1221 800,1214 939,1208 1095,1208 1095,1178 938,1178 799,1184 522,1191 355,1189"/>
                <Baseline points="355,1219 522,1221 800,1214 939,1208 1095,1208"/>
                <TextEquiv>
                    <Unicode>Mary Birkett who died</Unicode>
                </TextEquiv>
            </TextLine>
            <TextLine id="l_4" custom="readingOrder {index:3;}">
                <Coords points="339,1320 600,1299 697,1292 746,1317 863,1312 1055,1312 1055,1312 1052,1322 1081,1331 1090,1286 1055,1282 862,1282 752,1288 703,1263 598,1269 337,1290"/>
                <Baseline points="339,1320 600,1299 697,1292 746,1317 863,1312 1055,1312 1055,1312 1052,1322"/>
                <TextEquiv>
                    <Unicode>December 18th 1882, aged</Unicode>
                </TextEquiv>
            </TextLine>
            <TextLine id="l_5" custom="readingOrder {index:4;}">
                <Coords points="393,1396 526,1396 526,1366 393,1366"/>
                <Baseline points="393,1396 526,1396"/>
                <TextEquiv>
                    <Unicode>102.</Unicode>
                </TextEquiv>
            </TextLine>
            <TextLine id="l_6" custom="readingOrder {index:5;}">
                <Coords points="339,1517 519,1510 668,1492 813,1477 926,1469 1051,1462 1049,1432 924,1439 810,1447 665,1462 517,1480 338,1487"/>
                <Baseline points="339,1517 519,1510 668,1492 813,1477 926,1469 1051,1462"/>
                <TextEquiv>
                    <Unicode>Hands partly closed on lap</Unicode>
                </TextEquiv>
            </TextLine>
            <TextLine id="l_7" custom="readingOrder {index:6;}">
                <Coords points="442,1648 596,1638 657,1630 964,1625 964,1595 655,1600 593,1608 440,1618"/>
                <Baseline points="442,1648 596,1638 657,1630 964,1625"/>
                <TextEquiv>
                    <Unicode>Copy annexed</Unicode>
                </TextEquiv>
            </TextLine>
            <TextEquiv>
                <Unicode></Unicode>
            </TextEquiv>
        </TextRegion>
        <TextRegion id="r_2" custom="readingOrder {index:3;}">
            <Coords points="1752,904 2215,904 2215,1735 1752,1735"/>
            <TextLine id="l_8" custom="readingOrder {index:0;}">
                <Coords points="1809,954 1883,954 1983,954 2118,954 2118,924 1983,924 1883,924 1809,924"/>
                <Baseline points="1809,954 1883,954 1983,954 2118,954"/>
                <TextEquiv>
                    <Unicode>Name and Place of Abode of</Unicode>
                </TextEquiv>
            </TextLine>
            <TextLine id="l_9" custom="readingOrder {index:1;}">
                <Coords points="1835,985 1947,979 2090,977 2090,947 1946,949 1833,955"/>
                <Baseline points="1835,985 1947,979 2090,977"/>
                <TextEquiv>
                    <Unicode>Propietor of Copyright</Unicode>
                </TextEquiv>
            </TextLine>
            <TextLine id="l_12" custom="readingOrder {index:2;}">
                <Coords points="1765,1082 1972,1078 2207,1076 2207,1046 1972,1048 1764,1052"/>
                <Baseline points="1765,1082 1972,1078 2207,1076"/>
                <TextEquiv>
                    <Unicode>William Moscrop</Unicode>
                </TextEquiv>
            </TextLine>
            <TextLine id="l_13" custom="readingOrder {index:3;}">
                <Coords points="1837,1150 2012,1150 2137,1154 2138,1124 2012,1120 1837,1120"/>
                <Baseline points="1837,1150 2012,1150 2137,1154"/>
                <TextEquiv>
                    <Unicode>Black Hall</Unicode>
                </TextEquiv>
            </TextLine>
            <TextLine id="l_14" custom="readingOrder {index:4;}">
                <Coords points="1805,1236 2071,1234 2071,1204 1805,1206"/>
                <Baseline points="1805,1236 2071,1234"/>
                <TextEquiv>
                    <Unicode>Kendal</Unicode>
                </TextEquiv>
            </TextLine>
            <TextEquiv>
                <Unicode></Unicode>
            </TextEquiv>
        </TextRegion>
        <TextRegion id="r_3" custom="readingOrder {index:4;}">
            <Coords points="2156,919 2632,919 2632,1740 2156,1740"/>
            <TextLine id="l_10" custom="readingOrder {index:0;}">
                <Coords points="2200,953 2325,947 2532,943 2531,913 2324,917 2199,923"/>
                <Baseline points="2200,953 2325,947 2532,943"/>
                <TextEquiv>
                    <Unicode>Name and Place of Abode of</Unicode>
                </TextEquiv>
            </TextLine>
            <TextLine id="l_11" custom="readingOrder {index:1;}">
                <Coords points="2270,972 2454,970 2454,940 2270,942"/>
                <Baseline points="2270,972 2454,970"/>
                <TextEquiv>
                    <Unicode>Author of Work</Unicode>
                </TextEquiv>
            </TextLine>
            <TextLine id="l_15" custom="readingOrder {index:2;}">
                <Coords points="2160,1167 2386,1167 2463,1158 2618,1158 2618,1128 2461,1128 2384,1137 2160,1137"/>
                <Baseline points="2160,1167 2386,1167 2463,1158 2618,1158"/>
                <TextEquiv>
                    <Unicode>William Moscrop</Unicode>
                </TextEquiv>
            </TextLine>
            <TextLine id="l_16" custom="readingOrder {index:3;}">
                <Coords points="2187,1247 2392,1243 2622,1245 2622,1215 2392,1213 2186,1217"/>
                <Baseline points="2187,1247 2392,1243 2622,1245"/>
                <TextEquiv>
                    <Unicode>Black Hall</Unicode>
                </TextEquiv>
            </TextLine>
            <TextLine id="l_17" custom="readingOrder {index:4;}">
                <Coords points="2208,1346 2527,1338 2526,1308 2207,1316"/>
                <Baseline points="2208,1346 2527,1338"/>
                <TextEquiv>
                    <Unicode>Kendal</Unicode>
                </TextEquiv>
            </TextLine>
            <TextEquiv>
                <Unicode></Unicode>
            </TextEquiv>
        </TextRegion>
        <TextRegion id="r_4" custom="readingOrder {index:5;}">
            <Coords points="304,1710 2616,1710 2616,1927 304,1927"/>
            <TextLine id="l_18" custom="readingOrder {index:0;}">
                <Coords points="467,1809 588,1811 729,1797 805,1788 913,1807 1000,1807 1065,1820 1298,1816 1401,1807 1496,1794 1496,1794 1496,1764 1494,1764 1398,1777 1296,1786 1068,1790 1003,1777 916,1777 806,1758 726,1767 587,1781 467,1779"/>
                <Baseline points="467,1809 588,1811 729,1797 805,1788 913,1807 1000,1807 1065,1820 1298,1816 1401,1807 1496,1794 1496,1794"/>
                <TextEquiv>
                    <Unicode>Dated 10th day of January 1883</Unicode>
                </TextEquiv>
            </TextLine>
            <TextEquiv>
                <Unicode></Unicode>
            </TextEquiv>
        </TextRegion>
    </Page>
</PcGts>
