<?xml version="1.0" encoding="UTF-8" standalone="yes"?>
<PcGts xmlns="http://schema.primaresearch.org/PAGE/gts/pagecontent/2013-07-15">
    <Metadata>
        <Creator>Transkribus</Creator>
        <Created>2025-09-23T14:48:23.295+02:00</Created>
        <LastChange>2025-10-03T21:28:43.383+02:00</LastChange>
    </Metadata>
    <Page imageFilename="p044.jpg" imageWidth="3508" imageHeight="2479">
        <TextRegion id="r" custom="readingOrder {index:0;}">
            <Coords points="275,547 2578,547 2578,878 275,878"/>
            <TextLine id="l" custom="readingOrder {index:0;}">
                <Coords points="433,718 639,722 927,715 926,685 639,692 434,688"/>
                <Baseline points="433,718 639,722 927,715"/>
                <TextEquiv>
                    <Unicode>Hine Parker Co</Unicode>
                </TextEquiv>
            </TextLine>
            <TextLine id="l_1" custom="readingOrder {index:1;}">
                <Coords points="1292,702 1576,706 1766,699 1973,702 1973,672 1766,669 1576,676 1292,672"/>
                <Baseline points="1292,702 1576,706 1766,699 1973,702"/>
                <TextEquiv>
                    <Unicode>of 13-14 Milk Street and 24 Gresham Street</Unicode>
                </TextEquiv>
            </TextLine>
            <TextLine id="l_2" custom="readingOrder {index:2;}">
                <Coords points="1610,729 1799,729 1799,699 1610,699"/>
                <Baseline points="1610,729 1799,729"/>
                <TextEquiv>
                    <Unicode>London</Unicode>
                </TextEquiv>
            </TextLine>
            <TextEquiv>
                <Unicode></Unicode>
            </TextEquiv>
        </TextRegion>
        <TextRegion id="r_1" custom="readingOrder {index:1;}">
            <Coords points="269,889 1073,889 1073,1718 269,1718"/>
            <TextLine id="l_3" custom="readingOrder {index:0;}">
                <Coords points="298,1150 436,1137 590,1134 744,1134 744,1104 590,1104 434,1107 295,1120"/>
                <Baseline points="298,1150 436,1137 590,1134 744,1134"/>
                <TextEquiv>
                    <Unicode></Unicode>
                </TextEquiv>
            </TextLine>
            <TextLine id="l_4" custom="readingOrder {index:1;}">
                <Coords points="280,1226 439,1212 546,1204 712,1196 896,1185 894,1155 710,1166 544,1174 437,1182 277,1196"/>
                <Baseline points="280,1226 439,1212 546,1204 712,1196 896,1185"/>
                <TextEquiv>
                    <Unicode></Unicode>
                </TextEquiv>
            </TextLine>
            <TextLine id="l_5" custom="readingOrder {index:2;}">
                <Coords points="289,1286 484,1273 583,1268 829,1256 1005,1254 1005,1224 828,1226 582,1238 482,1243 287,1256"/>
                <Baseline points="289,1286 484,1273 583,1268 829,1256 1005,1254"/>
                <TextEquiv>
                    <Unicode></Unicode>
                </TextEquiv>
            </TextLine>
            <TextLine id="l_6" custom="readingOrder {index:3;}">
                <Coords points="335,1465 532,1454 776,1449 775,1419 531,1424 333,1435"/>
                <Baseline points="335,1465 532,1454 776,1449"/>
                <TextEquiv>
                    <Unicode></Unicode>
                </TextEquiv>
            </TextLine>
            <TextEquiv>
                <Unicode></Unicode>
            </TextEquiv>
        </TextRegion>
        <TextRegion id="r_3" custom="readingOrder {index:2;}">
            <Coords points="1736,894 2214,894 2214,1697 1736,1697"/>
            <TextLine id="l_7" custom="readingOrder {index:0;}">
                <Coords points="1744,1120 1897,1119 2068,1115 2121,1126 2127,1097 2071,1085 1897,1089 1744,1090"/>
                <Baseline points="1744,1120 1897,1119 2068,1115 2121,1126"/>
                <TextEquiv>
                    <Unicode>Hine Parker Co</Unicode>
                </TextEquiv>
            </TextLine>
            <TextLine id="l_8" custom="readingOrder {index:1;}">
                <Coords points="1741,1182 1887,1181 2035,1174 2120,1214 2133,1187 2041,1145 1886,1151 1741,1152"/>
                <Baseline points="1741,1182 1887,1181 2035,1174 2120,1214"/>
                <TextEquiv>
                    <Unicode>13-14 Milk Street</Unicode>
                </TextEquiv>
            </TextLine>
            <TextLine id="l_9" custom="readingOrder {index:2;}">
                <Coords points="1753,1253 1969,1246 2039,1238 2167,1266 2173,1237 2041,1208 1967,1216 1752,1223"/>
                <Baseline points="1753,1253 1969,1246 2039,1238 2167,1266"/>
                <TextEquiv>
                    <Unicode>and 24 Gresham Street</Unicode>
                </TextEquiv>
            </TextLine>
            <TextLine id="l_10" custom="readingOrder {index:3;}">
                <Coords points="1792,1321 1932,1316 2007,1304 2002,1274 1929,1286 1791,1291"/>
                <Baseline points="1792,1321 1932,1316 2007,1304"/>
                <TextEquiv>
                    <Unicode>London</Unicode>
                </TextEquiv>
            </TextLine>
            <TextEquiv>
                <Unicode></Unicode>
            </TextEquiv>
        </TextRegion>
        <TextRegion id="r_4" custom="readingOrder {index:3;}">
            <Coords points="2120,889 2594,889 2594,1690 2120,1690"/>
            <TextLine id="l_11" custom="readingOrder {index:0;}">
                <Coords points="2162,1108 2277,1108 2483,1109 2564,1117 2567,1087 2485,1079 2277,1078 2162,1078"/>
                <Baseline points="2162,1108 2277,1108 2483,1109 2564,1117"/>
                <TextEquiv>
                    <Unicode>William Wilson Co</Unicode>
                </TextEquiv>
            </TextLine>
            <TextLine id="l_12" custom="readingOrder {index:1;}">
                <Coords points="2120,1197 2213,1197 2381,1196 2507,1192 2506,1162 2380,1166 2213,1167 2120,1167"/>
                <Baseline points="2120,1197 2213,1197 2381,1196 2507,1192"/>
                <TextEquiv>
                    <Unicode>103 Cheapside</Unicode>
                </TextEquiv>
            </TextLine>
            <TextLine id="l_13" custom="readingOrder {index:2;}">
                <Coords points="2283,1274 2382,1265 2483,1266 2483,1236 2381,1235 2280,1244"/>
                <Baseline points="2283,1274 2382,1265 2483,1266"/>
                <TextEquiv>
                    <Unicode>London</Unicode>
                </TextEquiv>
            </TextLine>
            <TextEquiv>
                <Unicode></Unicode>
            </TextEquiv>
        </TextRegion>
        <ImageRegion id="r_2" custom="readingOrder {index:4;}">
            <Coords points="1072,1020 1758,1020 1758,1713 1072,1713"/>
        </ImageRegion>
        <TextRegion id="r_5" custom="readingOrder {index:5;}">
            <Coords points="269,1695 2568,1695 2568,1900 269,1900"/>
            <TextLine id="l_14" custom="readingOrder {index:0;}">
                <Coords points="462,1788 569,1785 600,1804 854,1790 889,1779 976,1777 1017,1798 1292,1787 1382,1775 1485,1767 1483,1737 1379,1745 1289,1757 1023,1769 983,1748 884,1749 849,1760 607,1775 577,1756 461,1758"/>
                <Baseline points="462,1788 569,1785 600,1804 854,1790 889,1779 976,1777 1017,1798 1292,1787 1382,1775 1485,1767"/>
                <TextEquiv>
                    <Unicode>Dated this nineteenth day of January 1883</Unicode>
                </TextEquiv>
            </TextLine>
            <TextEquiv>
                <Unicode></Unicode>
            </TextEquiv>
        </TextRegion>
    </Page>
</PcGts>
