<?xml version="1.0" encoding="UTF-8" standalone="yes"?>
<PcGts xmlns="http://schema.primaresearch.org/PAGE/gts/pagecontent/2013-07-15">
    <Metadata>
        <Creator>Transkribus</Creator>
        <Created>2025-09-23T14:48:23.634+02:00</Created>
        <LastChange>2025-09-24T17:25:44.959+02:00</LastChange>
    </Metadata>
    <Page imageFilename="p045.jpg" imageWidth="3508" imageHeight="2479">
        <TextRegion id="r" custom="readingOrder {index:0;}">
            <Coords points="295,537 2537,537 2537,865 295,865"/>
            <TextLine id="l" custom="readingOrder {index:0;}">
                <Coords points="430,713 588,699 699,697 925,697 925,667 699,667 586,669 427,683"/>
                <Baseline points="430,713 588,699 699,697 925,697"/>
                <TextEquiv>
                    <Unicode>We W and D. Downey</Unicode>
                </TextEquiv>
            </TextLine>
            <TextLine id="l_1" custom="readingOrder {index:1;}">
                <Coords points="1292,693 1440,689 1606,686 1746,686 1944,682 1943,652 1746,656 1606,656 1439,659 1291,663"/>
                <Baseline points="1292,693 1440,689 1606,686 1746,686 1944,682"/>
                <TextEquiv>
                    <Unicode>of 57 Ebury Street London S.W.</Unicode>
                </TextEquiv>
            </TextLine>
            <TextEquiv>
                <Unicode></Unicode>
            </TextEquiv>
        </TextRegion>
        <TextRegion id="r_1" custom="readingOrder {index:1;}">
            <Coords points="292,892 1142,892 1142,1758 292,1758"/>
            <TextLine id="l_2" custom="readingOrder {index:0;}">
                <Coords points="631,966 847,963 847,933 631,936"/>
                <Baseline points="631,966 847,963"/>
                <TextEquiv>
                    <Unicode></Unicode>
                </TextEquiv>
            </TextLine>
            <TextLine id="l_3" custom="readingOrder {index:1;}">
                <Coords points="393,1142 613,1130 738,1134 986,1122 984,1124 1005,1145 1028,1103 738,1104 613,1100 391,1112"/>
                <Baseline points="393,1142 613,1130 738,1134 986,1122 984,1124"/>
                <TextEquiv>
                    <Unicode>Photograph of Mrs Thompson</Unicode>
                </TextEquiv>
            </TextLine>
            <TextLine id="l_4" custom="readingOrder {index:2;}">
                <Coords points="295,1181 459,1183 459,1153 295,1151"/>
                <Baseline points="295,1181 459,1183"/>
                <TextEquiv>
                    <Unicode>almost</Unicode>
                </TextEquiv>
            </TextLine>
            <TextLine id="l_5" custom="readingOrder {index:3;}">
                <Coords points="397,1241 512,1228 516,1229 606,1209 733,1209 767,1200 844,1197 922,1206 992,1191 1062,1191 1062,1161 989,1161 921,1176 845,1167 763,1170 729,1179 603,1179 516,1199 514,1198 394,1211"/>
                <Baseline points="397,1241 512,1228 516,1229 606,1209 733,1209 767,1200 844,1197 922,1206 992,1191 1062,1191"/>
                <TextEquiv>
                    <Unicode>profile face turned to her right with</Unicode>
                </TextEquiv>
            </TextLine>
            <TextLine id="l_17" custom="readingOrder {index:4;}">
                <Coords points="554,1316 677,1309 772,1314 774,1284 677,1279 552,1286"/>
                <Baseline points="554,1316 677,1309 772,1314"/>
                <TextEquiv>
                    <Unicode>bonnet on</Unicode>
                </TextEquiv>
            </TextLine>
            <TextEquiv>
                <Unicode></Unicode>
            </TextEquiv>
        </TextRegion>
        <TextRegion id="r_2" custom="readingOrder {index:2;}">
            <Coords points="1715,890 2117,890 2117,1760 1715,1760"/>
            <TextLine id="l_6" custom="readingOrder {index:0;}">
                <Coords points="1760,940 1875,940 2029,938 2072,938 2061,938 2061,968 2012,938 2029,908 1875,910 1760,910"/>
                <Baseline points="1760,940 1875,940 2029,938 2072,938 2061,938"/>
                <TextEquiv>
                    <Unicode>Name and Place of Abode of</Unicode>
                </TextEquiv>
            </TextLine>
            <TextLine id="l_7" custom="readingOrder {index:1;}">
                <Coords points="1788,966 1891,965 2042,959 2041,929 1890,935 1788,936"/>
                <Baseline points="1788,966 1891,965 2042,959"/>
                <TextEquiv>
                    <Unicode>Propietor of Copyright</Unicode>
                </TextEquiv>
            </TextLine>
            <TextLine id="l_8" custom="readingOrder {index:2;}">
                <Coords points="1786,1106 1891,1097 1992,1088 2091,1098 2094,1068 1992,1058 1888,1067 1783,1076"/>
                <Baseline points="1786,1106 1891,1097 1992,1088 2091,1098"/>
                <TextEquiv>
                    <Unicode>W and D. Downey</Unicode>
                </TextEquiv>
            </TextLine>
            <TextLine id="l_9" custom="readingOrder {index:3;}">
                <Coords points="1811,1191 1912,1176 2012,1168 2090,1159 2087,1129 2009,1138 1909,1146 1807,1161"/>
                <Baseline points="1811,1191 1912,1176 2012,1168 2090,1159"/>
                <TextEquiv>
                    <Unicode>57 Ebury Street</Unicode>
                </TextEquiv>
            </TextLine>
            <TextLine id="l_10" custom="readingOrder {index:4;}">
                <Coords points="1802,1276 1939,1258 1935,1228 1798,1246"/>
                <Baseline points="1802,1276 1939,1258"/>
                <TextEquiv>
                    <Unicode>London</Unicode>
                </TextEquiv>
            </TextLine>
            <TextEquiv>
                <Unicode></Unicode>
            </TextEquiv>
        </TextRegion>
        <TextRegion id="r_3" custom="readingOrder {index:3;}">
            <Coords points="2100,890 2536,890 2536,1760 2100,1760"/>
            <TextLine id="l_11" custom="readingOrder {index:0;}">
                <Coords points="2148,935 2246,935 2403,930 2464,930 2464,900 2403,900 2246,905 2148,905"/>
                <Baseline points="2148,935 2246,935 2403,930 2464,930"/>
                <TextEquiv>
                    <Unicode>Name and Place of Abode of</Unicode>
                </TextEquiv>
            </TextLine>
            <TextLine id="l_12" custom="readingOrder {index:1;}">
                <Coords points="2212,964 2386,957 2385,927 2211,934"/>
                <Baseline points="2212,964 2386,957"/>
                <TextEquiv>
                    <Unicode>Author of Work</Unicode>
                </TextEquiv>
            </TextLine>
            <TextLine id="l_13" custom="readingOrder {index:2;}">
                <Coords points="2214,1068 2281,1054 2370,1054 2503,1061 2505,1031 2371,1024 2278,1024 2208,1039"/>
                <Baseline points="2214,1068 2281,1054 2370,1054 2503,1061"/>
                <TextEquiv>
                    <Unicode>W and D Downey</Unicode>
                </TextEquiv>
            </TextLine>
            <TextLine id="l_14" custom="readingOrder {index:3;}">
                <Coords points="2207,1145 2317,1130 2535,1123 2534,1093 2314,1100 2203,1115"/>
                <Baseline points="2207,1145 2317,1130 2535,1123"/>
                <TextEquiv>
                    <Unicode>57 Ebury Street</Unicode>
                </TextEquiv>
            </TextLine>
            <TextLine id="l_15" custom="readingOrder {index:4;}">
                <Coords points="2201,1226 2336,1214 2333,1184 2198,1196"/>
                <Baseline points="2201,1226 2336,1214"/>
                <TextEquiv>
                    <Unicode>London</Unicode>
                </TextEquiv>
            </TextLine>
            <TextEquiv>
                <Unicode></Unicode>
            </TextEquiv>
        </TextRegion>
        <TextRegion id="r_4" custom="readingOrder {index:4;}">
            <Coords points="288,1765 2546,1765 2546,1960 288,1960"/>
            <TextLine id="l_16" custom="readingOrder {index:0;}">
                <Coords points="473,1829 574,1824 718,1824 759,1834 837,1823 991,1821 1174,1816 1456,1817 1456,1787 1174,1786 990,1791 835,1793 760,1804 722,1794 573,1794 472,1799"/>
                <Baseline points="473,1829 574,1824 718,1824 759,1834 837,1823 991,1821 1174,1816 1456,1817"/>
                <TextEquiv>
                    <Unicode>Dated this 18th day of January 1883</Unicode>
                </TextEquiv>
            </TextLine>
            <TextEquiv>
                <Unicode></Unicode>
            </TextEquiv>
        </TextRegion>
    </Page>
</PcGts>
