<?xml version="1.0" encoding="UTF-8" standalone="yes"?>
<PcGts xmlns="http://schema.primaresearch.org/PAGE/gts/pagecontent/2013-07-15">
    <Metadata>
        <Creator>Transkribus</Creator>
        <Created>2025-09-23T14:48:23.879+02:00</Created>
        <LastChange>2025-09-25T11:26:10.178+02:00</LastChange>
    </Metadata>
    <Page imageFilename="p046.jpg" imageWidth="3508" imageHeight="2479">
        <TextRegion id="r" custom="readingOrder {index:0;}">
            <Coords points="354,549 2735,549 2735,907 354,907"/>
            <TextLine id="l" custom="readingOrder {index:0;}">
                <Coords points="522,740 681,739 801,728 984,744 987,714 801,698 680,709 522,710"/>
                <Baseline points="522,740 681,739 801,728 984,744"/>
                <TextEquiv>
                    <Unicode>We W and D. Downey</Unicode>
                </TextEquiv>
            </TextLine>
            <TextLine id="l_1" custom="readingOrder {index:1;}">
                <Coords points="1411,721 1576,717 1709,712 1834,708 1890,703 2076,701 2076,671 1889,673 1832,678 1708,682 1575,687 1410,691"/>
                <Baseline points="1411,721 1576,717 1709,712 1834,708 1890,703 2076,701"/>
                <TextEquiv>
                    <Unicode>of 51 Ebury Street London SW</Unicode>
                </TextEquiv>
            </TextLine>
            <TextEquiv>
                <Unicode></Unicode>
            </TextEquiv>
        </TextRegion>
        <TextRegion id="r_1" custom="readingOrder {index:1;}">
            <Coords points="360,910 1239,910 1239,1773 360,1773"/>
            <TextLine id="l_2" custom="readingOrder {index:0;}">
                <Coords points="706,1002 832,1002 936,1000 935,970 832,972 706,972"/>
                <Baseline points="706,1002 832,1002 936,1000"/>
                <TextEquiv>
                    <Unicode>Description of Work</Unicode>
                </TextEquiv>
            </TextLine>
            <TextLine id="l_3" custom="readingOrder {index:1;}">
                <Coords points="443,1164 671,1164 789,1146 956,1146 1038,1137 1194,1133 1193,1103 1036,1107 954,1116 787,1116 669,1134 443,1134"/>
                <Baseline points="443,1164 671,1164 789,1146 956,1146 1038,1137 1194,1133"/>
                <TextEquiv>
                    <Unicode>Photograph of the Countess of Dudley</Unicode>
                </TextEquiv>
            </TextLine>
            <TextLine id="l_4" custom="readingOrder {index:2;}">
                <Coords points="443,1255 559,1250 662,1228 735,1223 882,1217 1009,1208 1108,1201 1189,1212 1193,1182 1109,1171 1007,1178 880,1187 733,1193 658,1198 555,1220 442,1225"/>
                <Baseline points="443,1255 559,1250 662,1228 735,1223 882,1217 1009,1208 1108,1201 1189,1212"/>
                <TextEquiv>
                    <Unicode>nearly full face looking to her right with </Unicode>
                </TextEquiv>
            </TextLine>
            <TextLine id="l_5" custom="readingOrder {index:3;}">
                <Coords points="434,1332 541,1314 615,1307 699,1309 792,1294 787,1264 697,1279 614,1277 537,1284 429,1302"/>
                <Baseline points="434,1332 541,1314 615,1307 699,1309 792,1294"/>
                <TextEquiv>
                    <Unicode>square cut low dress</Unicode>
                </TextEquiv>
            </TextLine>
            <TextEquiv>
                <Unicode></Unicode>
            </TextEquiv>
        </TextRegion>
        <TextRegion id="r_2" custom="readingOrder {index:2;}">
            <Coords points="1861,915 2265,915 2265,1757 1861,1757"/>
            <TextLine id="l_7" custom="readingOrder {index:0;}">
                <Coords points="1902,971 2028,969 2189,967 2225,965 2223,935 2188,937 2028,939 1902,941"/>
                <Baseline points="1902,971 2028,969 2189,967 2225,965"/>
                <TextEquiv>
                    <Unicode>Name and Place of Abode of</Unicode>
                </TextEquiv>
            </TextLine>
            <TextLine id="l_8" custom="readingOrder {index:1;}">
                <Coords points="1940,996 2044,992 2205,991 2205,961 2043,962 1939,966"/>
                <Baseline points="1940,996 2044,992 2205,991"/>
                <TextEquiv>
                    <Unicode>Proprietor of Copyright</Unicode>
                </TextEquiv>
            </TextLine>
            <TextLine id="l_6" custom="readingOrder {index:2;}">
                <Coords points="1922,1121 2015,1111 2092,1107 2243,1105 2243,1075 2091,1077 2013,1081 1919,1091"/>
                <Baseline points="1922,1121 2015,1111 2092,1107 2243,1105"/>
                <TextEquiv>
                    <Unicode>W and D. Downey</Unicode>
                </TextEquiv>
            </TextLine>
            <TextLine id="l_9" custom="readingOrder {index:3;}">
                <Coords points="1942,1195 2037,1188 2178,1182 2177,1152 2035,1158 1940,1165"/>
                <Baseline points="1942,1195 2037,1188 2178,1182"/>
                <TextEquiv>
                    <Unicode>57 Ebury</Unicode>
                </TextEquiv>
            </TextLine>
            <TextLine id="l_10" custom="readingOrder {index:4;}">
                <Coords points="1942,1267 2092,1252 2248,1249 2247,1219 2090,1222 1939,1237"/>
                <Baseline points="1942,1267 2092,1252 2248,1249"/>
                <TextEquiv>
                    <Unicode>Street, London</Unicode>
                </TextEquiv>
            </TextLine>
            <TextEquiv>
                <Unicode></Unicode>
            </TextEquiv>
        </TextRegion>
        <TextRegion id="r_3" custom="readingOrder {index:3;}">
            <Coords points="2260,910 2738,910 2738,1752 2260,1752"/>
            <TextLine id="l_14" custom="readingOrder {index:0;}">
                <Coords points="2304,963 2442,961 2592,957 2652,957 2652,927 2592,927 2441,931 2304,933"/>
                <Baseline points="2304,963 2442,961 2592,957 2652,957"/>
                <TextEquiv>
                    <Unicode>Name and Place of Abode of</Unicode>
                </TextEquiv>
            </TextLine>
            <TextLine id="l_15" custom="readingOrder {index:1;}">
                <Coords points="2379,991 2454,989 2510,985 2571,985 2571,955 2509,955 2453,959 2378,961"/>
                <Baseline points="2379,991 2454,989 2510,985 2571,985"/>
                <TextEquiv>
                    <Unicode>Author of Work</Unicode>
                </TextEquiv>
            </TextLine>
            <TextLine id="l_11" custom="readingOrder {index:2;}">
                <Coords points="2354,1107 2449,1089 2539,1089 2691,1084 2690,1054 2539,1059 2446,1059 2348,1078"/>
                <Baseline points="2354,1107 2449,1089 2539,1089 2691,1084"/>
                <TextEquiv>
                    <Unicode>W And D. Downey</Unicode>
                </TextEquiv>
            </TextLine>
            <TextLine id="l_12" custom="readingOrder {index:3;}">
                <Coords points="2356,1172 2435,1168 2467,1155 2578,1154 2704,1147 2702,1117 2577,1124 2461,1126 2429,1139 2354,1142"/>
                <Baseline points="2356,1172 2435,1168 2467,1155 2578,1154 2704,1147"/>
                <TextEquiv>
                    <Unicode>57 Ebury Street</Unicode>
                </TextEquiv>
            </TextLine>
            <TextLine id="l_13" custom="readingOrder {index:4;}">
                <Coords points="2338,1256 2501,1245 2499,1215 2336,1226"/>
                <Baseline points="2338,1256 2501,1245"/>
                <TextEquiv>
                    <Unicode>London</Unicode>
                </TextEquiv>
            </TextLine>
            <TextEquiv>
                <Unicode></Unicode>
            </TextEquiv>
        </TextRegion>
        <TextRegion id="r_4" custom="readingOrder {index:4;}">
            <Coords points="360,1757 2740,1757 2740,1967 360,1967"/>
            <TextLine id="l_16" custom="readingOrder {index:0;}">
                <Coords points="552,1838 674,1836 780,1843 830,1859 873,1830 972,1827 1060,1825 1138,1830 1321,1830 1590,1827 1590,1797 1321,1800 1139,1800 1061,1795 971,1797 864,1801 826,1828 786,1814 675,1806 552,1808"/>
                <Baseline points="552,1838 674,1836 780,1843 830,1859 873,1830 972,1827 1060,1825 1138,1830 1321,1830 1590,1827"/>
                <TextEquiv>
                    <Unicode>Dated this 18th day of January 1883</Unicode>
                </TextEquiv>
            </TextLine>
            <TextEquiv>
                <Unicode></Unicode>
            </TextEquiv>
        </TextRegion>
    </Page>
</PcGts>
