<?xml version="1.0" encoding="UTF-8" standalone="yes"?>
<PcGts xmlns="http://schema.primaresearch.org/PAGE/gts/pagecontent/2013-07-15">
    <Metadata>
        <Creator>Transkribus</Creator>
        <Created>2025-09-23T14:48:24.280+02:00</Created>
        <LastChange>2025-10-03T21:30:00.590+02:00</LastChange>
    </Metadata>
    <Page imageFilename="p047.jpg" imageWidth="3508" imageHeight="2479">
        <TextRegion id="r_1" custom="readingOrder {index:0;}">
            <Coords points="341,549 2647,549 2647,885 341,885"/>
            <TextEquiv>
                <Unicode></Unicode>
            </TextEquiv>
        </TextRegion>
        <TextRegion id="r_2" custom="readingOrder {index:1;}">
            <Coords points="341,908 1263,908 1263,1744 341,1744"/>
            <TextEquiv>
                <Unicode></Unicode>
            </TextEquiv>
        </TextRegion>
        <ImageRegion id="r" custom="readingOrder {index:2;}">
            <Coords points="1592,675 2398,675 2398,1712 1592,1712"/>
        </ImageRegion>
        <TextRegion id="r_3" custom="readingOrder {index:3;}">
            <Coords points="1782,886 2241,886 2241,1752 1782,1752"/>
            <TextEquiv>
                <Unicode></Unicode>
            </TextEquiv>
        </TextRegion>
        <TextRegion id="r_4" custom="readingOrder {index:4;}">
            <Coords points="2233,894 2661,894 2661,1749 2233,1749"/>
            <TextEquiv>
                <Unicode></Unicode>
            </TextEquiv>
        </TextRegion>
        <TextRegion id="r_5" custom="readingOrder {index:5;}">
            <Coords points="358,1707 2661,1707 2661,1935 358,1935"/>
            <TextEquiv>
                <Unicode></Unicode>
            </TextEquiv>
        </TextRegion>
    </Page>
</PcGts>
