<?xml version="1.0" encoding="UTF-8" standalone="yes"?>
<PcGts xmlns="http://schema.primaresearch.org/PAGE/gts/pagecontent/2013-07-15">
    <Metadata>
        <Creator>Transkribus</Creator>
        <Created>2025-09-23T14:48:24.785+02:00</Created>
        <LastChange>2025-10-03T21:31:46.249+02:00</LastChange>
    </Metadata>
    <Page imageFilename="p048.jpg" imageWidth="3508" imageHeight="2479">
        <TextRegion id="r" custom="readingOrder {index:0;}">
            <Coords points="344,550 2609,550 2609,892 344,892"/>
            <TextLine id="l" custom="readingOrder {index:0;}">
                <Coords points="493,733 579,730 876,718 1097,718 1097,688 875,688 578,700 492,703"/>
                <Baseline points="493,733 579,730 876,718 1097,718"/>
                <TextEquiv>
                    <Unicode>I, Edward Smith</Unicode>
                </TextEquiv>
            </TextLine>
            <TextLine id="l_1" custom="readingOrder {index:1;}">
                <Coords points="1352,703 1485,703 1616,703 1886,688 2047,713 2052,683 1887,658 1615,673 1485,673 1352,673"/>
                <Baseline points="1352,703 1485,703 1616,703 1886,688 2047,713"/>
                <TextEquiv>
                    <Unicode>of 3 Cheapside London</Unicode>
                </TextEquiv>
            </TextLine>
            <TextEquiv>
                <Unicode></Unicode>
            </TextEquiv>
        </TextRegion>
        <TextRegion id="r_1" custom="readingOrder {index:1;}">
            <Coords points="337,892 1267,892 1267,1754 337,1754"/>
            <TextLine id="l_2" custom="readingOrder {index:0;}">
                <Coords points="676,1003 796,1000 893,998 892,968 795,970 675,973"/>
                <Baseline points="676,1003 796,1000 893,998"/>
                <TextEquiv>
                    <Unicode>Description of Work</Unicode>
                </TextEquiv>
            </TextLine>
            <TextLine id="l_3" custom="readingOrder {index:1;}">
                <Coords points="375,1137 612,1130 886,1118 1151,1115 1151,1085 885,1088 611,1100 374,1107"/>
                <Baseline points="375,1137 612,1130 886,1118 1151,1115"/>
                <TextEquiv>
                    <Unicode>Photograph of Fannie</Unicode>
                </TextEquiv>
            </TextLine>
            <TextLine id="l_4" custom="readingOrder {index:2;}">
                <Coords points="382,1196 538,1196 685,1203 868,1190 866,1160 685,1173 539,1166 382,1166"/>
                <Baseline points="382,1196 538,1196 685,1203 868,1190"/>
                <TextEquiv>
                    <Unicode>Leslie (Mrs W Gooch)</Unicode>
                </TextEquiv>
            </TextLine>
            <TextLine id="l_5" custom="readingOrder {index:3;}">
                <Coords points="385,1273 647,1268 743,1268 934,1265 1098,1263 1098,1233 934,1235 743,1238 647,1238 384,1243"/>
                <Baseline points="385,1273 647,1268 743,1268 934,1265 1098,1263"/>
                <TextEquiv>
                    <Unicode>leaning over and washing clothes</Unicode>
                </TextEquiv>
            </TextLine>
            <TextLine id="l_6" custom="readingOrder {index:4;}">
                <Coords points="389,1331 451,1337 534,1336 644,1339 645,1309 534,1306 452,1307 392,1301"/>
                <Baseline points="389,1331 451,1337 534,1336 644,1339"/>
                <TextEquiv>
                    <Unicode>in a tub</Unicode>
                </TextEquiv>
            </TextLine>
            <TextLine id="l_7" custom="readingOrder {index:5;}">
                <Coords points="593,1469 752,1459 935,1452 1045,1442 1042,1412 933,1422 750,1429 591,1439"/>
                <Baseline points="593,1469 752,1459 935,1452 1045,1442"/>
                <TextEquiv>
                    <Unicode>(copy annexed)</Unicode>
                </TextEquiv>
            </TextLine>
            <TextEquiv>
                <Unicode></Unicode>
            </TextEquiv>
        </TextRegion>
        <ImageRegion id="r_5" custom="readingOrder {index:2;}">
            <Coords points="1617,1495 2406,1495 2406,2303 1617,2303"/>
        </ImageRegion>
        <TextRegion id="r_2" custom="readingOrder {index:3;}">
            <Coords points="1800,895 2201,895 2201,1788 1800,1788"/>
            <TextLine id="l_8" custom="readingOrder {index:0;}">
                <Coords points="1844,965 1964,964 2053,960 2155,957 2154,927 2052,930 1963,934 1844,935"/>
                <Baseline points="1844,965 1964,964 2053,960 2155,957"/>
                <TextEquiv>
                    <Unicode>Name and Place of Abode of</Unicode>
                </TextEquiv>
            </TextLine>
            <TextLine id="l_9" custom="readingOrder {index:1;}">
                <Coords points="1876,991 2004,986 2131,982 2130,952 2003,956 1875,961"/>
                <Baseline points="1876,991 2004,986 2131,982"/>
                <TextEquiv>
                    <Unicode>Propietor of Copyright</Unicode>
                </TextEquiv>
            </TextLine>
            <TextLine id="l_10" custom="readingOrder {index:2;}">
                <Coords points="1822,1136 2003,1121 2161,1118 2160,1088 2001,1091 1820,1106"/>
                <Baseline points="1822,1136 2003,1121 2161,1118"/>
                <TextEquiv>
                    <Unicode>Edward Smith</Unicode>
                </TextEquiv>
            </TextLine>
            <TextLine id="l_11" custom="readingOrder {index:3;}">
                <Coords points="1872,1189 2009,1187 2140,1175 2137,1145 2007,1157 1872,1159"/>
                <Baseline points="1872,1189 2009,1187 2140,1175"/>
                <TextEquiv>
                    <Unicode>3 Cheapside</Unicode>
                </TextEquiv>
            </TextLine>
            <TextLine id="l_12" custom="readingOrder {index:4;}">
                <Coords points="1939,1260 2134,1254 2133,1224 1938,1230"/>
                <Baseline points="1939,1260 2134,1254"/>
                <TextEquiv>
                    <Unicode>London</Unicode>
                </TextEquiv>
            </TextLine>
            <TextEquiv>
                <Unicode></Unicode>
            </TextEquiv>
        </TextRegion>
        <TextRegion id="r_3" custom="readingOrder {index:4;}">
            <Coords points="2186,897 2624,897 2624,1783 2186,1783"/>
            <TextLine id="l_17" custom="readingOrder {index:0;}">
                <Coords points="2237,957 2340,952 2559,948 2558,918 2339,922 2236,927"/>
                <Baseline points="2237,957 2340,952 2559,948"/>
                <TextEquiv>
                    <Unicode>Name and Place of Abode of</Unicode>
                </TextEquiv>
            </TextLine>
            <TextLine id="l_18" custom="readingOrder {index:1;}">
                <Coords points="2300,979 2393,977 2483,974 2482,944 2392,947 2299,949"/>
                <Baseline points="2300,979 2393,977 2483,974"/>
                <TextEquiv>
                    <Unicode>Author of Work</Unicode>
                </TextEquiv>
            </TextLine>
            <TextLine id="l_13" custom="readingOrder {index:2;}">
                <Coords points="2230,1104 2448,1102 2590,1102 2590,1072 2448,1072 2230,1074"/>
                <Baseline points="2230,1104 2448,1102 2590,1102"/>
                <TextEquiv>
                    <Unicode>Edward Smith</Unicode>
                </TextEquiv>
            </TextLine>
            <TextLine id="l_14" custom="readingOrder {index:3;}">
                <Coords points="2289,1175 2450,1175 2556,1170 2555,1140 2449,1145 2289,1145"/>
                <Baseline points="2289,1175 2450,1175 2556,1170"/>
                <TextEquiv>
                    <Unicode>3 Cheapside</Unicode>
                </TextEquiv>
            </TextLine>
            <TextLine id="l_15" custom="readingOrder {index:4;}">
                <Coords points="2380,1244 2582,1239 2581,1209 2379,1214"/>
                <Baseline points="2380,1244 2582,1239"/>
                <TextEquiv>
                    <Unicode>London</Unicode>
                </TextEquiv>
            </TextLine>
            <TextEquiv>
                <Unicode></Unicode>
            </TextEquiv>
        </TextRegion>
        <TextRegion id="r_4" custom="readingOrder {index:5;}">
            <Coords points="358,1755 2655,1755 2655,1943 358,1943"/>
            <TextLine id="l_16" custom="readingOrder {index:0;}">
                <Coords points="524,1828 648,1824 943,1817 1025,1817 1359,1811 1562,1809 1562,1779 1359,1781 1025,1787 943,1787 647,1794 523,1798"/>
                <Baseline points="524,1828 648,1824 943,1817 1025,1817 1359,1811 1562,1809"/>
                <TextEquiv>
                    <Unicode>Dated this seventeenth day of January 1883</Unicode>
                </TextEquiv>
            </TextLine>
            <TextEquiv>
                <Unicode></Unicode>
            </TextEquiv>
        </TextRegion>
    </Page>
</PcGts>
