<?xml version="1.0" encoding="UTF-8" standalone="yes"?>
<PcGts xmlns="http://schema.primaresearch.org/PAGE/gts/pagecontent/2013-07-15">
    <Metadata>
        <Creator>Transkribus</Creator>
        <Created>2025-09-23T14:48:24.951+02:00</Created>
        <LastChange>2025-10-03T21:32:57.724+02:00</LastChange>
    </Metadata>
    <Page imageFilename="p049.jpg" imageWidth="3508" imageHeight="2479">
        <TextRegion id="r_1" custom="readingOrder {index:0;}">
            <Coords points="288,533 2579,533 2579,892 288,892"/>
            <TextEquiv>
                <Unicode></Unicode>
            </TextEquiv>
        </TextRegion>
        <ImageRegion id="r" custom="readingOrder {index:1;}">
            <Coords points="289,528 812,528 812,1278 289,1278"/>
        </ImageRegion>
        <TextRegion id="r_2" custom="readingOrder {index:2;}">
            <Coords points="292,908 1126,908 1126,1735 292,1735"/>
            <TextEquiv>
                <Unicode></Unicode>
            </TextEquiv>
        </TextRegion>
        <TextRegion id="r_3" custom="readingOrder {index:3;}">
            <Coords points="1711,914 2164,914 2164,1712 1711,1712"/>
            <TextEquiv>
                <Unicode></Unicode>
            </TextEquiv>
        </TextRegion>
        <TextRegion id="r_4" custom="readingOrder {index:4;}">
            <Coords points="2124,908 2589,908 2589,1709 2124,1709"/>
            <TextEquiv>
                <Unicode></Unicode>
            </TextEquiv>
        </TextRegion>
        <TextRegion id="r_5" custom="readingOrder {index:5;}">
            <Coords points="301,1718 2589,1718 2589,1909 301,1909"/>
            <TextEquiv>
                <Unicode></Unicode>
            </TextEquiv>
        </TextRegion>
    </Page>
</PcGts>
