<?xml version="1.0" encoding="UTF-8" standalone="yes"?>
<PcGts xmlns="http://schema.primaresearch.org/PAGE/gts/pagecontent/2013-07-15">
    <Metadata>
        <Creator>Transkribus</Creator>
        <Created>2025-09-23T14:48:25.245+02:00</Created>
        <LastChange>2025-10-03T21:33:26.337+02:00</LastChange>
    </Metadata>
    <Page imageFilename="p050.jpg" imageWidth="3508" imageHeight="2479">
        <TextRegion id="r" custom="readingOrder {index:0;}">
            <Coords points="295,542 2524,542 2524,882 295,882"/>
            <TextLine id="l" custom="readingOrder {index:0;}">
                <Coords points="390,720 703,712 897,704 1151,702 1302,704 1541,696 1689,691 1790,698 1879,685 1852,720 1998,720 1998,690 1895,699 1919,662 1789,668 1690,661 1540,666 1302,674 1151,672 896,674 702,682 389,690"/>
                <Baseline points="390,720 703,712 897,704 1151,702 1302,704 1541,696 1689,691 1790,698 1879,685 1852,720 1998,720"/>
                <TextEquiv>
                    <Unicode>We George Swan Nottage and Howard John Kennard of 54 Cheapside and 110 Regent Street London</Unicode>
                </TextEquiv>
            </TextLine>
            <TextEquiv>
                <Unicode></Unicode>
            </TextEquiv>
        </TextRegion>
        <ImageRegion id="r_5" custom="readingOrder {index:1;}">
            <Coords points="181,165 788,165 788,642 181,642"/>
        </ImageRegion>
        <TextRegion id="r_1" custom="readingOrder {index:2;}">
            <Coords points="292,894 1110,894 1110,1716 292,1716"/>
            <TextLine id="l_1" custom="readingOrder {index:0;}">
                <Coords points="605,976 725,972 823,972 823,942 725,942 604,946"/>
                <Baseline points="605,976 725,972 823,972"/>
                <TextEquiv>
                    <Unicode>Description of Work</Unicode>
                </TextEquiv>
            </TextLine>
            <TextLine id="l_2" custom="readingOrder {index:1;}">
                <Coords points="397,1131 624,1129 710,1125 804,1121 906,1121 1017,1117 1016,1087 905,1091 803,1091 709,1095 623,1099 397,1101"/>
                <Baseline points="397,1131 624,1129 710,1125 804,1121 906,1121 1017,1117"/>
                <TextEquiv>
                    <Unicode>Photograph of girl in</Unicode>
                </TextEquiv>
            </TextLine>
            <TextLine id="l_3" custom="readingOrder {index:2;}">
                <Coords points="352,1225 554,1207 730,1217 912,1205 1039,1203 1039,1173 911,1175 730,1187 554,1177 349,1195"/>
                <Baseline points="352,1225 554,1207 730,1217 912,1205 1039,1203"/>
                <TextEquiv>
                    <Unicode>Dorothy Ruffle full face</Unicode>
                </TextEquiv>
            </TextLine>
            <TextLine id="l_4" custom="readingOrder {index:3;}">
                <Coords points="423,1444 503,1442 526,1473 835,1467 834,1437 540,1444 519,1410 422,1414"/>
                <Baseline points="423,1444 503,1442 526,1473 835,1467"/>
                <TextEquiv>
                    <Unicode>Copy annexed</Unicode>
                </TextEquiv>
            </TextLine>
            <TextEquiv>
                <Unicode></Unicode>
            </TextEquiv>
        </TextRegion>
        <TextRegion id="r_2" custom="readingOrder {index:3;}">
            <Coords points="1693,894 2139,894 2139,1698 1693,1698"/>
            <TextLine id="l_5" custom="readingOrder {index:0;}">
                <Coords points="1745,947 1923,947 2066,941 2065,911 1922,917 1745,917"/>
                <Baseline points="1745,947 1923,947 2066,941"/>
                <TextEquiv>
                    <Unicode>Name and Place of Abode of</Unicode>
                </TextEquiv>
            </TextLine>
            <TextLine id="l_6" custom="readingOrder {index:1;}">
                <Coords points="1778,968 1896,968 2031,968 2031,938 1896,938 1778,938"/>
                <Baseline points="1778,968 1896,968 2031,968"/>
                <TextEquiv>
                    <Unicode>Propietor of Copyright</Unicode>
                </TextEquiv>
            </TextLine>
            <TextLine id="l_7" custom="readingOrder {index:2;}">
                <Coords points="1716,1066 1845,1064 1964,1051 2087,1062 2090,1032 1964,1021 1843,1034 1716,1036"/>
                <Baseline points="1716,1066 1845,1064 1964,1051 2087,1062"/>
                <TextEquiv>
                    <Unicode>George Swan Nottage</Unicode>
                </TextEquiv>
            </TextLine>
            <TextLine id="l_8" custom="readingOrder {index:3;}">
                <Coords points="1817,1121 1903,1117 1902,1087 1816,1091"/>
                <Baseline points="1817,1121 1903,1117"/>
                <TextEquiv>
                    <Unicode>and</Unicode>
                </TextEquiv>
            </TextLine>
            <TextLine id="l_9" custom="readingOrder {index:4;}">
                <Coords points="1700,1170 1860,1174 1968,1170 2103,1170 2103,1140 1967,1140 1860,1144 1701,1140"/>
                <Baseline points="1700,1170 1860,1174 1968,1170 2103,1170"/>
                <TextEquiv>
                    <Unicode>Howard John Kennard</Unicode>
                </TextEquiv>
            </TextLine>
            <TextLine id="l_10" custom="readingOrder {index:5;}">
                <Coords points="1802,1236 1868,1227 2068,1225 2068,1195 1866,1197 1798,1206"/>
                <Baseline points="1802,1236 1868,1227 2068,1225"/>
                <TextEquiv>
                    <Unicode>54 Cheapside</Unicode>
                </TextEquiv>
            </TextLine>
            <TextLine id="l_11" custom="readingOrder {index:6;}">
                <Coords points="1714,1299 1805,1293 2129,1287 2128,1257 1804,1263 1712,1269"/>
                <Baseline points="1714,1299 1805,1293 2129,1287"/>
                <TextEquiv>
                    <Unicode>and 110 Regent Street</Unicode>
                </TextEquiv>
            </TextLine>
            <TextLine id="l_12" custom="readingOrder {index:7;}">
                <Coords points="1785,1348 1971,1350 1971,1320 1785,1318"/>
                <Baseline points="1785,1348 1971,1350"/>
                <TextEquiv>
                    <Unicode>London</Unicode>
                </TextEquiv>
            </TextLine>
            <TextEquiv>
                <Unicode></Unicode>
            </TextEquiv>
        </TextRegion>
        <TextRegion id="r_3" custom="readingOrder {index:4;}">
            <Coords points="2086,896 2552,896 2552,1688 2086,1688"/>
            <TextLine id="l_13" custom="readingOrder {index:0;}">
                <Coords points="2130,942 2201,939 2258,937 2330,936 2415,935 2450,936 2451,906 2415,905 2330,906 2257,907 2200,909 2129,912"/>
                <Baseline points="2130,942 2201,939 2258,937 2330,936 2415,935 2450,936"/>
                <TextEquiv>
                    <Unicode>Name and Place of Abode of</Unicode>
                </TextEquiv>
            </TextLine>
            <TextLine id="l_14" custom="readingOrder {index:1;}">
                <Coords points="2199,963 2290,962 2330,962 2378,960 2377,930 2329,932 2290,932 2199,933"/>
                <Baseline points="2199,963 2290,962 2330,962 2378,960"/>
                <TextEquiv>
                    <Unicode>Author of Work</Unicode>
                </TextEquiv>
            </TextLine>
            <TextLine id="l_15" custom="readingOrder {index:2;}">
                <Coords points="2104,1043 2225,1049 2257,1043 2349,1042 2375,1035 2517,1036 2517,1006 2371,1005 2345,1012 2254,1013 2223,1019 2105,1013"/>
                <Baseline points="2104,1043 2225,1049 2257,1043 2349,1042 2375,1035 2517,1036"/>
                <TextEquiv>
                    <Unicode>George Swan Nottage</Unicode>
                </TextEquiv>
            </TextLine>
            <TextLine id="l_16" custom="readingOrder {index:3;}">
                <Coords points="2202,1102 2323,1101 2323,1071 2202,1072"/>
                <Baseline points="2202,1102 2323,1101"/>
                <TextEquiv>
                    <Unicode>and</Unicode>
                </TextEquiv>
            </TextLine>
            <TextLine id="l_17" custom="readingOrder {index:4;}">
                <Coords points="2124,1165 2222,1163 2290,1153 2401,1155 2542,1150 2541,1120 2401,1125 2288,1123 2220,1133 2123,1135"/>
                <Baseline points="2124,1165 2222,1163 2290,1153 2401,1155 2542,1150"/>
                <TextEquiv>
                    <Unicode>Howard John Kennard</Unicode>
                </TextEquiv>
            </TextLine>
            <TextLine id="l_18" custom="readingOrder {index:5;}">
                <Coords points="2206,1210 2266,1209 2403,1209 2500,1202 2498,1172 2402,1179 2266,1179 2206,1180"/>
                <Baseline points="2206,1210 2266,1209 2403,1209 2500,1202"/>
                <TextEquiv>
                    <Unicode>54 Cheapside</Unicode>
                </TextEquiv>
            </TextLine>
            <TextLine id="l_19" custom="readingOrder {index:6;}">
                <Coords points="2152,1277 2229,1272 2305,1270 2434,1267 2544,1262 2543,1232 2433,1237 2304,1240 2228,1242 2150,1247"/>
                <Baseline points="2152,1277 2229,1272 2305,1270 2434,1267 2544,1262"/>
                <TextEquiv>
                    <Unicode>and 110 Regent Street</Unicode>
                </TextEquiv>
            </TextLine>
            <TextLine id="l_20" custom="readingOrder {index:7;}">
                <Coords points="2231,1323 2416,1319 2415,1289 2230,1293"/>
                <Baseline points="2231,1323 2416,1319"/>
                <TextEquiv>
                    <Unicode>London</Unicode>
                </TextEquiv>
            </TextLine>
            <TextEquiv>
                <Unicode></Unicode>
            </TextEquiv>
        </TextRegion>
        <TextRegion id="r_4" custom="readingOrder {index:5;}">
            <Coords points="287,1684 2556,1684 2556,1896 287,1896"/>
            <TextLine id="l_21" custom="readingOrder {index:0;}">
                <Coords points="445,1775 571,1771 725,1770 739,1754 772,1754 869,1774 939,1770 1066,1774 1220,1771 1437,1761 1436,1731 1219,1741 1066,1744 939,1740 871,1744 775,1724 725,1723 712,1742 570,1741 444,1745"/>
                <Baseline points="445,1775 571,1771 725,1770 739,1754 772,1754 869,1774 939,1770 1066,1774 1220,1771 1437,1761"/>
                <TextEquiv>
                    <Unicode>Dated this 16th day of January 1883</Unicode>
                </TextEquiv>
            </TextLine>
            <TextEquiv>
                <Unicode></Unicode>
            </TextEquiv>
        </TextRegion>
    </Page>
</PcGts>
