<?xml version="1.0" encoding="UTF-8" standalone="yes"?>
<PcGts xmlns="http://schema.primaresearch.org/PAGE/gts/pagecontent/2013-07-15">
    <Metadata>
        <Creator>Transkribus</Creator>
        <Created>2025-09-23T14:48:26.348+02:00</Created>
        <LastChange>2025-10-03T21:34:02.780+02:00</LastChange>
    </Metadata>
    <Page imageFilename="p051.jpg" imageWidth="3508" imageHeight="2479">
        <TextRegion id="r" custom="readingOrder {index:0;}">
            <Coords points="302,557 2575,557 2575,922 302,922"/>
            <TextLine id="l" custom="readingOrder {index:0;}">
                <Coords points="460,732 554,727 834,720 881,725 1069,725 1069,695 883,695 835,690 553,697 458,702"/>
                <Baseline points="460,732 554,727 834,720 881,725 1069,725"/>
                <TextEquiv>
                    <Unicode>I, William Wort</Unicode>
                </TextEquiv>
            </TextLine>
            <TextLine id="l_1" custom="readingOrder {index:1;}">
                <Coords points="1307,723 1576,722 1838,715 1837,685 1576,692 1307,693"/>
                <Baseline points="1307,723 1576,722 1838,715"/>
                <TextEquiv>
                    <Unicode>of Sutton Coldfield</Unicode>
                </TextEquiv>
            </TextLine>
            <TextEquiv>
                <Unicode></Unicode>
            </TextEquiv>
        </TextRegion>
        <TextRegion id="r_1" custom="readingOrder {index:1;}">
            <Coords points="303,920 1139,920 1139,1743 303,1743"/>
            <TextLine id="l_2" custom="readingOrder {index:0;}">
                <Coords points="636,988 756,986 791,986 854,985 854,955 791,956 756,956 636,958"/>
                <Baseline points="636,988 756,986 791,986 854,985"/>
                <TextEquiv>
                    <Unicode>Description of Work</Unicode>
                </TextEquiv>
            </TextLine>
            <TextLine id="l_3" custom="readingOrder {index:1;}">
                <Coords points="306,1139 520,1126 595,1132 676,1131 760,1131 947,1134 1100,1138 1101,1108 948,1104 760,1101 676,1101 596,1102 520,1096 304,1109"/>
                <Baseline points="306,1139 520,1126 595,1132 676,1131 760,1131 947,1134 1100,1138"/>
                <TextEquiv>
                    <Unicode>Photograph of a girl, sitting asleep</Unicode>
                </TextEquiv>
            </TextLine>
            <TextLine id="l_4" custom="readingOrder {index:2;}">
                <Coords points="306,1202 362,1200 418,1199 536,1193 674,1193 750,1195 844,1195 961,1195 1081,1200 1082,1170 962,1165 844,1165 750,1165 674,1163 535,1163 417,1169 361,1170 305,1172"/>
                <Baseline points="306,1202 362,1200 418,1199 536,1193 674,1193 750,1195 844,1195 961,1195 1081,1200"/>
                <TextEquiv>
                    <Unicode>in a chair with a dog and cat</Unicode>
                </TextEquiv>
            </TextLine>
            <TextLine id="l_5" custom="readingOrder {index:3;}">
                <Coords points="305,1260 386,1258 474,1249 568,1251 655,1256 773,1256 945,1260 1076,1258 1076,1228 945,1230 773,1226 656,1226 569,1221 473,1219 384,1228 304,1230"/>
                <Baseline points="305,1260 386,1258 474,1249 568,1251 655,1256 773,1256 945,1260 1076,1258"/>
                <TextEquiv>
                    <Unicode>on her lap at a table with</Unicode>
                </TextEquiv>
            </TextLine>
            <TextLine id="l_6" custom="readingOrder {index:4;}">
                <Coords points="305,1321 406,1319 611,1326 648,1321 747,1326 844,1322 843,1292 747,1296 647,1291 609,1296 406,1289 304,1291"/>
                <Baseline points="305,1321 406,1319 611,1326 648,1321 747,1326 844,1322"/>
                <TextEquiv>
                    <Unicode> workbox upon it</Unicode>
                </TextEquiv>
            </TextLine>
            <TextLine id="l_7" custom="readingOrder {index:5;}">
                <Coords points="477,1496 648,1491 971,1498 972,1468 648,1461 476,1466"/>
                <Baseline points="477,1496 648,1491 971,1498"/>
                <TextEquiv>
                    <Unicode>copy annexed</Unicode>
                </TextEquiv>
            </TextLine>
            <TextEquiv>
                <Unicode></Unicode>
            </TextEquiv>
        </TextRegion>
        <TextRegion id="r_3" custom="readingOrder {index:2;}">
            <Coords points="1738,928 2126,928 2126,1728 1738,1728"/>
            <TextLine id="l_8" custom="readingOrder {index:0;}">
                <Coords points="1783,975 1839,975 1905,975 1988,976 2050,976 2089,975 2092,975 2092,945 2089,945 2050,946 1988,946 1905,945 1839,945 1783,945"/>
                <Baseline points="1783,975 1839,975 1905,975 1988,976 2050,976 2089,975 2092,975"/>
                <TextEquiv>
                    <Unicode>Name and Place of Abode of</Unicode>
                </TextEquiv>
            </TextLine>
            <TextLine id="l_9" custom="readingOrder {index:1;}">
                <Coords points="1814,1001 1921,1001 2065,999 2065,969 1921,971 1814,971"/>
                <Baseline points="1814,1001 1921,1001 2065,999"/>
                <TextEquiv>
                    <Unicode>Proprietor of Copyright</Unicode>
                </TextEquiv>
            </TextLine>
            <TextLine id="l_10" custom="readingOrder {index:2;}">
                <Coords points="1763,1158 1968,1163 2096,1162 2096,1132 1968,1133 1764,1128"/>
                <Baseline points="1763,1158 1968,1163 2096,1162"/>
                <TextEquiv>
                    <Unicode>William Wort</Unicode>
                </TextEquiv>
            </TextLine>
            <TextLine id="l_11" custom="readingOrder {index:3;}">
                <Coords points="1778,1232 1934,1232 2094,1234 2094,1204 1934,1202 1778,1202"/>
                <Baseline points="1778,1232 1934,1232 2094,1234"/>
                <TextEquiv>
                    <Unicode>Ashby House</Unicode>
                </TextEquiv>
            </TextLine>
            <TextLine id="l_12" custom="readingOrder {index:4;}">
                <Coords points="1775,1326 1923,1322 2100,1322 2100,1292 1923,1292 1774,1296"/>
                <Baseline points="1775,1326 1923,1322 2100,1322"/>
                <TextEquiv>
                    <Unicode>Sutton Coldfield</Unicode>
                </TextEquiv>
            </TextLine>
            <TextLine id="l_13" custom="readingOrder {index:5;}">
                <Coords points="1780,1380 1850,1377 1868,1391 2088,1390 2088,1360 1878,1363 1859,1348 1779,1350"/>
                <Baseline points="1780,1380 1850,1377 1868,1391 2088,1390"/>
                <TextEquiv>
                    <Unicode>near Birmingham</Unicode>
                </TextEquiv>
            </TextLine>
            <TextEquiv>
                <Unicode></Unicode>
            </TextEquiv>
        </TextRegion>
        <TextRegion id="r_4" custom="readingOrder {index:3;}">
            <Coords points="2116,920 2569,920 2569,1728 2116,1728"/>
            <TextLine id="l_14" custom="readingOrder {index:0;}">
                <Coords points="2162,974 2241,974 2368,977 2445,976 2488,976 2488,946 2445,946 2368,947 2241,944 2162,944"/>
                <Baseline points="2162,974 2241,974 2368,977 2445,976 2488,976"/>
                <TextEquiv>
                    <Unicode>Name and Place of Abode of</Unicode>
                </TextEquiv>
            </TextLine>
            <TextLine id="l_15" custom="readingOrder {index:1;}">
                <Coords points="2235,1004 2296,1000 2411,999 2411,969 2295,970 2233,974"/>
                <Baseline points="2235,1004 2296,1000 2411,999"/>
                <TextEquiv>
                    <Unicode>Author of Work</Unicode>
                </TextEquiv>
            </TextLine>
            <TextLine id="l_16" custom="readingOrder {index:2;}">
                <Coords points="2149,1163 2372,1163 2503,1163 2503,1133 2372,1133 2149,1133"/>
                <Baseline points="2149,1163 2372,1163 2503,1163"/>
                <TextEquiv>
                    <Unicode>William Wort</Unicode>
                </TextEquiv>
            </TextLine>
            <TextLine id="l_17" custom="readingOrder {index:3;}">
                <Coords points="2166,1232 2339,1234 2366,1226 2513,1230 2514,1200 2362,1196 2335,1204 2166,1202"/>
                <Baseline points="2166,1232 2339,1234 2366,1226 2513,1230"/>
                <TextEquiv>
                    <Unicode>Ashby House</Unicode>
                </TextEquiv>
            </TextLine>
            <TextLine id="l_18" custom="readingOrder {index:4;}">
                <Coords points="2181,1327 2316,1325 2501,1331 2502,1301 2316,1295 2181,1297"/>
                <Baseline points="2181,1327 2316,1325 2501,1331"/>
                <TextEquiv>
                    <Unicode>Sutton Coldfield</Unicode>
                </TextEquiv>
            </TextLine>
            <TextLine id="l_19" custom="readingOrder {index:5;}">
                <Coords points="2178,1381 2249,1380 2265,1397 2547,1394 2547,1364 2277,1369 2262,1349 2178,1351"/>
                <Baseline points="2178,1381 2249,1380 2265,1397 2547,1394"/>
                <TextEquiv>
                    <Unicode>near Birmingham</Unicode>
                </TextEquiv>
            </TextLine>
            <TextEquiv>
                <Unicode></Unicode>
            </TextEquiv>
        </TextRegion>
        <ImageRegion id="r_2" custom="readingOrder {index:4;}">
            <Coords points="1307,1122 1743,1122 1743,1733 1307,1733"/>
        </ImageRegion>
        <TextRegion id="r_5" custom="readingOrder {index:5;}">
            <Coords points="306,1731 2569,1731 2569,1937 306,1937"/>
            <TextLine id="l_20" custom="readingOrder {index:0;}">
                <Coords points="468,1794 588,1794 665,1796 730,1809 770,1803 896,1793 976,1793 1047,1813 1254,1798 1387,1795 1481,1793 1480,1763 1386,1765 1253,1768 1050,1783 980,1763 895,1763 767,1773 731,1779 668,1766 588,1764 468,1764"/>
                <Baseline points="468,1794 588,1794 665,1796 730,1809 770,1803 896,1793 976,1793 1047,1813 1254,1798 1387,1795 1481,1793"/>
                <TextEquiv>
                    <Unicode>Dated this 15 day of January 1883</Unicode>
                </TextEquiv>
            </TextLine>
            <TextEquiv>
                <Unicode></Unicode>
            </TextEquiv>
        </TextRegion>
    </Page>
</PcGts>
