<?xml version="1.0" encoding="UTF-8" standalone="yes"?>
<PcGts xmlns="http://schema.primaresearch.org/PAGE/gts/pagecontent/2013-07-15">
    <Metadata>
        <Creator>Transkribus</Creator>
        <Created>2025-09-23T14:48:26.744+02:00</Created>
        <LastChange>2025-10-03T21:34:27.029+02:00</LastChange>
    </Metadata>
    <Page imageFilename="p052.jpg" imageWidth="3508" imageHeight="2479">
        <TextRegion id="r" custom="readingOrder {index:0;}">
            <Coords points="299,526 2649,526 2649,907 299,907"/>
            <TextLine id="l" custom="readingOrder {index:0;}">
                <Coords points="460,725 553,720 832,709 879,713 1091,720 1092,690 881,683 833,679 552,690 458,695"/>
                <Baseline points="460,725 553,720 832,709 879,713 1091,720"/>
                <TextEquiv>
                    <Unicode>I, William Wort</Unicode>
                </TextEquiv>
            </TextLine>
            <TextLine id="l_1" custom="readingOrder {index:1;}">
                <Coords points="1343,712 1432,721 1607,713 1921,712 1921,682 1606,683 1433,691 1346,682"/>
                <Baseline points="1343,712 1432,721 1607,713 1921,712"/>
                <TextEquiv>
                    <Unicode>of Sutton Coldfield</Unicode>
                </TextEquiv>
            </TextLine>
            <TextEquiv>
                <Unicode></Unicode>
            </TextEquiv>
        </TextRegion>
        <TextRegion id="r_1" custom="readingOrder {index:1;}">
            <Coords points="295,912 1166,912 1166,1745 295,1745"/>
            <TextLine id="l_2" custom="readingOrder {index:0;}">
                <Coords points="648,995 757,991 865,987 864,957 756,961 647,965"/>
                <Baseline points="648,995 757,991 865,987"/>
                <TextEquiv>
                    <Unicode>Description of Work</Unicode>
                </TextEquiv>
            </TextLine>
            <TextLine id="l_3" custom="readingOrder {index:1;}">
                <Coords points="313,1138 515,1130 648,1128 767,1123 857,1123 1126,1125 1126,1095 857,1093 766,1093 647,1098 514,1100 312,1108"/>
                <Baseline points="313,1138 515,1130 648,1128 767,1123 857,1123 1126,1125"/>
                <TextEquiv>
                    <Unicode>Photograph of a girl kneeling</Unicode>
                </TextEquiv>
            </TextLine>
            <TextLine id="l_4" custom="readingOrder {index:2;}">
                <Coords points="316,1202 392,1202 485,1198 628,1198 675,1190 813,1188 966,1188 1014,1195 1153,1195 1153,1165 1016,1165 968,1158 813,1158 672,1160 625,1168 484,1168 391,1172 316,1172"/>
                <Baseline points="316,1202 392,1202 485,1198 628,1198 675,1190 813,1188 966,1188 1014,1195 1153,1195"/>
                <TextEquiv>
                    <Unicode>on a chair at a table, cutting</Unicode>
                </TextEquiv>
            </TextLine>
            <TextLine id="l_5" custom="readingOrder {index:3;}">
                <Coords points="313,1267 403,1256 544,1256 634,1253 729,1247 947,1247 947,1217 728,1217 633,1223 544,1226 401,1226 309,1237"/>
                <Baseline points="313,1267 403,1256 544,1256 634,1253 729,1247 947,1247"/>
                <TextEquiv>
                    <Unicode>up food in a saucer</Unicode>
                </TextEquiv>
            </TextLine>
            <TextLine id="l_6" custom="readingOrder {index:4;}">
                <Coords points="783,1315 938,1315 1055,1315 1147,1324 1150,1294 1056,1285 938,1285 783,1285"/>
                <Baseline points="783,1315 938,1315 1055,1315 1147,1324"/>
                <TextEquiv>
                    <Unicode>a dog and cat</Unicode>
                </TextEquiv>
            </TextLine>
            <TextLine id="l_7" custom="readingOrder {index:5;}">
                <Coords points="297,1378 377,1373 480,1375 615,1373 615,1343 480,1345 376,1343 295,1348"/>
                <Baseline points="297,1378 377,1373 480,1375 615,1373"/>
                <TextEquiv>
                    <Unicode>on the table</Unicode>
                </TextEquiv>
            </TextLine>
            <TextLine id="l_8" custom="readingOrder {index:6;}">
                <Coords points="518,1541 624,1541 699,1540 1023,1536 1023,1506 699,1510 624,1511 518,1511"/>
                <Baseline points="518,1541 624,1541 699,1540 1023,1536"/>
                <TextEquiv>
                    <Unicode>copy annexed</Unicode>
                </TextEquiv>
            </TextLine>
            <TextEquiv>
                <Unicode></Unicode>
            </TextEquiv>
        </TextRegion>
        <ImageRegion id="r_2" custom="readingOrder {index:2;}">
            <Coords points="1434,1049 1880,1049 1880,1733 1434,1733"/>
        </ImageRegion>
        <TextRegion id="r_3" custom="readingOrder {index:3;}">
            <Coords points="1808,930 2190,930 2190,1758 1808,1758"/>
            <TextLine id="l_9" custom="readingOrder {index:0;}">
                <Coords points="1826,963 1894,963 2013,966 2059,963 2153,960 2152,930 2058,933 2012,936 1894,933 1826,933"/>
                <Baseline points="1826,963 1894,963 2013,966 2059,963 2153,960"/>
                <TextEquiv>
                    <Unicode>Name and Place of Abode of</Unicode>
                </TextEquiv>
            </TextLine>
            <TextLine id="l_10" custom="readingOrder {index:1;}">
                <Coords points="1862,991 1982,990 2123,987 2122,957 1982,960 1862,961"/>
                <Baseline points="1862,991 1982,990 2123,987"/>
                <TextEquiv>
                    <Unicode>Proprietor of Copyright</Unicode>
                </TextEquiv>
            </TextLine>
            <TextLine id="l_11" custom="readingOrder {index:2;}">
                <Coords points="1864,1172 2036,1161 2161,1170 2163,1140 2036,1131 1862,1142"/>
                <Baseline points="1864,1172 2036,1161 2161,1170"/>
                <TextEquiv>
                    <Unicode>William Wort</Unicode>
                </TextEquiv>
            </TextLine>
            <TextLine id="l_12" custom="readingOrder {index:3;}">
                <Coords points="1868,1239 1963,1229 2025,1229 2161,1229 2161,1199 2025,1199 1961,1199 1865,1209"/>
                <Baseline points="1868,1239 1963,1229 2025,1229 2161,1229"/>
                <TextEquiv>
                    <Unicode>Ashby House</Unicode>
                </TextEquiv>
            </TextLine>
            <TextLine id="l_13" custom="readingOrder {index:4;}">
                <Coords points="1870,1320 1990,1313 2153,1324 2155,1294 1990,1283 1868,1290"/>
                <Baseline points="1870,1320 1990,1313 2153,1324"/>
                <TextEquiv>
                    <Unicode>Sutton Coldfield</Unicode>
                </TextEquiv>
            </TextLine>
            <TextLine id="l_14" custom="readingOrder {index:5;}">
                <Coords points="1867,1386 1930,1386 2099,1391 2182,1391 2182,1361 2099,1361 1930,1356 1867,1356"/>
                <Baseline points="1867,1386 1930,1386 2099,1391 2182,1391"/>
                <TextEquiv>
                    <Unicode>near Birmingham</Unicode>
                </TextEquiv>
            </TextLine>
            <TextEquiv>
                <Unicode></Unicode>
            </TextEquiv>
        </TextRegion>
        <TextRegion id="r_4" custom="readingOrder {index:4;}">
            <Coords points="2185,928 2666,928 2666,1760 2185,1760"/>
            <TextLine id="l_15" custom="readingOrder {index:0;}">
                <Coords points="2234,965 2335,961 2457,961 2566,959 2565,929 2457,931 2334,931 2233,935"/>
                <Baseline points="2234,965 2335,961 2457,961 2566,959"/>
                <TextEquiv>
                    <Unicode>Name and Place of Abode of </Unicode>
                </TextEquiv>
            </TextLine>
            <TextLine id="l_16" custom="readingOrder {index:1;}">
                <Coords points="2305,989 2391,984 2486,987 2487,957 2391,954 2303,959"/>
                <Baseline points="2305,989 2391,984 2486,987"/>
                <TextEquiv>
                    <Unicode>Author of Work</Unicode>
                </TextEquiv>
            </TextLine>
            <TextLine id="l_17" custom="readingOrder {index:2;}">
                <Coords points="2221,1160 2443,1158 2581,1165 2583,1135 2444,1128 2221,1130"/>
                <Baseline points="2221,1160 2443,1158 2581,1165"/>
                <TextEquiv>
                    <Unicode>William Wort</Unicode>
                </TextEquiv>
            </TextLine>
            <TextLine id="l_18" custom="readingOrder {index:3;}">
                <Coords points="2231,1226 2386,1220 2563,1218 2563,1188 2385,1190 2230,1196"/>
                <Baseline points="2231,1226 2386,1220 2563,1218"/>
                <TextEquiv>
                    <Unicode>Ashby House</Unicode>
                </TextEquiv>
            </TextLine>
            <TextLine id="l_19" custom="readingOrder {index:4;}">
                <Coords points="2236,1307 2399,1305 2617,1304 2617,1274 2399,1275 2236,1277"/>
                <Baseline points="2236,1307 2399,1305 2617,1304"/>
                <TextEquiv>
                    <Unicode>Sutton Coldfield</Unicode>
                </TextEquiv>
            </TextLine>
            <TextLine id="l_20" custom="readingOrder {index:5;}">
                <Coords points="2215,1365 2291,1365 2330,1384 2642,1373 2641,1343 2336,1355 2298,1336 2215,1335"/>
                <Baseline points="2215,1365 2291,1365 2330,1384 2642,1373"/>
                <TextEquiv>
                    <Unicode>near Birmingham</Unicode>
                </TextEquiv>
            </TextLine>
            <TextEquiv>
                <Unicode></Unicode>
            </TextEquiv>
        </TextRegion>
        <TextRegion id="r_5" custom="readingOrder {index:5;}">
            <Coords points="295,1742 2607,1742 2607,1962 295,1962"/>
            <TextLine id="l_21" custom="readingOrder {index:0;}">
                <Coords points="469,1820 602,1815 694,1831 779,1831 914,1816 1004,1815 1042,1835 1273,1818 1526,1818 1526,1788 1272,1788 1048,1806 1011,1786 912,1786 777,1801 697,1801 604,1785 468,1790"/>
                <Baseline points="469,1820 602,1815 694,1831 779,1831 914,1816 1004,1815 1042,1835 1273,1818 1526,1818"/>
                <TextEquiv>
                    <Unicode>Dated this 15 January 1883</Unicode>
                </TextEquiv>
            </TextLine>
            <TextEquiv>
                <Unicode></Unicode>
            </TextEquiv>
        </TextRegion>
    </Page>
</PcGts>
