<?xml version="1.0" encoding="UTF-8" standalone="yes"?>
<PcGts xmlns="http://schema.primaresearch.org/PAGE/gts/pagecontent/2013-07-15">
    <Metadata>
        <Creator>Transkribus</Creator>
        <Created>2025-09-23T14:48:27.108+02:00</Created>
        <LastChange>2025-10-03T21:35:22.419+02:00</LastChange>
    </Metadata>
    <Page imageFilename="p053.jpg" imageWidth="3508" imageHeight="2479">
        <TextRegion id="r_1" custom="readingOrder {index:0;}">
            <Coords points="265,533 2431,533 2431,881 265,881"/>
            <TextEquiv>
                <Unicode></Unicode>
            </TextEquiv>
        </TextRegion>
        <TextRegion id="r_2" custom="readingOrder {index:1;}">
            <Coords points="247,883 1117,883 1117,1724 247,1724"/>
            <TextEquiv>
                <Unicode></Unicode>
            </TextEquiv>
        </TextRegion>
        <TextRegion id="r_3" custom="readingOrder {index:2;}">
            <Coords points="1625,871 2016,871 2016,1687 1625,1687"/>
            <TextEquiv>
                <Unicode></Unicode>
            </TextEquiv>
        </TextRegion>
        <ImageRegion id="r" custom="readingOrder {index:3;}">
            <Coords points="1711,476 2438,476 2438,1520 1711,1520"/>
        </ImageRegion>
        <TextRegion id="r_4" custom="readingOrder {index:4;}">
            <Coords points="2019,874 2448,874 2448,1695 2019,1695"/>
            <TextEquiv>
                <Unicode></Unicode>
            </TextEquiv>
        </TextRegion>
        <TextRegion id="r_5" custom="readingOrder {index:5;}">
            <Coords points="268,1730 2442,1730 2442,1932 268,1932"/>
            <TextEquiv>
                <Unicode></Unicode>
            </TextEquiv>
        </TextRegion>
    </Page>
</PcGts>
