<?xml version="1.0" encoding="UTF-8" standalone="yes"?>
<PcGts xmlns="http://schema.primaresearch.org/PAGE/gts/pagecontent/2013-07-15">
    <Metadata>
        <Creator>Transkribus</Creator>
        <Created>2025-09-23T14:48:27.414+02:00</Created>
        <LastChange>2025-10-03T21:36:56.342+02:00</LastChange>
    </Metadata>
    <Page imageFilename="p054.jpg" imageWidth="3508" imageHeight="2479">
        <TextRegion id="r" custom="readingOrder {index:0;}">
            <Coords points="253,543 2549,543 2549,923 253,923"/>
            <TextLine id="l" custom="readingOrder {index:0;}">
                <Coords points="416,741 494,738 650,736 804,732 1052,726 1051,696 803,702 649,706 493,708 415,711"/>
                <Baseline points="416,741 494,738 650,736 804,732 1052,726"/>
                <TextEquiv>
                    <Unicode>I, Alfred Eugene Fradelle</Unicode>
                </TextEquiv>
            </TextLine>
            <TextLine id="l_1" custom="readingOrder {index:1;}">
                <Coords points="1277,719 1428,713 1588,705 1747,699 1966,699 1966,669 1746,669 1587,675 1427,683 1276,689"/>
                <Baseline points="1277,719 1428,713 1588,705 1747,699 1966,699"/>
                <TextEquiv>
                    <Unicode>of 246 Regent Street Middlesex</Unicode>
                </TextEquiv>
            </TextLine>
            <TextEquiv>
                <Unicode></Unicode>
            </TextEquiv>
        </TextRegion>
        <TextRegion id="r_1" custom="readingOrder {index:1;}">
            <Coords points="247,922 1169,922 1169,1754 247,1754"/>
            <TextLine id="l_2" custom="readingOrder {index:0;}">
                <Coords points="294,1155 524,1158 610,1155 689,1155 885,1150 1152,1149 1152,1119 885,1120 689,1125 609,1125 524,1128 294,1125"/>
                <Baseline points="294,1155 524,1158 610,1155 689,1155 885,1150 1152,1149"/>
                <TextEquiv>
                    <Unicode>Photograph of Sir Hubert Macpherson</Unicode>
                </TextEquiv>
            </TextLine>
            <TextLine id="l_3" custom="readingOrder {index:1;}">
                <Coords points="647,1215 809,1212 867,1213 912,1262 974,1269 1112,1269 1112,1239 976,1239 926,1235 880,1183 809,1182 646,1185"/>
                <Baseline points="647,1215 809,1212 867,1213 912,1262 974,1269 1112,1269"/>
                <TextEquiv>
                    <Unicode>looking to his right</Unicode>
                </TextEquiv>
            </TextLine>
            <TextLine id="l_4" custom="readingOrder {index:2;}">
                <Coords points="423,1349 587,1353 638,1368 711,1360 789,1361 817,1368 974,1365 973,1335 820,1338 793,1331 710,1330 641,1338 592,1323 424,1319"/>
                <Baseline points="423,1349 587,1353 638,1368 711,1360 789,1361 817,1368 974,1365"/>
                <TextEquiv>
                    <Unicode>nearly profile face</Unicode>
                </TextEquiv>
            </TextLine>
            <TextLine id="l_5" custom="readingOrder {index:3;}">
                <Coords points="269,1423 344,1422 419,1426 475,1426 560,1429 729,1434 891,1433 891,1403 729,1404 561,1399 476,1396 420,1396 345,1392 269,1393"/>
                <Baseline points="269,1423 344,1422 419,1426 475,1426 560,1429 729,1434 891,1433"/>
                <TextEquiv>
                    <Unicode>left eye not clearly seen</Unicode>
                </TextEquiv>
            </TextLine>
            <TextLine id="l_6" custom="readingOrder {index:4;}">
                <Coords points="374,1545 454,1545 800,1542 800,1512 454,1515 374,1515"/>
                <Baseline points="374,1545 454,1545 800,1542"/>
                <TextEquiv>
                    <Unicode>in regimentals</Unicode>
                </TextEquiv>
            </TextLine>
            <TextLine id="l_7" custom="readingOrder {index:5;}">
                <Coords points="489,1689 600,1668 641,1675 897,1649 894,1619 642,1645 600,1638 483,1660"/>
                <Baseline points="489,1689 600,1668 641,1675 897,1649"/>
                <TextEquiv>
                    <Unicode>copy annexed</Unicode>
                </TextEquiv>
            </TextLine>
            <TextEquiv>
                <Unicode></Unicode>
            </TextEquiv>
        </TextRegion>
        <TextRegion id="r_2" custom="readingOrder {index:2;}">
            <Coords points="1702,914 2131,914 2131,1746 1702,1746"/>
            <TextLine id="l_8" custom="readingOrder {index:0;}">
                <Coords points="1747,965 1819,963 1923,963 2028,962 2074,961 2073,931 2028,932 1923,933 1819,933 1746,935"/>
                <Baseline points="1747,965 1819,963 1923,963 2028,962 2074,961"/>
                <TextEquiv>
                    <Unicode>Name and Place of Abode of</Unicode>
                </TextEquiv>
            </TextLine>
            <TextLine id="l_9" custom="readingOrder {index:1;}">
                <Coords points="1785,989 1888,988 1931,985 2041,981 2040,951 1929,955 1887,958 1785,959"/>
                <Baseline points="1785,989 1888,988 1931,985 2041,981"/>
                <TextEquiv>
                    <Unicode>Proprietor of Copyright</Unicode>
                </TextEquiv>
            </TextLine>
            <TextLine id="l_10" custom="readingOrder {index:2;}">
                <Coords points="1730,1102 1876,1102 2002,1096 2129,1096 2129,1066 2001,1066 1875,1072 1730,1072"/>
                <Baseline points="1730,1102 1876,1102 2002,1096 2129,1096"/>
                <TextEquiv>
                    <Unicode>Albert Eugene Fradelle</Unicode>
                </TextEquiv>
            </TextLine>
            <TextLine id="l_11" custom="readingOrder {index:3;}">
                <Coords points="1734,1179 1823,1178 1844,1183 1961,1176 2097,1176 2097,1146 1960,1146 1847,1153 1826,1148 1734,1149"/>
                <Baseline points="1734,1179 1823,1178 1844,1183 1961,1176 2097,1176"/>
                <TextEquiv>
                    <Unicode>246 Regent Street</Unicode>
                </TextEquiv>
            </TextLine>
            <TextLine id="l_12" custom="readingOrder {index:4;}">
                <Coords points="1768,1266 2011,1257 2010,1227 1767,1236"/>
                <Baseline points="1768,1266 2011,1257"/>
                <TextEquiv>
                    <Unicode>Middlesex</Unicode>
                </TextEquiv>
            </TextLine>
            <TextEquiv>
                <Unicode></Unicode>
            </TextEquiv>
        </TextRegion>
        <ImageRegion id="r_5" custom="readingOrder {index:3;}">
            <Coords points="1793,147 2554,147 2554,658 1793,658"/>
        </ImageRegion>
        <TextRegion id="r_3" custom="readingOrder {index:4;}">
            <Coords points="2097,911 2563,911 2563,1746 2097,1746"/>
            <TextLine id="l_13" custom="readingOrder {index:0;}">
                <Coords points="2135,957 2206,957 2313,957 2430,953 2462,953 2462,923 2429,923 2312,927 2206,927 2135,927"/>
                <Baseline points="2135,957 2206,957 2313,957 2430,953 2462,953"/>
                <TextEquiv>
                    <Unicode>Name and Place of Abode of </Unicode>
                </TextEquiv>
            </TextLine>
            <TextLine id="l_14" custom="readingOrder {index:1;}">
                <Coords points="2212,983 2292,983 2394,979 2393,949 2291,953 2212,953"/>
                <Baseline points="2212,983 2292,983 2394,979"/>
                <TextEquiv>
                    <Unicode>Author of Work</Unicode>
                </TextEquiv>
            </TextLine>
            <TextLine id="l_15" custom="readingOrder {index:2;}">
                <Coords points="2112,1140 2226,1136 2364,1132 2556,1132 2556,1102 2364,1102 2225,1106 2111,1110"/>
                <Baseline points="2112,1140 2226,1136 2364,1132 2556,1132"/>
                <TextEquiv>
                    <Unicode>Albert Eugene Fradelle</Unicode>
                </TextEquiv>
            </TextLine>
            <TextLine id="l_16" custom="readingOrder {index:3;}">
                <Coords points="2197,1206 2286,1200 2439,1200 2469,1197 2556,1200 2557,1170 2468,1167 2438,1170 2285,1170 2195,1176"/>
                <Baseline points="2197,1206 2286,1200 2439,1200 2469,1197 2556,1200"/>
                <TextEquiv>
                    <Unicode>246 Regent Street</Unicode>
                </TextEquiv>
            </TextLine>
            <TextLine id="l_17" custom="readingOrder {index:4;}">
                <Coords points="2218,1279 2513,1281 2513,1251 2218,1249"/>
                <Baseline points="2218,1279 2513,1281"/>
                <TextEquiv>
                    <Unicode>Middlesex</Unicode>
                </TextEquiv>
            </TextLine>
            <TextEquiv>
                <Unicode></Unicode>
            </TextEquiv>
        </TextRegion>
        <TextRegion id="r_4" custom="readingOrder {index:5;}">
            <Coords points="264,1752 2568,1752 2568,1939 264,1939"/>
            <TextLine id="l_18" custom="readingOrder {index:0;}">
                <Coords points="441,1815 561,1809 621,1834 680,1830 727,1817 871,1808 937,1804 997,1825 1205,1820 1360,1796 1472,1796 1472,1766 1358,1766 1202,1790 1002,1795 941,1774 869,1778 722,1787 675,1800 626,1804 566,1779 440,1785"/>
                <Baseline points="441,1815 561,1809 621,1834 680,1830 727,1817 871,1808 937,1804 997,1825 1205,1820 1360,1796 1472,1796"/>
                <TextEquiv>
                    <Unicode>Dated this 12th day of January 1883</Unicode>
                </TextEquiv>
            </TextLine>
            <TextEquiv>
                <Unicode></Unicode>
            </TextEquiv>
        </TextRegion>
    </Page>
</PcGts>
