<?xml version="1.0" encoding="UTF-8" standalone="yes"?>
<PcGts xmlns="http://schema.primaresearch.org/PAGE/gts/pagecontent/2013-07-15">
    <Metadata>
        <Creator>Transkribus</Creator>
        <Created>2025-09-23T14:48:28.088+02:00</Created>
        <LastChange>2025-10-03T21:38:50.163+02:00</LastChange>
    </Metadata>
    <Page imageFilename="p056.jpg" imageWidth="3508" imageHeight="2479">
        <TextRegion id="r" custom="readingOrder {index:0;}">
            <Coords points="195,525 2434,525 2434,913 195,913"/>
            <TextLine id="l" custom="readingOrder {index:0;}">
                <Coords points="351,711 515,714 553,706 679,697 860,700 860,670 678,667 549,676 512,684 352,681"/>
                <Baseline points="351,711 515,714 553,706 679,697 860,700"/>
                <TextEquiv>
                    <Unicode>I, Albert Eugene Fradelle</Unicode>
                </TextEquiv>
            </TextLine>
            <TextLine id="l_1" custom="readingOrder {index:1;}">
                <Coords points="1191,695 1304,695 1452,690 1560,686 1604,683 1821,683 1821,653 1603,653 1558,656 1451,660 1303,665 1191,665"/>
                <Baseline points="1191,695 1304,695 1452,690 1560,686 1604,683 1821,683"/>
                <TextEquiv>
                    <Unicode>of 246 Regent Street Middlesex</Unicode>
                </TextEquiv>
            </TextLine>
            <TextEquiv>
                <Unicode></Unicode>
            </TextEquiv>
        </TextRegion>
        <TextRegion id="r_1" custom="readingOrder {index:1;}">
            <Coords points="202,914 1079,914 1079,1776 202,1776"/>
            <TextLine id="l_18" custom="readingOrder {index:0;}">
                <Coords points="527,978 641,978 682,977 741,976 740,946 681,947 641,948 527,948"/>
                <Baseline points="527,978 641,978 682,977 741,976"/>
                <TextEquiv>
                    <Unicode>Description of Work</Unicode>
                </TextEquiv>
            </TextLine>
            <TextLine id="l_19" custom="readingOrder {index:1;}">
                <Coords points="467,1035 467,1035 467,1005 467,1005"/>
                <Baseline points="467,1035 467,1035"/>
                <TextEquiv>
                    <Unicode></Unicode>
                </TextEquiv>
            </TextLine>
            <TextLine id="l_2" custom="readingOrder {index:2;}">
                <Coords points="291,1137 528,1132 594,1132 699,1131 841,1128 876,1123 1073,1122 1073,1092 874,1093 839,1098 699,1101 594,1102 528,1102 290,1107"/>
                <Baseline points="291,1137 528,1132 594,1132 699,1131 841,1128 876,1123 1073,1122"/>
                <TextEquiv>
                    <Unicode>Photograph of Sir Herbert Macpherson</Unicode>
                </TextEquiv>
            </TextLine>
            <TextLine id="l_3" custom="readingOrder {index:3;}">
                <Coords points="226,1217 310,1215 514,1215 671,1215 728,1215 843,1213 996,1209 995,1179 842,1183 728,1185 671,1185 514,1185 310,1185 225,1187"/>
                <Baseline points="226,1217 310,1215 514,1215 671,1215 728,1215 843,1213 996,1209"/>
                <TextEquiv>
                    <Unicode>face nearly profile, looking towards</Unicode>
                </TextEquiv>
            </TextLine>
            <TextLine id="l_4" custom="readingOrder {index:4;}">
                <Coords points="259,1297 329,1298 448,1297 448,1267 329,1268 259,1267"/>
                <Baseline points="259,1297 329,1298 448,1297"/>
                <TextEquiv>
                    <Unicode>his right</Unicode>
                </TextEquiv>
            </TextLine>
            <TextLine id="l_5" custom="readingOrder {index:5;}">
                <Coords points="350,1443 455,1441 709,1428 802,1431 803,1401 709,1398 454,1411 349,1413"/>
                <Baseline points="350,1443 455,1441 709,1428 802,1431"/>
                <TextEquiv>
                    <Unicode>in regimentals</Unicode>
                </TextEquiv>
            </TextLine>
            <TextLine id="l_6" custom="readingOrder {index:6;}">
                <Coords points="398,1516 489,1511 663,1511 663,1481 488,1481 396,1486"/>
                <Baseline points="398,1516 489,1511 663,1511"/>
                <TextEquiv>
                    <Unicode>copy annexed</Unicode>
                </TextEquiv>
            </TextLine>
            <TextEquiv>
                <Unicode></Unicode>
            </TextEquiv>
        </TextRegion>
        <TextRegion id="r_2" custom="readingOrder {index:2;}">
            <Coords points="1612,904 2043,904 2043,1785 1612,1785"/>
            <TextLine id="l_7" custom="readingOrder {index:0;}">
                <Coords points="1653,948 1975,943 1975,913 1653,918"/>
                <Baseline points="1653,948 1975,943"/>
                <TextEquiv>
                    <Unicode>Name and Place of Abode of</Unicode>
                </TextEquiv>
            </TextLine>
            <TextLine id="l_8" custom="readingOrder {index:1;}">
                <Coords points="1687,974 1783,973 1842,970 1933,970 1933,940 1841,940 1782,943 1687,944"/>
                <Baseline points="1687,974 1783,973 1842,970 1933,970"/>
                <TextEquiv>
                    <Unicode>Proprietor of Copyright</Unicode>
                </TextEquiv>
            </TextLine>
            <TextLine id="l_9" custom="readingOrder {index:2;}">
                <Coords points="1638,1088 1753,1078 1883,1077 2043,1068 2041,1038 1882,1047 1752,1048 1635,1058"/>
                <Baseline points="1638,1088 1753,1078 1883,1077 2043,1068"/>
                <TextEquiv>
                    <Unicode>Albert Eugene Fradelle</Unicode>
                </TextEquiv>
            </TextLine>
            <TextLine id="l_10" custom="readingOrder {index:3;}">
                <Coords points="1655,1150 1757,1142 1880,1141 1990,1139 1989,1109 1880,1111 1756,1112 1653,1120"/>
                <Baseline points="1655,1150 1757,1142 1880,1141 1990,1139"/>
                <TextEquiv>
                    <Unicode>246 Regent Street</Unicode>
                </TextEquiv>
            </TextLine>
            <TextLine id="l_11" custom="readingOrder {index:4;}">
                <Coords points="1700,1211 1918,1211 1918,1181 1700,1181"/>
                <Baseline points="1700,1211 1918,1211"/>
                <TextEquiv>
                    <Unicode>Middlesex</Unicode>
                </TextEquiv>
            </TextLine>
            <TextEquiv>
                <Unicode></Unicode>
            </TextEquiv>
        </TextRegion>
        <ImageRegion id="r_5" custom="readingOrder {index:3;}">
            <Coords points="1677,142 2423,142 2423,636 1677,636"/>
        </ImageRegion>
        <TextRegion id="r_3" custom="readingOrder {index:4;}">
            <Coords points="1996,914 2447,914 2447,1785 1996,1785"/>
            <TextLine id="l_12" custom="readingOrder {index:0;}">
                <Coords points="2044,937 2152,935 2245,935 2346,937 2347,907 2245,905 2152,905 2043,907"/>
                <Baseline points="2044,937 2152,935 2245,935 2346,937"/>
                <TextEquiv>
                    <Unicode>Name and Place of Abode of</Unicode>
                </TextEquiv>
            </TextLine>
            <TextLine id="l_13" custom="readingOrder {index:1;}">
                <Coords points="2104,965 2188,965 2281,965 2281,935 2188,935 2104,935"/>
                <Baseline points="2104,965 2188,965 2281,965"/>
                <TextEquiv>
                    <Unicode>Author of Work</Unicode>
                </TextEquiv>
            </TextLine>
            <TextLine id="l_14" custom="readingOrder {index:2;}">
                <Coords points="2026,1121 2160,1117 2306,1120 2334,1117 2451,1115 2450,1085 2332,1087 2305,1090 2160,1087 2025,1091"/>
                <Baseline points="2026,1121 2160,1117 2306,1120 2334,1117 2451,1115"/>
                <TextEquiv>
                    <Unicode>Albert Eugene Fradelle</Unicode>
                </TextEquiv>
            </TextLine>
            <TextLine id="l_15" custom="readingOrder {index:3;}">
                <Coords points="2047,1191 2139,1180 2296,1184 2331,1175 2438,1174 2438,1144 2327,1145 2293,1154 2138,1150 2043,1161"/>
                <Baseline points="2047,1191 2139,1180 2296,1184 2331,1175 2438,1174"/>
                <TextEquiv>
                    <Unicode>246 Regent Street</Unicode>
                </TextEquiv>
            </TextLine>
            <TextLine id="l_16" custom="readingOrder {index:4;}">
                <Coords points="2092,1256 2335,1254 2335,1224 2092,1226"/>
                <Baseline points="2092,1256 2335,1254"/>
                <TextEquiv>
                    <Unicode>Middlesex</Unicode>
                </TextEquiv>
            </TextLine>
            <TextEquiv>
                <Unicode></Unicode>
            </TextEquiv>
        </TextRegion>
        <TextRegion id="r_4" custom="readingOrder {index:5;}">
            <Coords points="199,1728 2451,1728 2451,1945 199,1945"/>
            <TextLine id="l_17" custom="readingOrder {index:0;}">
                <Coords points="373,1823 482,1823 540,1825 646,1822 799,1819 887,1819 1076,1819 1294,1812 1360,1813 1360,1783 1294,1782 1076,1789 887,1789 799,1789 645,1792 540,1795 483,1793 373,1793"/>
                <Baseline points="373,1823 482,1823 540,1825 646,1822 799,1819 887,1819 1076,1819 1294,1812 1360,1813"/>
                <TextEquiv>
                    <Unicode>Dated this 12th day of January 1883</Unicode>
                </TextEquiv>
            </TextLine>
            <TextEquiv>
                <Unicode></Unicode>
            </TextEquiv>
        </TextRegion>
    </Page>
</PcGts>
