<?xml version="1.0" encoding="UTF-8" standalone="yes"?>
<PcGts xmlns="http://schema.primaresearch.org/PAGE/gts/pagecontent/2013-07-15">
    <Metadata>
        <Creator>Transkribus</Creator>
        <Created>2025-09-23T14:48:28.743+02:00</Created>
        <LastChange>2025-10-06T19:30:41.297+02:00</LastChange>
    </Metadata>
    <Page imageFilename="p058.jpg" imageWidth="3508" imageHeight="2479">
        <TextRegion id="r" custom="readingOrder {index:0;}">
            <Coords points="350,546 2669,546 2669,889 350,889"/>
            <TextLine id="l" custom="readingOrder {index:0;}">
                <Coords points="502,711 536,712 568,719 666,715 712,718 731,715 773,712 829,712 922,712 969,706 1037,703 1152,708 1201,702 1223,702 1223,672 1199,672 1151,678 1037,673 966,676 920,682 829,682 772,682 728,685 711,688 666,685 571,689 540,682 503,681"/>
                <Baseline points="502,711 536,712 568,719 666,715 712,718 731,715 773,712 829,712 922,712 969,706 1037,703 1152,708 1201,702 1223,702"/>
                <TextEquiv>
                    <Unicode></Unicode>
                </TextEquiv>
            </TextLine>
            <TextLine id="l_1" custom="readingOrder {index:1;}">
                <Coords points="1378,705 1423,703 1480,706 1529,702 1555,702 1602,703 1685,700 1726,697 1808,699 1843,693 1879,692 1977,696 2041,703 2078,702 2077,672 2042,673 1979,666 1879,662 1840,663 1806,669 1725,667 1683,670 1602,673 1555,672 1528,672 1480,676 1423,673 1377,675"/>
                <Baseline points="1378,705 1423,703 1480,706 1529,702 1555,702 1602,703 1685,700 1726,697 1808,699 1843,693 1879,692 1977,696 2041,703 2078,702"/>
                <TextEquiv>
                    <Unicode></Unicode>
                </TextEquiv>
            </TextLine>
            <TextEquiv>
                <Unicode></Unicode>
            </TextEquiv>
        </TextRegion>
        <TextRegion id="r_1" custom="readingOrder {index:1;}">
            <Coords points="350,902 1318,902 1318,1753 350,1753"/>
            <TextLine id="l_2" custom="readingOrder {index:0;}">
                <Coords points="687,980 810,980 852,979 912,979 912,949 852,949 810,950 687,950"/>
                <Baseline points="687,980 810,980 852,979 912,979"/>
                <TextEquiv>
                    <Unicode></Unicode>
                </TextEquiv>
            </TextLine>
            <TextLine id="l_3" custom="readingOrder {index:1;}">
                <Coords points="436,1146 553,1161 637,1152 685,1156 725,1154 758,1152 802,1154 861,1156 902,1158 1015,1161 1051,1158 1145,1159 1239,1167 1296,1159 1292,1129 1238,1137 1146,1129 1050,1128 1014,1131 903,1128 862,1126 803,1124 758,1122 723,1124 685,1126 637,1122 553,1131 440,1116"/>
                <Baseline points="436,1146 553,1161 637,1152 685,1156 725,1154 758,1152 802,1154 861,1156 902,1158 1015,1161 1051,1158 1145,1159 1239,1167 1296,1159"/>
                <TextEquiv>
                    <Unicode></Unicode>
                </TextEquiv>
            </TextLine>
            <TextLine id="l_4" custom="readingOrder {index:2;}">
                <Coords points="564,1209 685,1214 719,1214 754,1215 782,1219 804,1219 804,1189 784,1189 757,1185 719,1184 686,1184 565,1179"/>
                <Baseline points="564,1209 685,1214 719,1214 754,1215 782,1219 804,1219"/>
                <TextEquiv>
                    <Unicode></Unicode>
                </TextEquiv>
            </TextLine>
            <TextLine id="l_5" custom="readingOrder {index:3;}">
                <Coords points="908,1271 969,1272 1006,1268 1057,1274 1129,1269 1127,1239 1058,1244 1006,1238 968,1242 908,1241"/>
                <Baseline points="908,1271 969,1272 1006,1268 1057,1274 1129,1269"/>
                <TextEquiv>
                    <Unicode></Unicode>
                </TextEquiv>
            </TextLine>
            <TextLine id="l_6" custom="readingOrder {index:4;}">
                <Coords points="479,1354 580,1364 619,1364 665,1364 732,1369 817,1369 852,1372 892,1376 936,1376 1004,1369 1001,1339 934,1346 893,1346 855,1342 818,1339 733,1339 666,1334 619,1334 581,1334 482,1324"/>
                <Baseline points="479,1354 580,1364 619,1364 665,1364 732,1369 817,1369 852,1372 892,1376 936,1376 1004,1369"/>
                <TextEquiv>
                    <Unicode></Unicode>
                </TextEquiv>
            </TextLine>
            <TextLine id="l_7" custom="readingOrder {index:5;}">
                <Coords points="455,1448 532,1451 619,1452 653,1456 681,1455 745,1455 802,1458 858,1461 982,1451 1063,1451 1063,1421 981,1421 858,1431 804,1428 746,1425 680,1425 654,1426 621,1422 533,1421 456,1418"/>
                <Baseline points="455,1448 532,1451 619,1452 653,1456 681,1455 745,1455 802,1458 858,1461 982,1451 1063,1451"/>
                <TextEquiv>
                    <Unicode></Unicode>
                </TextEquiv>
            </TextLine>
            <TextLine id="l_8" custom="readingOrder {index:6;}">
                <Coords points="590,1668 676,1668 737,1665 827,1659 881,1658 950,1650 977,1649 976,1619 948,1620 879,1628 826,1629 735,1635 675,1638 590,1638"/>
                <Baseline points="590,1668 676,1668 737,1665 827,1659 881,1658 950,1650 977,1649"/>
                <TextEquiv>
                    <Unicode></Unicode>
                </TextEquiv>
            </TextLine>
            <TextEquiv>
                <Unicode></Unicode>
            </TextEquiv>
        </TextRegion>
        <TextRegion id="r_2" custom="readingOrder {index:2;}">
            <Coords points="1817,902 2275,902 2275,1747 1817,1747"/>
            <TextLine id="l_9" custom="readingOrder {index:0;}">
                <Coords points="1866,963 1919,962 1972,959 2048,957 2118,959 2185,956 2184,926 2118,929 2048,927 1971,929 1918,932 1865,933"/>
                <Baseline points="1866,963 1919,962 1972,959 2048,957 2118,959 2185,956"/>
                <TextEquiv>
                    <Unicode></Unicode>
                </TextEquiv>
            </TextLine>
            <TextLine id="l_10" custom="readingOrder {index:1;}">
                <Coords points="1894,990 2005,988 2045,984 2150,982 2149,952 2043,954 2003,958 1893,960"/>
                <Baseline points="1894,990 2005,988 2045,984 2150,982"/>
                <TextEquiv>
                    <Unicode></Unicode>
                </TextEquiv>
            </TextLine>
            <TextLine id="l_13" custom="readingOrder {index:2;}">
                <Coords points="1840,1102 1926,1098 1957,1095 2039,1101 2087,1096 2109,1096 2184,1102 2229,1105 2263,1099 2258,1069 2227,1075 2186,1072 2110,1066 2085,1066 2039,1071 1957,1065 1924,1068 1839,1072"/>
                <Baseline points="1840,1102 1926,1098 1957,1095 2039,1101 2087,1096 2109,1096 2184,1102 2229,1105 2263,1099"/>
                <TextEquiv>
                    <Unicode></Unicode>
                </TextEquiv>
            </TextLine>
            <TextLine id="l_14" custom="readingOrder {index:3;}">
                <Coords points="1853,1165 1904,1165 1947,1165 1975,1177 2057,1175 2098,1172 2127,1167 2191,1171 2240,1165 2236,1135 2190,1141 2125,1137 2094,1142 2056,1145 1981,1148 1953,1136 1904,1135 1853,1135"/>
                <Baseline points="1853,1165 1904,1165 1947,1165 1975,1177 2057,1175 2098,1172 2127,1167 2191,1171 2240,1165"/>
                <TextEquiv>
                    <Unicode></Unicode>
                </TextEquiv>
            </TextLine>
            <TextLine id="l_15" custom="readingOrder {index:4;}">
                <Coords points="1906,1246 1999,1249 2065,1244 2163,1249 2165,1219 2065,1214 1998,1219 1907,1216"/>
                <Baseline points="1906,1246 1999,1249 2065,1244 2163,1249"/>
                <TextEquiv>
                    <Unicode></Unicode>
                </TextEquiv>
            </TextLine>
            <TextEquiv>
                <Unicode></Unicode>
            </TextEquiv>
        </TextRegion>
        <ImageRegion id="r_5" custom="readingOrder {index:3;}">
            <Coords points="1925,157 2772,157 2772,667 1925,667"/>
        </ImageRegion>
        <TextRegion id="r_3" custom="readingOrder {index:4;}">
            <Coords points="2225,908 2690,908 2690,1749 2225,1749"/>
            <TextLine id="l_11" custom="readingOrder {index:0;}">
                <Coords points="2262,960 2317,957 2379,955 2452,955 2550,956 2594,956 2594,926 2550,926 2452,925 2379,925 2316,927 2260,930"/>
                <Baseline points="2262,960 2317,957 2379,955 2452,955 2550,956 2594,956"/>
                <TextEquiv>
                    <Unicode></Unicode>
                </TextEquiv>
            </TextLine>
            <TextLine id="l_12" custom="readingOrder {index:1;}">
                <Coords points="2327,982 2402,982 2443,981 2515,981 2515,951 2443,951 2402,952 2327,952"/>
                <Baseline points="2327,982 2402,982 2443,981 2515,981"/>
                <TextEquiv>
                    <Unicode></Unicode>
                </TextEquiv>
            </TextLine>
            <TextLine id="l_16" custom="readingOrder {index:2;}">
                <Coords points="2267,1167 2358,1164 2401,1164 2521,1164 2552,1160 2606,1157 2666,1159 2684,1162 2689,1132 2669,1129 2606,1127 2549,1130 2519,1134 2401,1134 2358,1134 2266,1137"/>
                <Baseline points="2267,1167 2358,1164 2401,1164 2521,1164 2552,1160 2606,1157 2666,1159 2684,1162"/>
                <TextEquiv>
                    <Unicode></Unicode>
                </TextEquiv>
            </TextLine>
            <TextLine id="l_17" custom="readingOrder {index:3;}">
                <Coords points="2290,1246 2349,1249 2371,1251 2385,1246 2450,1254 2527,1248 2565,1241 2649,1239 2678,1245 2684,1216 2652,1209 2562,1211 2523,1218 2451,1224 2382,1216 2367,1221 2351,1219 2292,1216"/>
                <Baseline points="2290,1246 2349,1249 2371,1251 2385,1246 2450,1254 2527,1248 2565,1241 2649,1239 2678,1245"/>
                <TextEquiv>
                    <Unicode></Unicode>
                </TextEquiv>
            </TextLine>
            <TextLine id="l_18" custom="readingOrder {index:4;}">
                <Coords points="2324,1330 2412,1330 2473,1330 2517,1325 2573,1330 2602,1325 2597,1295 2572,1300 2517,1295 2471,1300 2412,1300 2324,1300"/>
                <Baseline points="2324,1330 2412,1330 2473,1330 2517,1325 2573,1330 2602,1325"/>
                <TextEquiv>
                    <Unicode></Unicode>
                </TextEquiv>
            </TextLine>
            <TextEquiv>
                <Unicode></Unicode>
            </TextEquiv>
        </TextRegion>
        <TextRegion id="r_4" custom="readingOrder {index:5;}">
            <Coords points="348,1746 2687,1746 2687,1946 348,1946"/>
            <TextLine id="l_19" custom="readingOrder {index:0;}">
                <Coords points="513,1814 588,1809 640,1809 716,1848 751,1844 792,1823 796,1795 825,1799 855,1788 921,1813 948,1809 1014,1807 1061,1813 1061,1836 1100,1832 1141,1828 1231,1830 1260,1830 1316,1825 1408,1813 1461,1805 1523,1805 1570,1803 1569,1773 1522,1775 1459,1775 1404,1783 1313,1795 1259,1800 1231,1800 1140,1798 1097,1802 1089,1805 1092,1786 1015,1777 945,1779 924,1783 855,1758 822,1769 771,1761 766,1804 742,1815 721,1818 647,1780 587,1779 511,1784"/>
                <Baseline points="513,1814 588,1809 640,1809 716,1848 751,1844 792,1823 796,1795 825,1799 855,1788 921,1813 948,1809 1014,1807 1061,1813 1061,1836 1100,1832 1141,1828 1231,1830 1260,1830 1316,1825 1408,1813 1461,1805 1523,1805 1570,1803"/>
                <TextEquiv>
                    <Unicode></Unicode>
                </TextEquiv>
            </TextLine>
            <TextEquiv>
                <Unicode></Unicode>
            </TextEquiv>
        </TextRegion>
    </Page>
</PcGts>
