<?xml version="1.0" encoding="UTF-8" standalone="yes"?>
<PcGts xmlns="http://schema.primaresearch.org/PAGE/gts/pagecontent/2013-07-15">
    <Metadata>
        <Creator>Transkribus</Creator>
        <Created>2025-09-23T14:48:29.093+02:00</Created>
        <LastChange>2025-10-03T22:11:00.794+02:00</LastChange>
    </Metadata>
    <Page imageFilename="p059.jpg" imageWidth="3508" imageHeight="2479">
        <TextRegion id="r_1" custom="readingOrder {index:0;}">
            <Coords points="322,518 2454,518 2454,897 322,897"/>
            <TextEquiv>
                <Unicode></Unicode>
            </TextEquiv>
        </TextRegion>
        <TextRegion id="r_2" custom="readingOrder {index:1;}">
            <Coords points="328,910 1181,910 1181,1751 328,1751"/>
            <TextEquiv>
                <Unicode></Unicode>
            </TextEquiv>
        </TextRegion>
        <TextRegion id="r_3" custom="readingOrder {index:2;}">
            <Coords points="1683,901 2097,901 2097,1751 1683,1751"/>
            <TextEquiv>
                <Unicode></Unicode>
            </TextEquiv>
        </TextRegion>
        <ImageRegion id="r" custom="readingOrder {index:3;}">
            <Coords points="1699,477 2434,477 2434,1544 1699,1544"/>
        </ImageRegion>
        <TextRegion id="r_4" custom="readingOrder {index:4;}">
            <Coords points="2083,901 2494,901 2494,1748 2083,1748"/>
            <TextEquiv>
                <Unicode></Unicode>
            </TextEquiv>
        </TextRegion>
        <TextRegion id="r_5" custom="readingOrder {index:5;}">
            <Coords points="334,1747 2482,1747 2482,1929 334,1929"/>
            <TextEquiv>
                <Unicode></Unicode>
            </TextEquiv>
        </TextRegion>
    </Page>
</PcGts>
