<?xml version="1.0" encoding="UTF-8" standalone="yes"?>
<PcGts xmlns="http://schema.primaresearch.org/PAGE/gts/pagecontent/2013-07-15">
    <Metadata>
        <Creator>Transkribus</Creator>
        <Created>2025-09-23T14:48:29.460+02:00</Created>
        <LastChange>2025-10-06T19:36:36.204+02:00</LastChange>
    </Metadata>
    <Page imageFilename="p060.jpg" imageWidth="3508" imageHeight="2479">
        <TextRegion id="r" custom="readingOrder {index:0;}">
            <Coords points="354,557 2637,557 2637,908 354,908"/>
            <TextLine id="l" custom="readingOrder {index:0;}">
                <Coords points="492,728 539,725 669,719 705,719 790,721 851,721 882,717 991,713 1055,711 1054,681 990,683 880,687 849,691 790,691 705,689 668,689 537,695 490,698"/>
                <Baseline points="492,728 539,725 669,719 705,719 790,721 851,721 882,717 991,713 1055,711"/>
                <TextEquiv>
                    <Unicode></Unicode>
                </TextEquiv>
            </TextLine>
            <TextLine id="l_1" custom="readingOrder {index:1;}">
                <Coords points="1369,711 1408,711 1468,705 1523,703 1574,705 1644,703 1667,699 1773,701 1819,697 1940,701 2038,701 2038,701 2069,703 2071,673 2039,671 2038,671 1940,671 1818,667 1772,671 1665,669 1641,673 1574,675 1523,673 1466,675 1407,681 1369,681"/>
                <Baseline points="1369,711 1408,711 1468,705 1523,703 1574,705 1644,703 1667,699 1773,701 1819,697 1940,701 2038,701 2038,701 2069,703"/>
                <TextEquiv>
                    <Unicode></Unicode>
                </TextEquiv>
            </TextLine>
            <TextEquiv>
                <Unicode></Unicode>
            </TextEquiv>
        </TextRegion>
        <TextRegion id="r_1" custom="readingOrder {index:1;}">
            <Coords points="354,921 1275,921 1275,1728 354,1728"/>
            <TextLine id="l_2" custom="readingOrder {index:0;}">
                <Coords points="675,986 804,986 839,984 909,984 909,954 838,954 803,956 675,956"/>
                <Baseline points="675,986 804,986 839,984 909,984"/>
                <TextEquiv>
                    <Unicode></Unicode>
                </TextEquiv>
            </TextLine>
            <TextLine id="l_3" custom="readingOrder {index:1;}">
                <Coords points="410,1130 449,1126 527,1126 640,1118 681,1118 720,1122 773,1118 833,1124 868,1122 1014,1122 1051,1116 1176,1124 1260,1120 1259,1090 1176,1094 1050,1086 1012,1092 867,1092 834,1094 773,1088 720,1092 683,1088 639,1088 526,1096 447,1096 407,1100"/>
                <Baseline points="410,1130 449,1126 527,1126 640,1118 681,1118 720,1122 773,1118 833,1124 868,1122 1014,1122 1051,1116 1176,1124 1260,1120"/>
                <TextEquiv>
                    <Unicode></Unicode>
                </TextEquiv>
            </TextLine>
            <TextLine id="l_4" custom="readingOrder {index:2;}">
                <Coords points="660,1243 763,1239 868,1239 907,1237 960,1237 1014,1239 1026,1249 1045,1226 1025,1211 961,1207 906,1207 867,1209 762,1209 659,1213"/>
                <Baseline points="660,1243 763,1239 868,1239 907,1237 960,1237 1014,1239 1026,1249"/>
                <TextEquiv>
                    <Unicode></Unicode>
                </TextEquiv>
            </TextLine>
            <TextLine id="l_5" custom="readingOrder {index:3;}">
                <Coords points="1034,1288 1092,1290 1137,1284 1133,1254 1091,1260 1035,1258"/>
                <Baseline points="1034,1288 1092,1290 1137,1284"/>
                <TextEquiv>
                    <Unicode></Unicode>
                </TextEquiv>
            </TextLine>
            <TextLine id="l_6" custom="readingOrder {index:4;}">
                <Coords points="478,1368 599,1370 675,1370 745,1407 804,1397 845,1397 938,1393 1007,1393 1007,1363 937,1363 844,1367 801,1367 750,1377 682,1341 599,1340 478,1338"/>
                <Baseline points="478,1368 599,1370 675,1370 745,1407 804,1397 845,1397 938,1393 1007,1393"/>
                <TextEquiv>
                    <Unicode></Unicode>
                </TextEquiv>
            </TextLine>
            <TextLine id="l_7" custom="readingOrder {index:5;}">
                <Coords points="564,1539 630,1525 679,1527 745,1527 837,1529 927,1529 1009,1525 1051,1521 1048,1491 1007,1495 926,1499 837,1499 745,1497 680,1497 627,1495 558,1510"/>
                <Baseline points="564,1539 630,1525 679,1527 745,1527 837,1529 927,1529 1009,1525 1051,1521"/>
                <TextEquiv>
                    <Unicode></Unicode>
                </TextEquiv>
            </TextLine>
            <TextLine id="l_8" custom="readingOrder {index:6;}">
                <Coords points="578,1693 652,1689 701,1704 734,1693 796,1685 862,1681 931,1683 977,1681 1012,1681 1012,1651 976,1651 931,1653 862,1651 793,1655 727,1664 701,1674 656,1659 576,1663"/>
                <Baseline points="578,1693 652,1689 701,1704 734,1693 796,1685 862,1681 931,1683 977,1681 1012,1681"/>
                <TextEquiv>
                    <Unicode></Unicode>
                </TextEquiv>
            </TextLine>
            <TextEquiv>
                <Unicode></Unicode>
            </TextEquiv>
        </TextRegion>
        <TextRegion id="r_2" custom="readingOrder {index:2;}">
            <Coords points="1803,919 2220,919 2220,1754 1803,1754"/>
            <TextLine id="l_9" custom="readingOrder {index:0;}">
                <Coords points="1849,960 1919,960 1962,960 2038,960 2114,960 2166,960 2166,930 2114,930 2038,930 1962,930 1919,930 1849,930"/>
                <Baseline points="1849,960 1919,960 1962,960 2038,960 2114,960 2166,960"/>
                <TextEquiv>
                    <Unicode></Unicode>
                </TextEquiv>
            </TextLine>
            <TextLine id="l_10" custom="readingOrder {index:1;}">
                <Coords points="1878,993 1979,989 2026,989 2135,987 2134,957 2026,959 1978,959 1877,963"/>
                <Baseline points="1878,993 1979,989 2026,989 2135,987"/>
                <TextEquiv>
                    <Unicode></Unicode>
                </TextEquiv>
            </TextLine>
            <TextLine id="l_11" custom="readingOrder {index:2;}">
                <Coords points="1821,1080 1921,1080 1962,1080 2041,1080 2096,1082 2097,1052 2042,1050 1962,1050 1921,1050 1821,1050"/>
                <Baseline points="1821,1080 1921,1080 1962,1080 2041,1080 2096,1082"/>
                <TextEquiv>
                    <Unicode></Unicode>
                </TextEquiv>
            </TextLine>
            <TextLine id="l_12" custom="readingOrder {index:3;}">
                <Coords points="1987,1139 2078,1131 2153,1131 2153,1101 2077,1101 1984,1109"/>
                <Baseline points="1987,1139 2078,1131 2153,1131"/>
                <TextEquiv>
                    <Unicode></Unicode>
                </TextEquiv>
            </TextLine>
            <TextLine id="l_13" custom="readingOrder {index:4;}">
                <Coords points="1835,1213 1901,1213 1954,1207 2014,1217 2108,1209 2213,1213 2214,1183 2107,1179 2015,1187 1955,1177 1899,1183 1835,1183"/>
                <Baseline points="1835,1213 1901,1213 1954,1207 2014,1217 2108,1209 2213,1213"/>
                <TextEquiv>
                    <Unicode></Unicode>
                </TextEquiv>
            </TextLine>
            <TextLine id="l_14" custom="readingOrder {index:5;}">
                <Coords points="1884,1291 2008,1285 2114,1285 2114,1255 2007,1255 1883,1261"/>
                <Baseline points="1884,1291 2008,1285 2114,1285"/>
                <TextEquiv>
                    <Unicode></Unicode>
                </TextEquiv>
            </TextLine>
            <TextEquiv>
                <Unicode></Unicode>
            </TextEquiv>
        </TextRegion>
        <ImageRegion id="r_5" custom="readingOrder {index:3;}">
            <Coords points="1780,142 2633,142 2633,620 1780,620"/>
        </ImageRegion>
        <TextRegion id="r_3" custom="readingOrder {index:4;}">
            <Coords points="2200,927 2662,927 2662,1754 2200,1754"/>
            <TextLine id="l_15" custom="readingOrder {index:0;}">
                <Coords points="2217,1086 2334,1076 2418,1076 2486,1076 2527,1072 2611,1072 2669,1078 2672,1048 2613,1042 2526,1042 2485,1046 2418,1046 2333,1046 2214,1056"/>
                <Baseline points="2217,1086 2334,1076 2418,1076 2486,1076 2527,1072 2611,1072 2669,1078"/>
                <TextEquiv>
                    <Unicode></Unicode>
                </TextEquiv>
            </TextLine>
            <TextLine id="l_16" custom="readingOrder {index:1;}">
                <Coords points="2256,1156 2324,1150 2363,1144 2435,1144 2505,1141 2529,1139 2593,1139 2646,1146 2650,1116 2595,1109 2528,1109 2503,1111 2434,1114 2361,1114 2320,1120 2253,1126"/>
                <Baseline points="2256,1156 2324,1150 2363,1144 2435,1144 2505,1141 2529,1139 2593,1139 2646,1146"/>
                <TextEquiv>
                    <Unicode></Unicode>
                </TextEquiv>
            </TextLine>
            <TextLine id="l_17" custom="readingOrder {index:2;}">
                <Coords points="2326,1220 2474,1213 2570,1220 2572,1190 2474,1183 2325,1190"/>
                <Baseline points="2326,1220 2474,1213 2570,1220"/>
                <TextEquiv>
                    <Unicode></Unicode>
                </TextEquiv>
            </TextLine>
            <TextEquiv>
                <Unicode></Unicode>
            </TextEquiv>
        </TextRegion>
        <TextRegion id="r_4" custom="readingOrder {index:5;}">
            <Coords points="357,1734 2665,1734 2665,1928 357,1928"/>
            <TextLine id="l_18" custom="readingOrder {index:0;}">
                <Coords points="514,1807 621,1807 687,1817 755,1817 765,1807 798,1801 816,1801 942,1807 1026,1803 1067,1817 1149,1813 1264,1813 1307,1807 1457,1801 1546,1797 1545,1767 1456,1771 1304,1777 1262,1783 1148,1783 1071,1787 1030,1773 942,1777 817,1771 795,1771 751,1780 744,1789 689,1787 623,1777 514,1777"/>
                <Baseline points="514,1807 621,1807 687,1817 755,1817 765,1807 798,1801 816,1801 942,1807 1026,1803 1067,1817 1149,1813 1264,1813 1307,1807 1457,1801 1546,1797"/>
                <TextEquiv>
                    <Unicode></Unicode>
                </TextEquiv>
            </TextLine>
            <TextEquiv>
                <Unicode></Unicode>
            </TextEquiv>
        </TextRegion>
    </Page>
</PcGts>
