<?xml version="1.0" encoding="UTF-8" standalone="yes"?>
<PcGts xmlns="http://schema.primaresearch.org/PAGE/gts/pagecontent/2013-07-15">
    <Metadata>
        <Creator>Transkribus</Creator>
        <Created>2025-09-23T14:48:29.859+02:00</Created>
        <LastChange>2025-10-03T22:12:02.354+02:00</LastChange>
    </Metadata>
    <Page imageFilename="p061.jpg" imageWidth="3508" imageHeight="2479">
        <TextRegion id="r" custom="readingOrder {index:0;}">
            <Coords points="370,536 2656,536 2656,914 370,914"/>
            <TextEquiv>
                <Unicode></Unicode>
            </TextEquiv>
        </TextRegion>
        <TextRegion id="r_2" custom="readingOrder {index:1;}">
            <Coords points="367,907 1224,907 1224,1741 367,1741"/>
            <TextEquiv>
                <Unicode></Unicode>
            </TextEquiv>
        </TextRegion>
        <TextRegion id="r_3" custom="readingOrder {index:2;}">
            <Coords points="1819,910 2215,910 2215,1734 1819,1734"/>
            <TextEquiv>
                <Unicode></Unicode>
            </TextEquiv>
        </TextRegion>
        <ImageRegion id="r_1" custom="readingOrder {index:3;}">
            <Coords points="2128,492 2568,492 2568,1165 2128,1165"/>
        </ImageRegion>
        <TextRegion id="r_4" custom="readingOrder {index:4;}">
            <Coords points="2147,907 2671,907 2671,1734 2147,1734"/>
            <TextEquiv>
                <Unicode></Unicode>
            </TextEquiv>
        </TextRegion>
        <TextRegion id="r_5" custom="readingOrder {index:5;}">
            <Coords points="370,1731 2673,1731 2673,1937 370,1937"/>
            <TextEquiv>
                <Unicode></Unicode>
            </TextEquiv>
        </TextRegion>
    </Page>
</PcGts>
