<?xml version="1.0" encoding="UTF-8" standalone="yes"?>
<PcGts xmlns="http://schema.primaresearch.org/PAGE/gts/pagecontent/2013-07-15">
    <Metadata>
        <Creator>Transkribus</Creator>
        <Created>2025-09-23T14:48:30.126+02:00</Created>
        <LastChange>2025-10-03T22:12:50.760+02:00</LastChange>
    </Metadata>
    <Page imageFilename="p062.jpg" imageWidth="3508" imageHeight="2479">
        <TextRegion id="r" custom="readingOrder {index:0;}">
            <Coords points="327,537 2529,537 2529,940 327,940"/>
            <TextEquiv>
                <Unicode></Unicode>
            </TextEquiv>
        </TextRegion>
        <TextRegion id="r_2" custom="readingOrder {index:1;}">
            <Coords points="307,953 1152,953 1152,1757 307,1757"/>
            <TextEquiv>
                <Unicode></Unicode>
            </TextEquiv>
        </TextRegion>
        <TextRegion id="r_3" custom="readingOrder {index:2;}">
            <Coords points="1732,941 2125,941 2125,1747 1732,1747"/>
            <TextEquiv>
                <Unicode></Unicode>
            </TextEquiv>
        </TextRegion>
        <ImageRegion id="r_1" custom="readingOrder {index:3;}">
            <Coords points="2021,142 2469,142 2469,666 2021,666"/>
        </ImageRegion>
        <TextRegion id="r_4" custom="readingOrder {index:4;}">
            <Coords points="2113,944 2569,944 2569,1751 2113,1751"/>
            <TextEquiv>
                <Unicode></Unicode>
            </TextEquiv>
        </TextRegion>
        <TextRegion id="r_5" custom="readingOrder {index:5;}">
            <Coords points="323,1760 2575,1760 2575,1930 323,1930"/>
            <TextEquiv>
                <Unicode></Unicode>
            </TextEquiv>
        </TextRegion>
    </Page>
</PcGts>
