<?xml version="1.0" encoding="UTF-8" standalone="yes"?>
<PcGts xmlns="http://schema.primaresearch.org/PAGE/gts/pagecontent/2013-07-15">
    <Metadata>
        <Creator>Transkribus</Creator>
        <Created>2025-09-23T14:48:30.468+02:00</Created>
        <LastChange>2025-10-03T22:13:32.943+02:00</LastChange>
    </Metadata>
    <Page imageFilename="p063.jpg" imageWidth="3508" imageHeight="2479">
        <TextRegion id="r" custom="readingOrder {index:0;}">
            <Coords points="360,572 2678,572 2678,916 360,916"/>
            <TextEquiv>
                <Unicode></Unicode>
            </TextEquiv>
        </TextRegion>
        <TextRegion id="r_1" custom="readingOrder {index:1;}">
            <Coords points="365,931 1326,931 1326,1764 365,1764"/>
            <TextEquiv>
                <Unicode></Unicode>
            </TextEquiv>
        </TextRegion>
        <TextRegion id="r_3" custom="readingOrder {index:2;}">
            <Coords points="1846,915 2257,915 2257,1751 1846,1751"/>
            <TextEquiv>
                <Unicode></Unicode>
            </TextEquiv>
        </TextRegion>
        <TextRegion id="r_4" custom="readingOrder {index:3;}">
            <Coords points="2248,915 2704,915 2704,1749 2248,1749"/>
            <TextEquiv>
                <Unicode></Unicode>
            </TextEquiv>
        </TextRegion>
        <ImageRegion id="r_2" custom="readingOrder {index:4;}">
            <Coords points="1347,1047 1772,1047 1772,1694 1347,1694"/>
        </ImageRegion>
        <TextRegion id="r_5" custom="readingOrder {index:5;}">
            <Coords points="363,1722 2700,1722 2700,1947 363,1947"/>
            <TextEquiv>
                <Unicode></Unicode>
            </TextEquiv>
        </TextRegion>
    </Page>
</PcGts>
