<?xml version="1.0" encoding="UTF-8" standalone="yes"?>
<PcGts xmlns="http://schema.primaresearch.org/PAGE/gts/pagecontent/2013-07-15">
    <Metadata>
        <Creator>Transkribus</Creator>
        <Created>2025-09-23T14:48:31.208+02:00</Created>
        <LastChange>2025-10-01T17:18:35.314+02:00</LastChange>
    </Metadata>
    <Page imageFilename="p065.jpg" imageWidth="3508" imageHeight="2479">
        <TextRegion id="r" custom="readingOrder {index:0;}">
            <Coords points="374,572 2572,572 2572,941 374,941"/>
            <TextEquiv>
                <Unicode></Unicode>
            </TextEquiv>
        </TextRegion>
        <TextRegion id="r_1" custom="readingOrder {index:1;}">
            <Coords points="350,950 1299,950 1299,1722 350,1722"/>
            <TextEquiv>
                <Unicode></Unicode>
            </TextEquiv>
        </TextRegion>
        <TextRegion id="r_2" custom="readingOrder {index:2;}">
            <Coords points="1734,938 2179,938 2179,1718 1734,1718"/>
            <TextEquiv>
                <Unicode></Unicode>
            </TextEquiv>
        </TextRegion>
        <TextRegion id="r_3" custom="readingOrder {index:3;}">
            <Coords points="2120,923 2595,923 2595,1717 2120,1717"/>
            <TextEquiv>
                <Unicode></Unicode>
            </TextEquiv>
        </TextRegion>
        <TextRegion id="r_4" custom="readingOrder {index:4;}">
            <Coords points="376,1721 2593,1721 2593,1916 376,1916"/>
            <TextEquiv>
                <Unicode></Unicode>
            </TextEquiv>
        </TextRegion>
    </Page>
</PcGts>
