<?xml version="1.0" encoding="UTF-8" standalone="yes"?>
<PcGts xmlns="http://schema.primaresearch.org/PAGE/gts/pagecontent/2013-07-15">
    <Metadata>
        <Creator>Transkribus</Creator>
        <Created>2025-09-23T14:48:33.010+02:00</Created>
        <LastChange>2025-10-03T22:21:00.790+02:00</LastChange>
    </Metadata>
    <Page imageFilename="p070.jpg" imageWidth="3508" imageHeight="2479">
        <TextRegion id="r" custom="readingOrder {index:0;}">
            <Coords points="326,542 2457,542 2457,901 326,901"/>
            <TextEquiv>
                <Unicode></Unicode>
            </TextEquiv>
        </TextRegion>
        <TextRegion id="r_2" custom="readingOrder {index:1;}">
            <Coords points="329,901 1111,901 1111,1740 329,1740"/>
            <TextEquiv>
                <Unicode></Unicode>
            </TextEquiv>
        </TextRegion>
        <TextRegion id="r_3" custom="readingOrder {index:2;}">
            <Coords points="1701,887 2065,887 2065,1734 1701,1734"/>
            <TextEquiv>
                <Unicode></Unicode>
            </TextEquiv>
        </TextRegion>
        <ImageRegion id="r_1" custom="readingOrder {index:3;}">
            <Coords points="1707,501 2479,501 2479,1649 1707,1649"/>
        </ImageRegion>
        <TextRegion id="r_4" custom="readingOrder {index:4;}">
            <Coords points="2067,887 2475,887 2475,1737 2067,1737"/>
            <TextEquiv>
                <Unicode></Unicode>
            </TextEquiv>
        </TextRegion>
        <TextRegion id="r_5" custom="readingOrder {index:5;}">
            <Coords points="333,1724 2472,1724 2472,1947 333,1947"/>
            <TextEquiv>
                <Unicode></Unicode>
            </TextEquiv>
        </TextRegion>
    </Page>
</PcGts>
