<?xml version="1.0" encoding="UTF-8" standalone="yes"?>
<PcGts xmlns="http://schema.primaresearch.org/PAGE/gts/pagecontent/2013-07-15">
    <Metadata>
        <Creator>Transkribus</Creator>
        <Created>2025-09-23T14:48:33.368+02:00</Created>
        <LastChange>2025-10-03T22:22:04.907+02:00</LastChange>
    </Metadata>
    <Page imageFilename="p071.jpg" imageWidth="3508" imageHeight="2479">
        <TextRegion id="r" custom="readingOrder {index:0;}">
            <Coords points="328,556 2564,556 2564,911 328,911"/>
            <TextEquiv>
                <Unicode></Unicode>
            </TextEquiv>
        </TextRegion>
        <TextRegion id="r_4" custom="readingOrder {index:1;}">
            <Coords points="337,1716 337,1716 337,1722 337,1722"/>
            <TextEquiv>
                <Unicode></Unicode>
            </TextEquiv>
        </TextRegion>
        <TextRegion id="r_1" custom="readingOrder {index:2;}">
            <Coords points="333,929 1187,929 1187,1724 333,1724"/>
            <TextEquiv>
                <Unicode></Unicode>
            </TextEquiv>
        </TextRegion>
        <ImageRegion id="r_7" custom="readingOrder {index:3;}">
            <Coords points="1797,144 2615,144 2615,697 1797,697"/>
        </ImageRegion>
        <TextRegion id="r_2" custom="readingOrder {index:4;}">
            <Coords points="1758,905 2191,905 2191,1720 1758,1720"/>
            <TextEquiv>
                <Unicode></Unicode>
            </TextEquiv>
        </TextRegion>
        <TextRegion id="r_6" custom="readingOrder {index:5;}">
            <Coords points="2250,695 2592,695 2592,982 2250,982"/>
            <TextEquiv>
                <Unicode></Unicode>
            </TextEquiv>
        </TextRegion>
        <TextRegion id="r_3" custom="readingOrder {index:6;}">
            <Coords points="2157,902 2616,902 2616,1722 2157,1722"/>
            <TextEquiv>
                <Unicode></Unicode>
            </TextEquiv>
        </TextRegion>
        <TextRegion id="r_5" custom="readingOrder {index:7;}">
            <Coords points="337,1722 2618,1722 2618,1910 337,1910"/>
            <TextEquiv>
                <Unicode></Unicode>
            </TextEquiv>
        </TextRegion>
    </Page>
</PcGts>
