<?xml version="1.0" encoding="UTF-8" standalone="yes"?>
<PcGts xmlns="http://schema.primaresearch.org/PAGE/gts/pagecontent/2013-07-15">
    <Metadata>
        <Creator>Transkribus</Creator>
        <Created>2025-09-23T14:48:33.991+02:00</Created>
        <LastChange>2025-10-03T22:23:04.346+02:00</LastChange>
    </Metadata>
    <Page imageFilename="p072.jpg" imageWidth="3508" imageHeight="2479">
        <TextRegion id="r" custom="readingOrder {index:0;}">
            <Coords points="360,594 2655,594 2655,905 360,905"/>
            <TextEquiv>
                <Unicode></Unicode>
            </TextEquiv>
        </TextRegion>
        <TextRegion id="r_1" custom="readingOrder {index:1;}">
            <Coords points="355,921 1157,921 1157,1750 355,1750"/>
            <TextEquiv>
                <Unicode></Unicode>
            </TextEquiv>
        </TextRegion>
        <TextRegion id="r_6" custom="readingOrder {index:2;}">
            <Coords points="1443,563 1742,563 1742,827 1443,827"/>
            <TextEquiv>
                <Unicode></Unicode>
            </TextEquiv>
        </TextRegion>
        <ImageRegion id="r_2" custom="readingOrder {index:3;}">
            <Coords points="1810,522 2650,522 2650,1641 1810,1641"/>
        </ImageRegion>
        <TextRegion id="r_3" custom="readingOrder {index:4;}">
            <Coords points="1799,913 2239,913 2239,1751 1799,1751"/>
            <TextEquiv>
                <Unicode></Unicode>
            </TextEquiv>
        </TextRegion>
        <TextRegion id="r_4" custom="readingOrder {index:5;}">
            <Coords points="2242,913 2682,913 2682,1741 2242,1741"/>
            <TextEquiv>
                <Unicode></Unicode>
            </TextEquiv>
        </TextRegion>
        <TextRegion id="r_5" custom="readingOrder {index:6;}">
            <Coords points="355,1735 2682,1735 2682,1947 355,1947"/>
            <TextEquiv>
                <Unicode></Unicode>
            </TextEquiv>
        </TextRegion>
    </Page>
</PcGts>
