<?xml version="1.0" encoding="UTF-8" standalone="yes"?>
<PcGts xmlns="http://schema.primaresearch.org/PAGE/gts/pagecontent/2013-07-15">
    <Metadata>
        <Creator>Transkribus</Creator>
        <Created>2025-09-23T14:48:35.795+02:00</Created>
        <LastChange>2025-10-03T22:25:30.189+02:00</LastChange>
    </Metadata>
    <Page imageFilename="p075.jpg" imageWidth="3508" imageHeight="2479">
        <TextRegion id="r" custom="readingOrder {index:0;}">
            <Coords points="345,441 2592,441 2592,789 345,789"/>
            <TextEquiv>
                <Unicode></Unicode>
            </TextEquiv>
        </TextRegion>
        <ImageRegion id="r_6" custom="readingOrder {index:1;}">
            <Coords points="320,164 1061,164 1061,461 320,461"/>
        </ImageRegion>
        <TextRegion id="r_2" custom="readingOrder {index:2;}">
            <Coords points="340,793 1194,793 1194,1563 340,1563"/>
            <TextEquiv>
                <Unicode></Unicode>
            </TextEquiv>
        </TextRegion>
        <TextRegion id="r_3" custom="readingOrder {index:3;}">
            <Coords points="1753,788 2160,788 2160,1586 1753,1586"/>
            <TextEquiv>
                <Unicode></Unicode>
            </TextEquiv>
        </TextRegion>
        <TextRegion id="r_4" custom="readingOrder {index:4;}">
            <Coords points="2144,793 2608,793 2608,1594 2144,1594"/>
            <TextEquiv>
                <Unicode></Unicode>
            </TextEquiv>
        </TextRegion>
        <TextRegion id="r_1" custom="readingOrder {index:5;}">
            <Coords points="2291,445 2592,445 2592,677 2291,677"/>
            <TextEquiv>
                <Unicode></Unicode>
            </TextEquiv>
        </TextRegion>
        <TextRegion id="r_5" custom="readingOrder {index:6;}">
            <Coords points="338,1563 2589,1563 2589,1794 338,1794"/>
            <TextEquiv>
                <Unicode></Unicode>
            </TextEquiv>
        </TextRegion>
    </Page>
</PcGts>
