<?xml version="1.0" encoding="UTF-8" standalone="yes"?>
<PcGts xmlns="http://schema.primaresearch.org/PAGE/gts/pagecontent/2013-07-15">
    <Metadata>
        <Creator>Transkribus</Creator>
        <Created>2025-09-23T14:48:36.369+02:00</Created>
        <LastChange>2025-10-01T18:03:05.226+02:00</LastChange>
    </Metadata>
    <Page imageFilename="p076.jpg" imageWidth="3508" imageHeight="2479">
        <TextRegion id="r_1" custom="readingOrder {index:0;}">
            <Coords points="280,405 2511,405 2511,799 280,799"/>
            <TextEquiv>
                <Unicode></Unicode>
            </TextEquiv>
        </TextRegion>
        <ImageRegion id="r" custom="readingOrder {index:1;}">
            <Coords points="272,397 698,397 698,1094 272,1094"/>
        </ImageRegion>
        <TextRegion id="r_3" custom="readingOrder {index:2;}">
            <Coords points="262,793 1071,793 1071,1612 262,1612"/>
            <TextEquiv>
                <Unicode></Unicode>
            </TextEquiv>
        </TextRegion>
        <TextRegion id="r_4" custom="readingOrder {index:3;}">
            <Coords points="1676,806 2075,806 2075,1618 1676,1618"/>
            <TextEquiv>
                <Unicode></Unicode>
            </TextEquiv>
        </TextRegion>
        <TextRegion id="r_5" custom="readingOrder {index:4;}">
            <Coords points="2075,804 2519,804 2519,1628 2075,1628"/>
            <TextEquiv>
                <Unicode></Unicode>
            </TextEquiv>
        </TextRegion>
        <TextRegion id="r_2" custom="readingOrder {index:5;}">
            <Coords points="2148,438 2459,438 2459,666 2148,666"/>
            <TextEquiv>
                <Unicode></Unicode>
            </TextEquiv>
        </TextRegion>
        <TextRegion id="r_6" custom="readingOrder {index:6;}">
            <Coords points="291,1604 2529,1604 2529,1819 291,1819"/>
            <TextEquiv>
                <Unicode></Unicode>
            </TextEquiv>
        </TextRegion>
    </Page>
</PcGts>
