<?xml version="1.0" encoding="UTF-8" standalone="yes"?>
<PcGts xmlns="http://schema.primaresearch.org/PAGE/gts/pagecontent/2013-07-15">
    <Metadata>
        <Creator>Transkribus</Creator>
        <Created>2025-09-23T14:48:36.620+02:00</Created>
        <LastChange>2025-10-01T18:05:15.128+02:00</LastChange>
    </Metadata>
    <Page imageFilename="p077.jpg" imageWidth="3508" imageHeight="2479">
        <TextRegion id="r_1" custom="readingOrder {index:0;}">
            <Coords points="313,428 2577,428 2577,741 313,741"/>
            <TextEquiv>
                <Unicode></Unicode>
            </TextEquiv>
        </TextRegion>
        <ImageRegion id="r" custom="readingOrder {index:1;}">
            <Coords points="210,167 749,167 749,495 210,495"/>
        </ImageRegion>
        <TextRegion id="r_3" custom="readingOrder {index:2;}">
            <Coords points="313,772 1130,772 1130,1577 313,1577"/>
            <TextEquiv>
                <Unicode></Unicode>
            </TextEquiv>
        </TextRegion>
        <TextRegion id="r_4" custom="readingOrder {index:3;}">
            <Coords points="1721,755 2138,755 2138,1565 1721,1565"/>
            <TextEquiv>
                <Unicode></Unicode>
            </TextEquiv>
        </TextRegion>
        <TextRegion id="r_5" custom="readingOrder {index:4;}">
            <Coords points="2138,755 2608,755 2608,1568 2138,1568"/>
            <TextEquiv>
                <Unicode></Unicode>
            </TextEquiv>
        </TextRegion>
        <TextRegion id="r_2" custom="readingOrder {index:5;}">
            <Coords points="2218,430 2525,430 2525,624 2218,624"/>
            <TextEquiv>
                <Unicode></Unicode>
            </TextEquiv>
        </TextRegion>
        <TextRegion id="r_6" custom="readingOrder {index:6;}">
            <Coords points="320,1565 2601,1565 2601,1768 320,1768"/>
            <TextEquiv>
                <Unicode></Unicode>
            </TextEquiv>
        </TextRegion>
    </Page>
</PcGts>
