<?xml version="1.0" encoding="UTF-8" standalone="yes"?>
<PcGts xmlns="http://schema.primaresearch.org/PAGE/gts/pagecontent/2013-07-15">
    <Metadata>
        <Creator>Transkribus</Creator>
        <Created>2025-09-23T14:48:38.087+02:00</Created>
        <LastChange>2025-10-02T12:43:25.196+02:00</LastChange>
    </Metadata>
    <Page imageFilename="p081.jpg" imageWidth="3508" imageHeight="2479">
        <TextRegion id="r_1" custom="readingOrder {index:0;}">
            <Coords points="355,435 2555,435 2555,767 355,767"/>
            <TextEquiv>
                <Unicode></Unicode>
            </TextEquiv>
        </TextRegion>
        <ImageRegion id="r" custom="readingOrder {index:1;}">
            <Coords points="330,159 1406,159 1406,491 330,491"/>
        </ImageRegion>
        <TextRegion id="r_3" custom="readingOrder {index:2;}">
            <Coords points="361,771 1199,771 1199,1593 361,1593"/>
            <TextEquiv>
                <Unicode></Unicode>
            </TextEquiv>
        </TextRegion>
        <TextRegion id="r_2" custom="readingOrder {index:3;}">
            <Coords points="2257,532 2571,532 2571,786 2257,786"/>
            <TextEquiv>
                <Unicode></Unicode>
            </TextEquiv>
        </TextRegion>
        <TextRegion id="r_4" custom="readingOrder {index:4;}">
            <Coords points="1701,767 2125,767 2125,1618 1701,1618"/>
            <TextEquiv>
                <Unicode></Unicode>
            </TextEquiv>
        </TextRegion>
        <TextRegion id="r_5" custom="readingOrder {index:5;}">
            <Coords points="2097,771 2571,771 2571,1618 2097,1618"/>
            <TextEquiv>
                <Unicode></Unicode>
            </TextEquiv>
        </TextRegion>
        <TextRegion id="r_6" custom="readingOrder {index:6;}">
            <Coords points="361,1574 2561,1574 2561,1838 361,1838"/>
            <TextEquiv>
                <Unicode></Unicode>
            </TextEquiv>
        </TextRegion>
    </Page>
</PcGts>
