<?xml version="1.0" encoding="UTF-8" standalone="yes"?>
<PcGts xmlns="http://schema.primaresearch.org/PAGE/gts/pagecontent/2013-07-15">
    <Metadata>
        <Creator>Transkribus</Creator>
        <Created>2025-09-23T14:48:38.726+02:00</Created>
        <LastChange>2025-10-02T12:46:07.934+02:00</LastChange>
    </Metadata>
    <Page imageFilename="p083.jpg" imageWidth="3508" imageHeight="2479">
        <TextRegion id="r_1" custom="readingOrder {index:0;}">
            <Coords points="289,423 2598,423 2598,791 289,791"/>
            <TextEquiv>
                <Unicode></Unicode>
            </TextEquiv>
        </TextRegion>
        <ImageRegion id="r" custom="readingOrder {index:1;}">
            <Coords points="277,157 1420,157 1420,480 277,480"/>
        </ImageRegion>
        <TextRegion id="r_2" custom="readingOrder {index:2;}">
            <Coords points="2248,514 2579,514 2579,765 2248,765"/>
            <TextEquiv>
                <Unicode></Unicode>
            </TextEquiv>
        </TextRegion>
        <TextRegion id="r_3" custom="readingOrder {index:3;}">
            <Coords points="300,795 1208,795 1208,1614 300,1614"/>
            <TextEquiv>
                <Unicode></Unicode>
            </TextEquiv>
        </TextRegion>
        <TextRegion id="r_4" custom="readingOrder {index:4;}">
            <Coords points="1709,795 2127,795 2127,1614 1709,1614"/>
            <TextEquiv>
                <Unicode></Unicode>
            </TextEquiv>
        </TextRegion>
        <TextRegion id="r_5" custom="readingOrder {index:5;}">
            <Coords points="2123,787 2602,787 2602,1614 2123,1614"/>
            <TextEquiv>
                <Unicode></Unicode>
            </TextEquiv>
        </TextRegion>
        <TextRegion id="r_6" custom="readingOrder {index:6;}">
            <Coords points="292,1569 2605,1569 2605,1793 292,1793"/>
            <TextEquiv>
                <Unicode></Unicode>
            </TextEquiv>
        </TextRegion>
    </Page>
</PcGts>
