<?xml version="1.0" encoding="UTF-8" standalone="yes"?>
<PcGts xmlns="http://schema.primaresearch.org/PAGE/gts/pagecontent/2013-07-15">
    <Metadata>
        <Creator>Transkribus</Creator>
        <Created>2025-09-23T14:48:39.148+02:00</Created>
        <LastChange>2025-10-02T13:49:00.743+02:00</LastChange>
    </Metadata>
    <Page imageFilename="p084.jpg" imageWidth="3508" imageHeight="2479">
        <TextRegion id="r_1" custom="readingOrder {index:0;}">
            <Coords points="350,425 2526,425 2526,801 350,801"/>
            <TextEquiv>
                <Unicode></Unicode>
            </TextEquiv>
        </TextRegion>
        <TextRegion id="r_3" custom="readingOrder {index:1;}">
            <Coords points="350,811 1075,811 1075,1664 350,1664"/>
            <TextEquiv>
                <Unicode></Unicode>
            </TextEquiv>
        </TextRegion>
        <TextRegion id="r_4" custom="readingOrder {index:2;}">
            <Coords points="1055,801 1390,801 1390,1668 1055,1668"/>
            <TextEquiv>
                <Unicode></Unicode>
            </TextEquiv>
        </TextRegion>
        <TextRegion id="r_5" custom="readingOrder {index:3;}">
            <Coords points="1390,801 1797,801 1797,1664 1390,1664"/>
            <TextEquiv>
                <Unicode></Unicode>
            </TextEquiv>
        </TextRegion>
        <TextRegion id="r_2" custom="readingOrder {index:4;}">
            <Coords points="2208,459 2484,459 2484,756 2208,756"/>
            <TextEquiv>
                <Unicode></Unicode>
            </TextEquiv>
        </TextRegion>
        <ImageRegion id="r" custom="readingOrder {index:5;}">
            <Coords points="1863,722 2553,722 2553,1757 1863,1757"/>
        </ImageRegion>
        <TextRegion id="r_6" custom="readingOrder {index:6;}">
            <Coords points="1773,798 2166,798 2166,1675 1773,1675"/>
            <TextEquiv>
                <Unicode></Unicode>
            </TextEquiv>
        </TextRegion>
        <TextRegion id="r_7" custom="readingOrder {index:7;}">
            <Coords points="2156,804 2553,804 2553,1681 2156,1681"/>
            <TextEquiv>
                <Unicode></Unicode>
            </TextEquiv>
        </TextRegion>
        <TextRegion id="r_8" custom="readingOrder {index:8;}">
            <Coords points="340,1609 2550,1609 2550,1830 340,1830"/>
            <TextEquiv>
                <Unicode></Unicode>
            </TextEquiv>
        </TextRegion>
    </Page>
</PcGts>
