<?xml version="1.0" encoding="UTF-8" standalone="yes"?>
<PcGts xmlns="http://schema.primaresearch.org/PAGE/gts/pagecontent/2013-07-15">
    <Metadata>
        <Creator>Transkribus</Creator>
        <Created>2025-09-23T14:48:39.283+02:00</Created>
        <LastChange>2025-10-02T14:13:20.095+02:00</LastChange>
    </Metadata>
    <Page imageFilename="p085.jpg" imageWidth="3508" imageHeight="2479">
        <TextRegion id="r_1" custom="readingOrder {index:0;}">
            <Coords points="405,421 2662,421 2662,782 405,782"/>
            <TextEquiv>
                <Unicode></Unicode>
            </TextEquiv>
        </TextRegion>
        <TextRegion id="r_2" custom="readingOrder {index:1;}">
            <Coords points="399,774 1161,774 1161,1587 399,1587"/>
            <TextEquiv>
                <Unicode></Unicode>
            </TextEquiv>
        </TextRegion>
        <TextRegion id="r_3" custom="readingOrder {index:2;}">
            <Coords points="1152,777 1459,777 1459,1593 1152,1593"/>
            <TextEquiv>
                <Unicode></Unicode>
            </TextEquiv>
        </TextRegion>
        <TextRegion id="r_4" custom="readingOrder {index:3;}">
            <Coords points="1447,777 1868,777 1868,1587 1447,1587"/>
            <TextEquiv>
                <Unicode></Unicode>
            </TextEquiv>
        </TextRegion>
        <TextRegion id="r_5" custom="readingOrder {index:4;}">
            <Coords points="1842,789 2238,789 2238,1583 1842,1583"/>
            <TextEquiv>
                <Unicode></Unicode>
            </TextEquiv>
        </TextRegion>
        <ImageRegion id="r" custom="readingOrder {index:5;}">
            <Coords points="1959,148 2684,148 2684,857 1959,857"/>
        </ImageRegion>
        <TextRegion id="r_6" custom="readingOrder {index:6;}">
            <Coords points="2210,780 2674,780 2674,1587 2210,1587"/>
            <TextEquiv>
                <Unicode></Unicode>
            </TextEquiv>
        </TextRegion>
        <TextRegion id="r_7" custom="readingOrder {index:7;}">
            <Coords points="384,1549 2654,1549 2654,1778 384,1778"/>
            <TextEquiv>
                <Unicode></Unicode>
            </TextEquiv>
        </TextRegion>
    </Page>
</PcGts>
