<?xml version="1.0" encoding="UTF-8" standalone="yes"?>
<PcGts xmlns="http://schema.primaresearch.org/PAGE/gts/pagecontent/2013-07-15">
    <Metadata>
        <Creator>Transkribus</Creator>
        <Created>2025-09-23T14:48:40.879+02:00</Created>
        <LastChange>2025-10-02T15:02:31.251+02:00</LastChange>
    </Metadata>
    <Page imageFilename="p089.jpg" imageWidth="3508" imageHeight="2479">
        <TextRegion id="r" custom="readingOrder {index:0;}">
            <Coords points="349,424 2595,424 2595,800 349,800"/>
            <TextEquiv>
                <Unicode></Unicode>
            </TextEquiv>
        </TextRegion>
        <TextRegion id="r_1" custom="readingOrder {index:1;}">
            <Coords points="345,803 1162,803 1162,1608 345,1608"/>
            <TextEquiv>
                <Unicode></Unicode>
            </TextEquiv>
        </TextRegion>
        <TextRegion id="r_2" custom="readingOrder {index:2;}">
            <Coords points="1160,807 1441,807 1441,1608 1160,1608"/>
            <TextEquiv>
                <Unicode></Unicode>
            </TextEquiv>
        </TextRegion>
        <TextRegion id="r_3" custom="readingOrder {index:3;}">
            <Coords points="1393,805 1810,805 1810,1613 1393,1613"/>
            <TextEquiv>
                <Unicode></Unicode>
            </TextEquiv>
        </TextRegion>
        <TextRegion id="r_4" custom="readingOrder {index:4;}">
            <Coords points="1775,793 2201,793 2201,1605 1775,1605"/>
            <TextEquiv>
                <Unicode></Unicode>
            </TextEquiv>
        </TextRegion>
        <ImageRegion id="r_7" custom="readingOrder {index:5;}">
            <Coords points="1883,152 2631,152 2631,815 1883,815"/>
        </ImageRegion>
        <TextRegion id="r_5" custom="readingOrder {index:6;}">
            <Coords points="2139,796 2606,796 2606,1615 2139,1615"/>
            <TextEquiv>
                <Unicode></Unicode>
            </TextEquiv>
        </TextRegion>
        <TextRegion id="r_6" custom="readingOrder {index:7;}">
            <Coords points="345,1601 2604,1601 2604,1806 345,1806"/>
            <TextEquiv>
                <Unicode></Unicode>
            </TextEquiv>
        </TextRegion>
    </Page>
</PcGts>
