<?xml version="1.0" encoding="UTF-8" standalone="yes"?>
<PcGts xmlns="http://schema.primaresearch.org/PAGE/gts/pagecontent/2013-07-15">
    <Metadata>
        <Creator>Transkribus</Creator>
        <Created>2025-09-23T14:48:41.990+02:00</Created>
        <LastChange>2025-10-02T17:14:17.949+02:00</LastChange>
    </Metadata>
    <Page imageFilename="p092.jpg" imageWidth="3508" imageHeight="2479">
        <TextRegion id="r" custom="readingOrder {index:0;}">
            <Coords points="241,441 2429,441 2429,769 241,769"/>
            <TextEquiv>
                <Unicode></Unicode>
            </TextEquiv>
        </TextRegion>
        <TextRegion id="r_1" custom="readingOrder {index:1;}">
            <Coords points="257,788 1049,788 1049,1615 257,1615"/>
            <TextEquiv>
                <Unicode></Unicode>
            </TextEquiv>
        </TextRegion>
        <TextRegion id="r_2" custom="readingOrder {index:2;}">
            <Coords points="1028,781 1302,781 1302,1625 1028,1625"/>
            <TextEquiv>
                <Unicode></Unicode>
            </TextEquiv>
        </TextRegion>
        <TextRegion id="r_3" custom="readingOrder {index:3;}">
            <Coords points="1271,781 1703,781 1703,1615 1271,1615"/>
            <TextEquiv>
                <Unicode></Unicode>
            </TextEquiv>
        </TextRegion>
        <TextRegion id="r_4" custom="readingOrder {index:4;}">
            <Coords points="1646,773 2052,773 2052,1613 1646,1613"/>
            <TextEquiv>
                <Unicode></Unicode>
            </TextEquiv>
        </TextRegion>
        <ImageRegion id="r_7" custom="readingOrder {index:5;}">
            <Coords points="1697,137 2456,137 2456,790 1697,790"/>
        </ImageRegion>
        <TextRegion id="r_5" custom="readingOrder {index:6;}">
            <Coords points="2000,771 2462,771 2462,1618 2000,1618"/>
            <TextEquiv>
                <Unicode></Unicode>
            </TextEquiv>
        </TextRegion>
        <TextRegion id="r_6" custom="readingOrder {index:7;}">
            <Coords points="257,1585 2457,1585 2457,1795 257,1795"/>
            <TextEquiv>
                <Unicode></Unicode>
            </TextEquiv>
        </TextRegion>
    </Page>
</PcGts>
