<?xml version="1.0" encoding="UTF-8" standalone="yes"?>
<PcGts xmlns="http://schema.primaresearch.org/PAGE/gts/pagecontent/2013-07-15">
    <Metadata>
        <Creator>Transkribus</Creator>
        <Created>2025-09-23T14:48:42.328+02:00</Created>
        <LastChange>2025-10-02T17:17:28.859+02:00</LastChange>
    </Metadata>
    <Page imageFilename="p093.jpg" imageWidth="3508" imageHeight="2479">
        <TextRegion id="r" custom="readingOrder {index:0;}">
            <Coords points="342,420 2611,420 2611,812 342,812"/>
            <TextEquiv>
                <Unicode></Unicode>
            </TextEquiv>
        </TextRegion>
        <TextRegion id="r_2" custom="readingOrder {index:1;}">
            <Coords points="342,822 1183,822 1183,1659 342,1659"/>
            <TextEquiv>
                <Unicode></Unicode>
            </TextEquiv>
        </TextRegion>
        <TextRegion id="r_3" custom="readingOrder {index:2;}">
            <Coords points="1158,822 1441,822 1441,1662 1158,1662"/>
            <TextEquiv>
                <Unicode></Unicode>
            </TextEquiv>
        </TextRegion>
        <TextRegion id="r_4" custom="readingOrder {index:3;}">
            <Coords points="1408,811 1811,811 1811,1664 1408,1664"/>
            <TextEquiv>
                <Unicode></Unicode>
            </TextEquiv>
        </TextRegion>
        <TextRegion id="r_5" custom="readingOrder {index:4;}">
            <Coords points="1784,807 2197,807 2197,1662 1784,1662"/>
            <TextEquiv>
                <Unicode></Unicode>
            </TextEquiv>
        </TextRegion>
        <ImageRegion id="r_8" custom="readingOrder {index:5;}">
            <Coords points="1912,709 2630,709 2630,1667 1912,1667"/>
        </ImageRegion>
        <TextRegion id="r_6" custom="readingOrder {index:6;}">
            <Coords points="2178,815 2628,815 2628,1659 2178,1659"/>
            <TextEquiv>
                <Unicode></Unicode>
            </TextEquiv>
        </TextRegion>
        <TextRegion id="r_1" custom="readingOrder {index:7;}">
            <Coords points="2272,411 2564,411 2564,634 2272,634"/>
            <TextEquiv>
                <Unicode></Unicode>
            </TextEquiv>
        </TextRegion>
        <TextRegion id="r_7" custom="readingOrder {index:8;}">
            <Coords points="340,1615 2612,1615 2612,1823 340,1823"/>
            <TextEquiv>
                <Unicode></Unicode>
            </TextEquiv>
        </TextRegion>
    </Page>
</PcGts>
