<?xml version="1.0" encoding="UTF-8" standalone="yes"?>
<PcGts xmlns="http://schema.primaresearch.org/PAGE/gts/pagecontent/2013-07-15">
    <Metadata>
        <Creator>Transkribus</Creator>
        <Created>2025-09-23T14:48:43.296+02:00</Created>
        <LastChange>2025-10-02T17:21:50.600+02:00</LastChange>
    </Metadata>
    <Page imageFilename="p095.jpg" imageWidth="3508" imageHeight="2479">
        <TextRegion id="r" custom="readingOrder {index:0;}">
            <Coords points="425,419 2544,419 2544,754 425,754"/>
            <TextEquiv>
                <Unicode></Unicode>
            </TextEquiv>
        </TextRegion>
        <TextRegion id="r_2" custom="readingOrder {index:1;}">
            <Coords points="422,757 1188,757 1188,1557 422,1557"/>
            <TextEquiv>
                <Unicode></Unicode>
            </TextEquiv>
        </TextRegion>
        <TextRegion id="r_3" custom="readingOrder {index:2;}">
            <Coords points="1160,751 1433,751 1433,1573 1160,1573"/>
            <TextEquiv>
                <Unicode></Unicode>
            </TextEquiv>
        </TextRegion>
        <TextRegion id="r_4" custom="readingOrder {index:3;}">
            <Coords points="1405,757 1803,757 1803,1573 1405,1573"/>
            <TextEquiv>
                <Unicode></Unicode>
            </TextEquiv>
        </TextRegion>
        <TextRegion id="r_5" custom="readingOrder {index:4;}">
            <Coords points="1781,757 2208,757 2208,1576 1781,1576"/>
            <TextEquiv>
                <Unicode></Unicode>
            </TextEquiv>
        </TextRegion>
        <ImageRegion id="r_8" custom="readingOrder {index:5;}">
            <Coords points="1900,688 2563,688 2563,1664 1900,1664"/>
        </ImageRegion>
        <TextRegion id="r_6" custom="readingOrder {index:6;}">
            <Coords points="2114,754 2560,754 2560,1573 2114,1573"/>
            <TextEquiv>
                <Unicode></Unicode>
            </TextEquiv>
        </TextRegion>
        <TextRegion id="r_1" custom="readingOrder {index:7;}">
            <Coords points="2202,428 2481,428 2481,685 2202,685"/>
            <TextEquiv>
                <Unicode></Unicode>
            </TextEquiv>
        </TextRegion>
        <TextRegion id="r_7" custom="readingOrder {index:8;}">
            <Coords points="432,1551 2550,1551 2550,1783 432,1783"/>
            <TextEquiv>
                <Unicode></Unicode>
            </TextEquiv>
        </TextRegion>
    </Page>
</PcGts>
