<?xml version="1.0" encoding="UTF-8" standalone="yes"?>
<PcGts xmlns="http://schema.primaresearch.org/PAGE/gts/pagecontent/2013-07-15">
    <Metadata>
        <Creator>Transkribus</Creator>
        <Created>2025-09-23T14:48:43.452+02:00</Created>
        <LastChange>2025-10-02T17:24:18.194+02:00</LastChange>
    </Metadata>
    <Page imageFilename="p096.jpg" imageWidth="3508" imageHeight="2479">
        <TextRegion id="r" custom="readingOrder {index:0;}">
            <Coords points="356,434 2641,434 2641,811 356,811"/>
            <TextEquiv>
                <Unicode></Unicode>
            </TextEquiv>
        </TextRegion>
        <TextRegion id="r_1" custom="readingOrder {index:1;}">
            <Coords points="356,811 1193,811 1193,1631 356,1631"/>
            <TextEquiv>
                <Unicode></Unicode>
            </TextEquiv>
        </TextRegion>
        <TextRegion id="r_2" custom="readingOrder {index:2;}">
            <Coords points="1170,808 1455,808 1455,1633 1170,1633"/>
            <TextEquiv>
                <Unicode></Unicode>
            </TextEquiv>
        </TextRegion>
        <TextRegion id="r_3" custom="readingOrder {index:3;}">
            <Coords points="1434,816 1849,816 1849,1636 1434,1636"/>
            <TextEquiv>
                <Unicode></Unicode>
            </TextEquiv>
        </TextRegion>
        <TextRegion id="r_4" custom="readingOrder {index:4;}">
            <Coords points="1818,808 2228,808 2228,1633 1818,1633"/>
            <TextEquiv>
                <Unicode></Unicode>
            </TextEquiv>
        </TextRegion>
        <ImageRegion id="r_7" custom="readingOrder {index:5;}">
            <Coords points="1905,155 2677,155 2677,851 1905,851"/>
        </ImageRegion>
        <TextRegion id="r_5" custom="readingOrder {index:6;}">
            <Coords points="2186,811 2667,811 2667,1633 2186,1633"/>
            <TextEquiv>
                <Unicode></Unicode>
            </TextEquiv>
        </TextRegion>
        <TextRegion id="r_6" custom="readingOrder {index:7;}">
            <Coords points="370,1610 2658,1610 2658,1822 370,1822"/>
            <TextEquiv>
                <Unicode></Unicode>
            </TextEquiv>
        </TextRegion>
    </Page>
</PcGts>
