<?xml version="1.0" encoding="UTF-8" standalone="yes"?>
<PcGts xmlns="http://schema.primaresearch.org/PAGE/gts/pagecontent/2013-07-15">
    <Metadata>
        <Creator>Transkribus</Creator>
        <Created>2025-09-23T14:48:45.714+02:00</Created>
        <LastChange>2025-10-02T18:21:42.346+02:00</LastChange>
    </Metadata>
    <Page imageFilename="p099.jpg" imageWidth="3508" imageHeight="2479">
        <TextRegion id="r" custom="readingOrder {index:0;}">
            <Coords points="331,435 2594,435 2594,786 331,786"/>
            <TextEquiv>
                <Unicode></Unicode>
            </TextEquiv>
        </TextRegion>
        <TextRegion id="r_1" custom="readingOrder {index:1;}">
            <Coords points="325,799 1132,799 1132,1593 325,1593"/>
            <TextEquiv>
                <Unicode></Unicode>
            </TextEquiv>
        </TextRegion>
        <TextRegion id="r_2" custom="readingOrder {index:2;}">
            <Coords points="1734,780 2186,780 2186,1593 1734,1593"/>
            <TextEquiv>
                <Unicode></Unicode>
            </TextEquiv>
        </TextRegion>
        <TextRegion id="r_3" custom="readingOrder {index:3;}">
            <Coords points="2152,783 2597,783 2597,1593 2152,1593"/>
            <TextEquiv>
                <Unicode></Unicode>
            </TextEquiv>
        </TextRegion>
        <ImageRegion id="r_6" custom="readingOrder {index:4;}">
            <Coords points="1574,378 2610,378 2610,1122 1574,1122"/>
        </ImageRegion>
        <TextRegion id="r_4" custom="readingOrder {index:5;}">
            <Coords points="2249,1433 2516,1433 2516,1684 2249,1684"/>
            <TextEquiv>
                <Unicode></Unicode>
            </TextEquiv>
        </TextRegion>
        <TextRegion id="r_5" custom="readingOrder {index:6;}">
            <Coords points="331,1514 2600,1514 2600,1772 331,1772"/>
            <TextEquiv>
                <Unicode></Unicode>
            </TextEquiv>
        </TextRegion>
    </Page>
</PcGts>
