<?xml version="1.0" encoding="UTF-8" standalone="yes"?>
<PcGts xmlns="http://schema.primaresearch.org/PAGE/gts/pagecontent/2013-07-15">
    <Metadata>
        <Creator>Transkribus</Creator>
        <Created>2025-09-23T14:48:46.627+02:00</Created>
        <LastChange>2025-10-03T16:09:45.740+02:00</LastChange>
    </Metadata>
    <Page imageFilename="p102.jpg" imageWidth="3508" imageHeight="2479">
        <TextRegion id="r" custom="readingOrder {index:0;}">
            <Coords points="292,420 2540,420 2540,759 292,759"/>
            <TextEquiv>
                <Unicode></Unicode>
            </TextEquiv>
        </TextRegion>
        <TextRegion id="r_2" custom="readingOrder {index:1;}">
            <Coords points="292,771 1163,771 1163,1571 292,1571"/>
            <TextEquiv>
                <Unicode></Unicode>
            </TextEquiv>
        </TextRegion>
        <ImageRegion id="r_6" custom="readingOrder {index:2;}">
            <Coords points="1283,599 1988,599 1988,1596 1283,1596"/>
        </ImageRegion>
        <TextRegion id="r_3" custom="readingOrder {index:3;}">
            <Coords points="1658,778 2101,778 2101,1578 1658,1578"/>
            <TextEquiv>
                <Unicode></Unicode>
            </TextEquiv>
        </TextRegion>
        <TextRegion id="r_4" custom="readingOrder {index:4;}">
            <Coords points="2078,781 2530,781 2530,1575 2078,1575"/>
            <TextEquiv>
                <Unicode></Unicode>
            </TextEquiv>
        </TextRegion>
        <TextRegion id="r_1" custom="readingOrder {index:5;}">
            <Coords points="2283,448 2526,448 2526,710 2283,710"/>
            <TextEquiv>
                <Unicode></Unicode>
            </TextEquiv>
        </TextRegion>
        <TextRegion id="r_5" custom="readingOrder {index:6;}">
            <Coords points="297,1565 2526,1565 2526,1786 297,1786"/>
            <TextEquiv>
                <Unicode></Unicode>
            </TextEquiv>
        </TextRegion>
    </Page>
</PcGts>
