<?xml version="1.0" encoding="UTF-8" standalone="yes"?>
<PcGts xmlns="http://schema.primaresearch.org/PAGE/gts/pagecontent/2013-07-15">
    <Metadata>
        <Creator>Transkribus</Creator>
        <Created>2025-09-23T14:48:47.159+02:00</Created>
        <LastChange>2025-10-03T22:27:46.537+02:00</LastChange>
    </Metadata>
    <Page imageFilename="p103.jpg" imageWidth="3508" imageHeight="2479">
        <TextRegion id="r" custom="readingOrder {index:0;}">
            <Coords points="364,387 2529,387 2529,745 364,745"/>
            <TextEquiv>
                <Unicode></Unicode>
            </TextEquiv>
        </TextRegion>
        <TextRegion id="r_1" custom="readingOrder {index:1;}">
            <Coords points="366,739 1239,739 1239,1552 366,1552"/>
            <TextEquiv>
                <Unicode></Unicode>
            </TextEquiv>
        </TextRegion>
        <ImageRegion id="r_6" custom="readingOrder {index:2;}">
            <Coords points="1304,1314 2082,1314 2082,2235 1304,2235"/>
        </ImageRegion>
        <TextRegion id="r_2" custom="readingOrder {index:3;}">
            <Coords points="1716,753 2123,753 2123,1549 1716,1549"/>
            <TextEquiv>
                <Unicode></Unicode>
            </TextEquiv>
        </TextRegion>
        <TextRegion id="r_4" custom="readingOrder {index:4;}">
            <Coords points="2256,423 2532,423 2532,698 2256,698"/>
            <TextEquiv>
                <Unicode></Unicode>
            </TextEquiv>
        </TextRegion>
        <TextRegion id="r_3" custom="readingOrder {index:5;}">
            <Coords points="2116,749 2538,749 2538,1556 2116,1556"/>
            <TextEquiv>
                <Unicode></Unicode>
            </TextEquiv>
        </TextRegion>
        <TextRegion id="r_5" custom="readingOrder {index:6;}">
            <Coords points="371,1537 2539,1537 2539,1751 371,1751"/>
            <TextEquiv>
                <Unicode></Unicode>
            </TextEquiv>
        </TextRegion>
    </Page>
</PcGts>
