<?xml version="1.0" encoding="UTF-8" standalone="yes"?>
<PcGts xmlns="http://schema.primaresearch.org/PAGE/gts/pagecontent/2013-07-15">
    <Metadata>
        <Creator>Transkribus</Creator>
        <Created>2025-09-23T14:48:47.432+02:00</Created>
        <LastChange>2025-10-03T16:21:08.596+02:00</LastChange>
    </Metadata>
    <Page imageFilename="p104.jpg" imageWidth="3508" imageHeight="2479">
        <TextRegion id="r" custom="readingOrder {index:0;}">
            <Coords points="355,421 2569,421 2569,798 355,798"/>
            <TextEquiv>
                <Unicode></Unicode>
            </TextEquiv>
        </TextRegion>
        <TextRegion id="r_1" custom="readingOrder {index:1;}">
            <Coords points="345,794 1136,794 1136,1584 345,1584"/>
            <TextEquiv>
                <Unicode></Unicode>
            </TextEquiv>
        </TextRegion>
        <ImageRegion id="r_6" custom="readingOrder {index:2;}">
            <Coords points="1485,428 2542,428 2542,1152 1485,1152"/>
        </ImageRegion>
        <TextRegion id="r_2" custom="readingOrder {index:3;}">
            <Coords points="1748,797 2147,797 2147,1599 1748,1599"/>
            <TextEquiv>
                <Unicode></Unicode>
            </TextEquiv>
        </TextRegion>
        <TextRegion id="r_3" custom="readingOrder {index:4;}">
            <Coords points="2141,800 2580,800 2580,1599 2141,1599"/>
            <TextEquiv>
                <Unicode></Unicode>
            </TextEquiv>
        </TextRegion>
        <TextRegion id="r_4" custom="readingOrder {index:5;}">
            <Coords points="2341,1439 2586,1439 2586,1711 2341,1711"/>
            <TextEquiv>
                <Unicode></Unicode>
            </TextEquiv>
        </TextRegion>
        <TextRegion id="r_5" custom="readingOrder {index:6;}">
            <Coords points="348,1570 2577,1570 2577,1796 348,1796"/>
            <TextEquiv>
                <Unicode></Unicode>
            </TextEquiv>
        </TextRegion>
    </Page>
</PcGts>
