<?xml version="1.0" encoding="UTF-8" standalone="yes"?>
<PcGts xmlns="http://schema.primaresearch.org/PAGE/gts/pagecontent/2013-07-15">
    <Metadata>
        <Creator>Transkribus</Creator>
        <Created>2025-12-12T12:51:51.596693</Created>
        <LastChange>2025-12-12T12:52:22.831+01:00</LastChange>
    </Metadata>
    <Page imageFilename="106776998_283_p105.jpg" imageWidth="3508" imageHeight="2479">
        <TextRegion id="tr_1765540343">
            <Coords points="353,459 2642,459 2642,758 353,758"/>
        </TextRegion>
        <TextRegion id="tr_1765540341">
            <Coords points="370,765 1146,765 1146,1595 370,1595"/>
        </TextRegion>
        <TextRegion id="tr_1765540346">
            <Coords points="1139,781 1427,781 1427,1599 1139,1599"/>
        </TextRegion>
        <TextRegion id="tr_1765540345">
            <Coords points="1420,775 1803,775 1803,1595 1420,1595"/>
        </TextRegion>
        <TextRegion id="tr_1765540340">
            <Coords points="1794,771 2195,771 2195,1587 1794,1587"/>
        </TextRegion>
        <TextRegion id="tr_1765540344">
            <Coords points="2167,791 2637,791 2637,1586 2167,1586"/>
        </TextRegion>
        <TextRegion id="tr_1765540342">
            <Coords points="352,1571 2648,1571 2648,1795 352,1795"/>
        </TextRegion>
    </Page>
</PcGts>
