<?xml version="1.0" encoding="UTF-8" standalone="yes"?>
<PcGts xmlns="http://schema.primaresearch.org/PAGE/gts/pagecontent/2013-07-15">
    <Metadata>
        <Creator>Transkribus</Creator>
        <Created>2025-12-12T12:51:51.596693</Created>
        <LastChange>2025-12-12T12:52:23.170+01:00</LastChange>
    </Metadata>
    <Page imageFilename="106777006_284_p106.jpg" imageWidth="3508" imageHeight="2479">
        <TextRegion id="tr_1765540332">
            <Coords points="314,420 2396,420 2396,729 314,729"/>
        </TextRegion>
        <TextRegion id="tr_1765540330">
            <Coords points="316,738 1019,738 1019,1582 316,1582"/>
        </TextRegion>
        <TextRegion id="tr_1765540335">
            <Coords points="1013,733 1284,733 1284,1576 1013,1576"/>
        </TextRegion>
        <TextRegion id="tr_1765540331">
            <Coords points="1277,728 1622,728 1622,1573 1277,1573"/>
        </TextRegion>
        <TextRegion id="tr_1765540329">
            <Coords points="1610,736 1986,736 1986,1573 1610,1573"/>
        </TextRegion>
        <TextRegion id="tr_1765540334">
            <Coords points="1956,741 2384,741 2384,1583 1956,1583"/>
        </TextRegion>
        <TextRegion id="tr_1765540333">
            <Coords points="332,1551 2318,1551 2318,1808 332,1808"/>
        </TextRegion>
    </Page>
</PcGts>
