<?xml version="1.0" encoding="UTF-8" standalone="yes"?>
<PcGts xmlns="http://schema.primaresearch.org/PAGE/gts/pagecontent/2013-07-15">
    <Metadata>
        <Creator>Transkribus</Creator>
        <Created>2025-12-12T12:51:51.596693</Created>
        <LastChange>2025-12-12T12:52:23.322+01:00</LastChange>
    </Metadata>
    <Page imageFilename="106777009_286_p108.jpg" imageWidth="3508" imageHeight="2479">
        <TextRegion id="tr_1765540333">
            <Coords points="363,438 2655,438 2655,759 363,759"/>
        </TextRegion>
        <TextRegion id="tr_1765540334">
            <Coords points="1065,756 1434,756 1434,1612 1065,1612"/>
        </TextRegion>
        <TextRegion id="tr_1765540330">
            <Coords points="1758,787 2169,787 2169,1590 1758,1590"/>
        </TextRegion>
        <TextRegion id="tr_1765540331">
            <Coords points="2157,781 2625,781 2625,1604 2157,1604"/>
        </TextRegion>
        <TextRegion id="tr_1765540332">
            <Coords points="338,1587 2617,1587 2617,1793 338,1793"/>
        </TextRegion>
    </Page>
</PcGts>
