<?xml version="1.0" encoding="UTF-8" standalone="yes"?>
<PcGts xmlns="http://schema.primaresearch.org/PAGE/gts/pagecontent/2013-07-15">
    <Metadata>
        <Creator>Transkribus</Creator>
        <Created>2025-09-23T14:48:49.195+02:00</Created>
        <LastChange>2025-12-12T12:52:35.040+01:00</LastChange>
    </Metadata>
    <Page imageFilename="p109.jpg" imageWidth="3508" imageHeight="2479">
        <ImageRegion id="r" custom="readingOrder {index:0;}">
            <Coords points="426,1067 1154,1067 1154,2062 426,2062"/>
        </ImageRegion>
    </Page>
</PcGts>
