<?xml version="1.0" encoding="UTF-8" standalone="yes"?>
<PcGts xmlns="http://schema.primaresearch.org/PAGE/gts/pagecontent/2013-07-15">
    <Metadata>
        <Creator>Transkribus</Creator>
        <Created>2025-12-12T12:51:51.596693</Created>
        <LastChange>2025-12-12T12:52:23.468+01:00</LastChange>
    </Metadata>
    <Page imageFilename="106777002_288_p110.jpg" imageWidth="3508" imageHeight="2479">
        <TextRegion id="tr_1765540336">
            <Coords points="347,468 2627,468 2627,790 347,790"/>
        </TextRegion>
        <TextRegion id="tr_1765540341">
            <Coords points="322,766 1323,766 1323,1612 322,1612"/>
        </TextRegion>
        <TextRegion id="tr_1765540342">
            <Coords points="1141,799 1403,799 1403,1621 1141,1621"/>
        </TextRegion>
        <TextRegion id="tr_1765540340">
            <Coords points="1405,817 1790,817 1790,1632 1405,1632"/>
        </TextRegion>
        <TextRegion id="tr_1765540339">
            <Coords points="1753,795 2172,795 2172,1626 1753,1626"/>
        </TextRegion>
        <TextRegion id="tr_1765540337">
            <Coords points="2151,794 2612,794 2612,1633 2151,1633"/>
        </TextRegion>
        <TextRegion id="tr_1765540338">
            <Coords points="341,1603 2602,1603 2602,1808 341,1808"/>
        </TextRegion>
    </Page>
</PcGts>
