<?xml version="1.0" encoding="UTF-8" standalone="yes"?>
<PcGts xmlns="http://schema.primaresearch.org/PAGE/gts/pagecontent/2013-07-15">
    <Metadata>
        <Creator>Transkribus</Creator>
        <Created>2025-09-23T14:48:50.153+02:00</Created>
        <LastChange>2025-12-12T12:53:10.845+01:00</LastChange>
    </Metadata>
    <Page imageFilename="p111.jpg" imageWidth="3508" imageHeight="2479">
        <ImageRegion id="r" custom="readingOrder {index:0;}">
            <Coords points="329,409 1184,409 1184,1463 329,1463"/>
        </ImageRegion>
    </Page>
</PcGts>
