<?xml version="1.0" encoding="UTF-8" standalone="yes"?>
<PcGts xmlns="http://schema.primaresearch.org/PAGE/gts/pagecontent/2013-07-15">
    <Metadata>
        <Creator>Transkribus</Creator>
        <Created>2025-12-12T12:51:51.596693</Created>
        <LastChange>2025-12-12T12:52:23.607+01:00</LastChange>
    </Metadata>
    <Page imageFilename="106777012_290_p112.jpg" imageWidth="3508" imageHeight="2479">
        <TextRegion id="tr_1765540331">
            <Coords points="396,489 2458,489 2458,840 396,840"/>
        </TextRegion>
        <TextRegion id="tr_1765540329">
            <Coords points="323,839 1052,839 1052,1647 323,1647"/>
        </TextRegion>
        <TextRegion id="tr_1765540333">
            <Coords points="1052,847 1340,847 1340,1636 1052,1636"/>
        </TextRegion>
        <TextRegion id="tr_1765540334">
            <Coords points="1336,850 1676,850 1676,1635 1336,1635"/>
        </TextRegion>
        <TextRegion id="tr_1765540330">
            <Coords points="1648,843 2055,843 2055,1634 1648,1634"/>
        </TextRegion>
        <TextRegion id="tr_1765540328">
            <Coords points="2019,854 2475,854 2475,1644 2019,1644"/>
        </TextRegion>
        <TextRegion id="tr_1765540332">
            <Coords points="350,1624 2433,1624 2433,1816 350,1816"/>
        </TextRegion>
    </Page>
</PcGts>
