<?xml version="1.0" encoding="UTF-8" standalone="yes"?>
<PcGts xmlns="http://schema.primaresearch.org/PAGE/gts/pagecontent/2013-07-15">
    <Metadata>
        <Creator>Transkribus</Creator>
        <Created>2025-09-23T14:48:50.347+02:00</Created>
        <LastChange>2025-12-12T12:58:41.245+01:00</LastChange>
    </Metadata>
    <Page imageFilename="p113.jpg" imageWidth="3508" imageHeight="2479">
        <ImageRegion id="r" custom="readingOrder {index:0;}">
            <Coords points="1879,372 2586,372 2586,1423 1879,1423"/>
        </ImageRegion>
    </Page>
</PcGts>
