<?xml version="1.0" encoding="UTF-8" standalone="yes"?>
<PcGts xmlns="http://schema.primaresearch.org/PAGE/gts/pagecontent/2013-07-15">
    <Metadata>
        <Creator>Transkribus</Creator>
        <Created>2025-12-12T12:51:51.596693</Created>
        <LastChange>2025-12-12T12:52:23.742+01:00</LastChange>
    </Metadata>
    <Page imageFilename="106777025_292_p114.jpg" imageWidth="3508" imageHeight="2479">
        <TextRegion id="tr_1765540335">
            <Coords points="273,438 2419,438 2419,759 273,759"/>
        </TextRegion>
        <TextRegion id="tr_1765540332">
            <Coords points="250,746 1002,746 1002,1577 250,1577"/>
        </TextRegion>
        <TextRegion id="tr_1765540337">
            <Coords points="990,756 1289,756 1289,1589 990,1589"/>
        </TextRegion>
        <TextRegion id="tr_1765540336">
            <Coords points="1264,772 1639,772 1639,1592 1264,1592"/>
        </TextRegion>
        <TextRegion id="tr_1765540331">
            <Coords points="1622,769 1990,769 1990,1580 1622,1580"/>
        </TextRegion>
        <TextRegion id="tr_1765540334">
            <Coords points="1969,774 2402,774 2402,1602 1969,1602"/>
        </TextRegion>
        <TextRegion id="tr_1765540333">
            <Coords points="281,1559 2385,1559 2385,1787 281,1787"/>
        </TextRegion>
    </Page>
</PcGts>
