<?xml version="1.0" encoding="UTF-8" standalone="yes"?>
<PcGts xmlns="http://schema.primaresearch.org/PAGE/gts/pagecontent/2013-07-15">
    <Metadata>
        <Creator>Transkribus</Creator>
        <Created>2025-12-12T12:51:51.596693</Created>
        <LastChange>2025-12-12T12:52:23.917+01:00</LastChange>
    </Metadata>
    <Page imageFilename="106777014_294_p116.jpg" imageWidth="3508" imageHeight="2479">
        <TextRegion id="tr_1765540319">
            <Coords points="269,480 2554,480 2554,773 269,773"/>
        </TextRegion>
        <TextRegion id="tr_1765540323">
            <Coords points="269,763 1053,763 1053,1603 269,1603"/>
        </TextRegion>
        <TextRegion id="tr_1765540325">
            <Coords points="1052,772 1354,772 1354,1611 1052,1611"/>
        </TextRegion>
        <TextRegion id="tr_1765540321">
            <Coords points="1352,769 1735,769 1735,1615 1352,1615"/>
        </TextRegion>
        <TextRegion id="tr_1765540320">
            <Coords points="1731,784 2115,784 2115,1602 1731,1602"/>
        </TextRegion>
        <TextRegion id="tr_1765540324">
            <Coords points="2108,793 2558,793 2558,1627 2108,1627"/>
        </TextRegion>
        <TextRegion id="tr_1765540322">
            <Coords points="329,1594 2535,1594 2535,1810 329,1810"/>
        </TextRegion>
    </Page>
</PcGts>
