<?xml version="1.0" encoding="UTF-8" standalone="yes"?>
<PcGts xmlns="http://schema.primaresearch.org/PAGE/gts/pagecontent/2013-07-15">
    <Metadata>
        <Creator>Transkribus</Creator>
        <Created>2025-09-23T14:48:51.690+02:00</Created>
        <LastChange>2025-12-12T12:59:28.716+01:00</LastChange>
    </Metadata>
    <Page imageFilename="p117.jpg" imageWidth="3508" imageHeight="2479">
        <ImageRegion id="r" custom="readingOrder {index:0;}">
            <Coords points="1628,583 2261,583 2261,1633 1628,1633"/>
        </ImageRegion>
    </Page>
</PcGts>
