<?xml version="1.0" encoding="UTF-8" standalone="yes"?>
<PcGts xmlns="http://schema.primaresearch.org/PAGE/gts/pagecontent/2013-07-15">
    <Metadata>
        <Creator>Transkribus</Creator>
        <Created>2025-12-12T12:51:51.596693</Created>
        <LastChange>2025-12-12T12:52:24.059+01:00</LastChange>
    </Metadata>
    <Page imageFilename="106777015_296_p118.jpg" imageWidth="3508" imageHeight="2479">
        <TextRegion id="tr_1765540320">
            <Coords points="322,457 2523,457 2523,775 322,775"/>
        </TextRegion>
        <TextRegion id="tr_1765540318">
            <Coords points="299,778 1121,778 1121,1581 299,1581"/>
        </TextRegion>
        <TextRegion id="tr_1765540323">
            <Coords points="1339,787 1735,787 1735,1611 1339,1611"/>
        </TextRegion>
        <TextRegion id="tr_1765540322">
            <Coords points="1715,793 2114,793 2114,1615 1715,1615"/>
        </TextRegion>
        <TextRegion id="tr_1765540321">
            <Coords points="2040,808 2521,808 2521,1648 2040,1648"/>
        </TextRegion>
        <TextRegion id="tr_1765540319">
            <Coords points="345,1559 2238,1559 2238,1778 345,1778"/>
        </TextRegion>
    </Page>
</PcGts>
