<?xml version="1.0" encoding="UTF-8" standalone="yes"?>
<PcGts xmlns="http://schema.primaresearch.org/PAGE/gts/pagecontent/2013-07-15">
    <Metadata>
        <Creator>Transkribus</Creator>
        <Created>2025-09-23T14:48:51.992+02:00</Created>
        <LastChange>2025-12-12T13:00:14.924+01:00</LastChange>
    </Metadata>
    <Page imageFilename="p119.jpg" imageWidth="3508" imageHeight="2479">
        <ImageRegion id="r" custom="readingOrder {index:0;}">
            <Coords points="1854,586 2582,586 2582,1593 1854,1593"/>
        </ImageRegion>
    </Page>
</PcGts>
