<?xml version="1.0" encoding="UTF-8" standalone="yes"?>
<PcGts xmlns="http://schema.primaresearch.org/PAGE/gts/pagecontent/2013-07-15">
    <Metadata>
        <Creator>Transkribus</Creator>
        <Created>2025-12-12T12:51:51.596693</Created>
        <LastChange>2025-12-12T12:52:24.190+01:00</LastChange>
    </Metadata>
    <Page imageFilename="106776981_298_p120.jpg" imageWidth="3508" imageHeight="2479">
        <TextRegion id="tr_1765540326">
            <Coords points="371,461 2462,461 2462,820 371,820"/>
        </TextRegion>
        <TextRegion id="tr_1765540325">
            <Coords points="358,839 1203,839 1203,1636 358,1636"/>
        </TextRegion>
        <TextRegion id="tr_1765540329">
            <Coords points="1367,826 1753,826 1753,1646 1367,1646"/>
        </TextRegion>
        <TextRegion id="tr_1765540328">
            <Coords points="1706,828 2099,828 2099,1676 1706,1676"/>
        </TextRegion>
        <TextRegion id="tr_1765540327">
            <Coords points="446,1608 2194,1608 2194,1783 446,1783"/>
        </TextRegion>
    </Page>
</PcGts>
