<?xml version="1.0" encoding="UTF-8" standalone="yes"?>
<PcGts xmlns="http://schema.primaresearch.org/PAGE/gts/pagecontent/2013-07-15">
    <Metadata>
        <Creator>Transkribus</Creator>
        <Created>2025-09-23T14:48:52.184+02:00</Created>
        <LastChange>2025-12-12T13:02:17.120+01:00</LastChange>
    </Metadata>
    <Page imageFilename="p121.jpg" imageWidth="3508" imageHeight="2479">
        <ImageRegion id="r" custom="readingOrder {index:0;}">
            <Coords points="1871,595 2598,595 2598,1595 1871,1595"/>
        </ImageRegion>
    </Page>
</PcGts>
