<?xml version="1.0" encoding="UTF-8" standalone="yes"?>
<PcGts xmlns="http://schema.primaresearch.org/PAGE/gts/pagecontent/2013-07-15">
    <Metadata>
        <Creator>Transkribus</Creator>
        <Created>2025-12-12T12:51:51.596693</Created>
        <LastChange>2025-12-12T12:52:24.351+01:00</LastChange>
    </Metadata>
    <Page imageFilename="106777018_300_p122.jpg" imageWidth="3508" imageHeight="2479">
        <TextRegion id="tr_1765540321">
            <Coords points="339,444 2551,444 2551,768 339,768"/>
        </TextRegion>
        <TextRegion id="tr_1765540322">
            <Coords points="353,741 1146,741 1146,1543 353,1543"/>
        </TextRegion>
        <TextRegion id="tr_1765540327">
            <Coords points="1142,753 1378,753 1378,1564 1142,1564"/>
        </TextRegion>
        <TextRegion id="tr_1765540323">
            <Coords points="1374,761 1766,761 1766,1585 1374,1585"/>
        </TextRegion>
        <TextRegion id="tr_1765540325">
            <Coords points="1732,776 2145,776 2145,1620 1732,1620"/>
        </TextRegion>
        <TextRegion id="tr_1765540328">
            <Coords points="1736,787 2133,787 2133,1224 1736,1224"/>
        </TextRegion>
        <TextRegion id="tr_1765540324">
            <Coords points="407,1525 2214,1525 2214,1761 407,1761"/>
        </TextRegion>
        <TextRegion id="tr_1765540326">
            <Coords points="2084,780 2541,780 2541,1689 2084,1689"/>
        </TextRegion>
    </Page>
</PcGts>
