<?xml version="1.0" encoding="UTF-8" standalone="yes"?>
<PcGts xmlns="http://schema.primaresearch.org/PAGE/gts/pagecontent/2013-07-15">
    <Metadata>
        <Creator>Transkribus</Creator>
        <Created>2025-09-23T14:48:52.581+02:00</Created>
        <LastChange>2025-12-12T13:03:05.138+01:00</LastChange>
    </Metadata>
    <Page imageFilename="p123.jpg" imageWidth="3508" imageHeight="2479">
        <ImageRegion id="r" custom="readingOrder {index:0;}">
            <Coords points="1780,655 2440,655 2440,1642 1780,1642"/>
        </ImageRegion>
    </Page>
</PcGts>
