<?xml version="1.0" encoding="UTF-8" standalone="yes"?>
<PcGts xmlns="http://schema.primaresearch.org/PAGE/gts/pagecontent/2013-07-15">
    <Metadata>
        <Creator>Transkribus</Creator>
        <Created>2025-12-12T12:51:51.596693</Created>
        <LastChange>2025-12-12T12:52:24.483+01:00</LastChange>
    </Metadata>
    <Page imageFilename="106777028_302_p124.jpg" imageWidth="3508" imageHeight="2479">
        <TextRegion id="tr_1765540339">
            <Coords points="391,462 2612,462 2612,775 391,775"/>
        </TextRegion>
        <TextRegion id="tr_1765540338">
            <Coords points="402,781 1214,781 1214,1603 402,1603"/>
        </TextRegion>
        <TextRegion id="tr_1765540341">
            <Coords points="1206,771 1447,771 1447,1583 1206,1583"/>
        </TextRegion>
        <TextRegion id="tr_1765540342">
            <Coords points="1439,773 1816,773 1816,1591 1439,1591"/>
        </TextRegion>
        <TextRegion id="tr_1765540343">
            <Coords points="1795,774 2198,774 2198,1589 1795,1589"/>
        </TextRegion>
        <TextRegion id="tr_1765540340">
            <Coords points="421,1560 2321,1560 2321,1769 421,1769"/>
        </TextRegion>
        <TextRegion id="tr_1765540344">
            <Coords points="2166,772 2620,772 2620,1712 2166,1712"/>
        </TextRegion>
    </Page>
</PcGts>
