<?xml version="1.0" encoding="UTF-8" standalone="yes"?>
<PcGts xmlns="http://schema.primaresearch.org/PAGE/gts/pagecontent/2013-07-15">
    <Metadata>
        <Creator>Transkribus</Creator>
        <Created>2025-09-23T14:48:53.035+02:00</Created>
        <LastChange>2025-12-12T13:03:32.431+01:00</LastChange>
    </Metadata>
    <Page imageFilename="p125.jpg" imageWidth="3508" imageHeight="2479">
        <ImageRegion id="r" custom="readingOrder {index:0;}">
            <Coords points="1699,589 2390,589 2390,1573 1699,1573"/>
        </ImageRegion>
    </Page>
</PcGts>
