<?xml version="1.0" encoding="UTF-8" standalone="yes"?>
<PcGts xmlns="http://schema.primaresearch.org/PAGE/gts/pagecontent/2013-07-15">
    <Metadata>
        <Creator>Transkribus</Creator>
        <Created>2025-12-12T12:51:51.596693</Created>
        <LastChange>2025-12-12T12:52:24.621+01:00</LastChange>
    </Metadata>
    <Page imageFilename="106777030_304_p126.jpg" imageWidth="3508" imageHeight="2479">
        <TextRegion id="tr_1765540318">
            <Coords points="372,465 2631,465 2631,787 372,787"/>
        </TextRegion>
        <TextRegion id="tr_1765540317">
            <Coords points="367,779 1206,779 1206,1624 367,1624"/>
        </TextRegion>
        <TextRegion id="tr_1765540319">
            <Coords points="1800,793 2209,793 2209,1225 1800,1225"/>
        </TextRegion>
        <TextRegion id="tr_1765540320">
            <Coords points="2186,797 2636,797 2636,1272 2186,1272"/>
        </TextRegion>
        <TextRegion id="tr_1765540321">
            <Coords points="478,1596 2071,1596 2071,1803 478,1803"/>
        </TextRegion>
    </Page>
</PcGts>
