<?xml version="1.0" encoding="UTF-8" standalone="yes"?>
<PcGts xmlns="http://schema.primaresearch.org/PAGE/gts/pagecontent/2013-07-15">
    <Metadata>
        <Creator>Transkribus</Creator>
        <Created>2025-09-23T14:48:53.713+02:00</Created>
        <LastChange>2025-12-12T13:03:58.973+01:00</LastChange>
    </Metadata>
    <Page imageFilename="p127.jpg" imageWidth="3508" imageHeight="2479">
        <ImageRegion id="r" custom="readingOrder {index:0;}">
            <Coords points="1923,618 2637,618 2637,1619 1923,1619"/>
        </ImageRegion>
    </Page>
</PcGts>
