<?xml version="1.0" encoding="UTF-8" standalone="yes"?>
<PcGts xmlns="http://schema.primaresearch.org/PAGE/gts/pagecontent/2013-07-15">
    <Metadata>
        <Creator>Transkribus</Creator>
        <Created>2025-12-12T12:51:51.596693</Created>
        <LastChange>2025-12-12T12:52:24.764+01:00</LastChange>
    </Metadata>
    <Page imageFilename="106777031_306_p128.jpg" imageWidth="3508" imageHeight="2479">
        <TextRegion id="tr_1765540340">
            <Coords points="361,447 2362,447 2362,775 361,775"/>
        </TextRegion>
        <TextRegion id="tr_1765540342">
            <Coords points="332,769 1116,769 1116,1646 332,1646"/>
        </TextRegion>
        <TextRegion id="tr_1765540345">
            <Coords points="1293,770 1640,770 1640,1651 1293,1651"/>
        </TextRegion>
        <TextRegion id="tr_1765540341">
            <Coords points="1615,768 1972,768 1972,1592 1615,1592"/>
        </TextRegion>
        <TextRegion id="tr_1765540344">
            <Coords points="1937,803 2377,803 2377,1318 1937,1318"/>
        </TextRegion>
        <TextRegion id="tr_1765540343">
            <Coords points="361,1622 1753,1622 1753,1827 361,1827"/>
        </TextRegion>
    </Page>
</PcGts>
