<?xml version="1.0" encoding="UTF-8" standalone="yes"?>
<PcGts xmlns="http://schema.primaresearch.org/PAGE/gts/pagecontent/2013-07-15">
    <Metadata>
        <Creator>Transkribus</Creator>
        <Created>2025-09-23T14:48:55.193+02:00</Created>
        <LastChange>2025-12-12T13:04:31.117+01:00</LastChange>
    </Metadata>
    <Page imageFilename="p129.jpg" imageWidth="3508" imageHeight="2479">
        <ImageRegion id="r" custom="readingOrder {index:0;}">
            <Coords points="1036,402 1790,402 1790,1376 1036,1376"/>
        </ImageRegion>
    </Page>
</PcGts>
