<?xml version="1.0" encoding="UTF-8" standalone="yes"?>
<PcGts xmlns="http://schema.primaresearch.org/PAGE/gts/pagecontent/2013-07-15">
    <Metadata>
        <Creator>Transkribus</Creator>
        <Created>2025-12-12T12:51:51.596693</Created>
        <LastChange>2025-12-12T12:52:24.892+01:00</LastChange>
    </Metadata>
    <Page imageFilename="106777032_308_p130.jpg" imageWidth="3508" imageHeight="2479">
        <TextRegion id="tr_1765540322">
            <Coords points="353,490 2612,490 2612,786 353,786"/>
        </TextRegion>
        <TextRegion id="tr_1765540323">
            <Coords points="348,788 1140,788 1140,1629 348,1629"/>
        </TextRegion>
        <TextRegion id="tr_1765540327">
            <Coords points="1422,799 1799,799 1799,1619 1422,1619"/>
        </TextRegion>
        <TextRegion id="tr_1765540324">
            <Coords points="1783,800 2176,800 2176,1620 1783,1620"/>
        </TextRegion>
        <TextRegion id="tr_1765540325">
            <Coords points="2166,798 2628,798 2628,1620 2166,1620"/>
        </TextRegion>
        <TextRegion id="tr_1765540326">
            <Coords points="393,1581 2599,1581 2599,1808 393,1808"/>
        </TextRegion>
    </Page>
</PcGts>
