<?xml version="1.0" encoding="UTF-8" standalone="yes"?>
<PcGts xmlns="http://schema.primaresearch.org/PAGE/gts/pagecontent/2013-07-15">
    <Metadata>
        <Creator>Transkribus</Creator>
        <Created>2025-09-23T14:48:55.638+02:00</Created>
        <LastChange>2025-12-12T13:04:48.974+01:00</LastChange>
    </Metadata>
    <Page imageFilename="p131.jpg" imageWidth="3508" imageHeight="2479">
        <ImageRegion id="r" custom="readingOrder {index:0;}">
            <Coords points="1065,402 1735,402 1735,1200 1065,1200"/>
        </ImageRegion>
    </Page>
</PcGts>
