<?xml version="1.0" encoding="UTF-8" standalone="yes"?>
<PcGts xmlns="http://schema.primaresearch.org/PAGE/gts/pagecontent/2013-07-15">
    <Metadata>
        <Creator>Transkribus</Creator>
        <Created>2025-12-12T12:51:51.596693</Created>
        <LastChange>2025-12-12T12:52:25.023+01:00</LastChange>
    </Metadata>
    <Page imageFilename="106777033_310_p132.jpg" imageWidth="3508" imageHeight="2479">
        <TextRegion id="tr_1765540334">
            <Coords points="353,476 2599,476 2599,773 353,773"/>
        </TextRegion>
        <TextRegion id="tr_1765540333">
            <Coords points="373,794 1135,794 1135,1594 373,1594"/>
        </TextRegion>
        <TextRegion id="tr_1765540336">
            <Coords points="1133,782 1421,782 1421,1599 1133,1599"/>
        </TextRegion>
        <TextRegion id="tr_1765540339">
            <Coords points="1423,775 1802,775 1802,1599 1423,1599"/>
        </TextRegion>
        <TextRegion id="tr_1765540337">
            <Coords points="1794,781 2190,781 2190,1581 1794,1581"/>
        </TextRegion>
        <TextRegion id="tr_1765540338">
            <Coords points="2176,788 2616,788 2616,1591 2176,1591"/>
        </TextRegion>
        <TextRegion id="tr_1765540335">
            <Coords points="364,1569 2628,1569 2628,1786 364,1786"/>
        </TextRegion>
    </Page>
</PcGts>
