<?xml version="1.0" encoding="UTF-8" standalone="yes"?>
<PcGts xmlns="http://schema.primaresearch.org/PAGE/gts/pagecontent/2013-07-15">
    <Metadata>
        <Creator>Transkribus</Creator>
        <Created>2025-09-23T14:48:56.528+02:00</Created>
        <LastChange>2025-12-12T13:05:10.250+01:00</LastChange>
    </Metadata>
    <Page imageFilename="p133.jpg" imageWidth="3508" imageHeight="2479">
        <ImageRegion id="r" custom="readingOrder {index:0;}">
            <Coords points="1112,393 1864,393 1864,1341 1112,1341"/>
        </ImageRegion>
    </Page>
</PcGts>
