<?xml version="1.0" encoding="UTF-8" standalone="yes"?>
<PcGts xmlns="http://schema.primaresearch.org/PAGE/gts/pagecontent/2013-07-15">
    <Metadata>
        <Creator>Transkribus</Creator>
        <Created>2025-12-12T12:51:51.596693</Created>
        <LastChange>2025-12-12T12:52:25.158+01:00</LastChange>
    </Metadata>
    <Page imageFilename="106777034_312_p134.jpg" imageWidth="3508" imageHeight="2479">
        <TextRegion id="tr_1765540330">
            <Coords points="368,507 2509,507 2509,839 368,839"/>
        </TextRegion>
        <TextRegion id="tr_1765540328">
            <Coords points="380,866 1115,866 1115,1640 380,1640"/>
        </TextRegion>
        <TextRegion id="tr_1765540329">
            <Coords points="1106,843 1386,843 1386,1640 1106,1640"/>
        </TextRegion>
        <TextRegion id="tr_1765540331">
            <Coords points="1380,834 1736,834 1736,1651 1380,1651"/>
        </TextRegion>
        <TextRegion id="tr_1765540326">
            <Coords points="1735,843 2100,843 2100,1644 1735,1644"/>
        </TextRegion>
        <TextRegion id="tr_1765540327">
            <Coords points="2086,846 2526,846 2526,1649 2086,1649"/>
        </TextRegion>
        <TextRegion id="tr_1765540332">
            <Coords points="383,1616 2493,1616 2493,1836 383,1836"/>
        </TextRegion>
    </Page>
</PcGts>
