<?xml version="1.0" encoding="UTF-8" standalone="yes"?>
<PcGts xmlns="http://schema.primaresearch.org/PAGE/gts/pagecontent/2013-07-15">
    <Metadata>
        <Creator>Transkribus</Creator>
        <Created>2025-09-23T14:48:56.995+02:00</Created>
        <LastChange>2025-12-12T13:05:30.549+01:00</LastChange>
    </Metadata>
    <Page imageFilename="p135.jpg" imageWidth="3508" imageHeight="2479">
        <ImageRegion id="r" custom="readingOrder {index:0;}">
            <Coords points="1135,396 1986,396 1986,1504 1135,1504"/>
        </ImageRegion>
    </Page>
</PcGts>
