<?xml version="1.0" encoding="UTF-8" standalone="yes"?>
<PcGts xmlns="http://schema.primaresearch.org/PAGE/gts/pagecontent/2013-07-15">
    <Metadata>
        <Creator>Transkribus</Creator>
        <Created>2025-12-12T12:51:51.596693</Created>
        <LastChange>2025-12-12T12:52:25.298+01:00</LastChange>
    </Metadata>
    <Page imageFilename="106777035_314_p136.jpg" imageWidth="3508" imageHeight="2479">
        <TextRegion id="tr_1765540337">
            <Coords points="325,464 2408,464 2408,731 325,731"/>
        </TextRegion>
        <TextRegion id="tr_1765540335">
            <Coords points="333,731 1042,731 1042,1570 333,1570"/>
        </TextRegion>
        <TextRegion id="tr_1765540340">
            <Coords points="1039,740 1312,740 1312,1563 1039,1563"/>
        </TextRegion>
        <TextRegion id="tr_1765540339">
            <Coords points="1301,736 1635,736 1635,1563 1301,1563"/>
        </TextRegion>
        <TextRegion id="tr_1765540336">
            <Coords points="1636,739 2024,739 2024,1563 1636,1563"/>
        </TextRegion>
        <TextRegion id="tr_1765540338">
            <Coords points="1987,736 2413,736 2413,1569 1987,1569"/>
        </TextRegion>
        <TextRegion id="tr_1765540334">
            <Coords points="355,1538 2386,1538 2386,1781 355,1781"/>
        </TextRegion>
    </Page>
</PcGts>
