<?xml version="1.0" encoding="UTF-8" standalone="yes"?>
<PcGts xmlns="http://schema.primaresearch.org/PAGE/gts/pagecontent/2013-07-15">
    <Metadata>
        <Creator>Transkribus</Creator>
        <Created>2025-12-12T12:51:51.596693</Created>
        <LastChange>2025-12-12T12:52:25.447+01:00</LastChange>
    </Metadata>
    <Page imageFilename="106777036_315_p137.jpg" imageWidth="3508" imageHeight="2479">
        <TextRegion id="tr_1765540325">
            <Coords points="361,480 2561,480 2561,803 361,803"/>
        </TextRegion>
        <TextRegion id="tr_1765540327">
            <Coords points="355,810 1446,810 1446,1646 355,1646"/>
        </TextRegion>
        <TextRegion id="tr_1765540330">
            <Coords points="1436,819 1790,819 1790,1380 1436,1380"/>
        </TextRegion>
        <TextRegion id="tr_1765540329">
            <Coords points="1377,1329 1795,1329 1795,1613 1377,1613"/>
        </TextRegion>
        <TextRegion id="tr_1765540328">
            <Coords points="1744,811 2141,811 2141,1620 1744,1620"/>
        </TextRegion>
        <TextRegion id="tr_1765540326">
            <Coords points="2120,803 2584,803 2584,1632 2120,1632"/>
        </TextRegion>
        <TextRegion id="tr_1765540324">
            <Coords points="439,1624 2559,1624 2559,1818 439,1818"/>
        </TextRegion>
    </Page>
</PcGts>
