<?xml version="1.0" encoding="UTF-8" standalone="yes"?>
<PcGts xmlns="http://schema.primaresearch.org/PAGE/gts/pagecontent/2013-07-15">
    <Metadata>
        <Creator>Transkribus</Creator>
        <Created>2025-09-23T14:48:58.079+02:00</Created>
        <LastChange>2025-12-12T13:05:51.381+01:00</LastChange>
    </Metadata>
    <Page imageFilename="p138.jpg" imageWidth="3508" imageHeight="2479">
        <ImageRegion id="r" custom="readingOrder {index:0;}">
            <Coords points="284,613 1027,613 1027,1762 284,1762"/>
        </ImageRegion>
    </Page>
</PcGts>
