<?xml version="1.0" encoding="UTF-8" standalone="yes"?>
<PcGts xmlns="http://schema.primaresearch.org/PAGE/gts/pagecontent/2013-07-15">
    <Metadata>
        <Creator>Transkribus</Creator>
        <Created>2025-12-12T12:51:51.596693</Created>
        <LastChange>2025-12-12T12:52:25.581+01:00</LastChange>
    </Metadata>
    <Page imageFilename="106777037_317_p139.jpg" imageWidth="3508" imageHeight="2479">
        <TextRegion id="tr_1765540322">
            <Coords points="216,398 2205,398 2205,747 216,747"/>
        </TextRegion>
        <TextRegion id="tr_1765540324">
            <Coords points="280,775 977,775 977,1679 280,1679"/>
        </TextRegion>
        <TextRegion id="tr_1765540320">
            <Coords points="1479,758 1831,758 1831,1662 1479,1662"/>
        </TextRegion>
        <TextRegion id="tr_1765540321">
            <Coords points="1805,762 2200,762 2200,1687 1805,1687"/>
        </TextRegion>
        <TextRegion id="tr_1765540323">
            <Coords points="290,1637 2198,1637 2198,1840 290,1840"/>
        </TextRegion>
    </Page>
</PcGts>
