<?xml version="1.0" encoding="UTF-8" standalone="yes"?>
<PcGts xmlns="http://schema.primaresearch.org/PAGE/gts/pagecontent/2013-07-15">
    <Metadata>
        <Creator>Transkribus</Creator>
        <Created>2025-09-23T14:48:58.784+02:00</Created>
        <LastChange>2025-12-12T13:07:14.738+01:00</LastChange>
    </Metadata>
    <Page imageFilename="p140.jpg" imageWidth="3508" imageHeight="2479">
        <ImageRegion id="r" custom="readingOrder {index:0;}">
            <Coords points="399,685 1207,685 1207,1828 399,1828"/>
        </ImageRegion>
    </Page>
</PcGts>
