<?xml version="1.0" encoding="UTF-8" standalone="yes"?>
<PcGts xmlns="http://schema.primaresearch.org/PAGE/gts/pagecontent/2013-07-15">
    <Metadata>
        <Creator>Transkribus</Creator>
        <Created>2025-12-12T12:51:51.596693</Created>
        <LastChange>2025-12-12T12:52:25.710+01:00</LastChange>
    </Metadata>
    <Page imageFilename="106777038_319_p141.jpg" imageWidth="3508" imageHeight="2479">
        <TextRegion id="tr_1765540335">
            <Coords points="216,451 2490,451 2490,778 216,778"/>
        </TextRegion>
        <TextRegion id="tr_1765540333">
            <Coords points="364,797 1070,797 1070,1625 364,1625"/>
        </TextRegion>
        <TextRegion id="tr_1765540334">
            <Coords points="1655,784 2041,784 2041,1589 1655,1589"/>
        </TextRegion>
        <TextRegion id="tr_1765540332">
            <Coords points="2027,780 2484,780 2484,1604 2027,1604"/>
        </TextRegion>
        <TextRegion id="tr_1765540336">
            <Coords points="321,1576 2479,1576 2479,1783 321,1783"/>
        </TextRegion>
    </Page>
</PcGts>
