<?xml version="1.0" encoding="UTF-8" standalone="yes"?>
<PcGts xmlns="http://schema.primaresearch.org/PAGE/gts/pagecontent/2013-07-15">
    <Metadata>
        <Creator>Transkribus</Creator>
        <Created>2025-09-23T14:48:59.434+02:00</Created>
        <LastChange>2025-11-13T13:04:41.843+01:00</LastChange>
    </Metadata>
    <Page imageFilename="p142.jpg" imageWidth="3508" imageHeight="2479">
        <ImageRegion id="r" custom="readingOrder {index:0;}">
            <Coords points="751,297 2222,297 2222,2244 751,2244"/>
        </ImageRegion>
    </Page>
</PcGts>
