<?xml version="1.0" encoding="UTF-8" standalone="yes"?>
<PcGts xmlns="http://schema.primaresearch.org/PAGE/gts/pagecontent/2013-07-15">
    <Metadata>
        <Creator>Transkribus</Creator>
        <Created>2025-12-12T12:51:51.596693</Created>
        <LastChange>2025-12-12T12:52:25.849+01:00</LastChange>
    </Metadata>
    <Page imageFilename="106777039_321_p143.jpg" imageWidth="3508" imageHeight="2479">
        <TextRegion id="tr_1765540339">
            <Coords points="370,444 2577,444 2577,794 370,794"/>
        </TextRegion>
        <TextRegion id="tr_1765540338">
            <Coords points="455,784 1177,784 1177,1629 455,1629"/>
        </TextRegion>
        <TextRegion id="tr_1765540340">
            <Coords points="1746,808 2148,808 2148,1618 1746,1618"/>
        </TextRegion>
        <TextRegion id="tr_1765540337">
            <Coords points="2124,799 2587,799 2587,1607 2124,1607"/>
        </TextRegion>
        <TextRegion id="tr_1765540336">
            <Coords points="411,1582 2554,1582 2554,1812 411,1812"/>
        </TextRegion>
    </Page>
</PcGts>
