<?xml version="1.0" encoding="UTF-8" standalone="yes"?>
<PcGts xmlns="http://schema.primaresearch.org/PAGE/gts/pagecontent/2013-07-15">
    <Metadata>
        <Creator>Transkribus</Creator>
        <Created>2025-09-23T14:49:00.058+02:00</Created>
        <LastChange>2025-12-12T13:08:16.204+01:00</LastChange>
    </Metadata>
    <Page imageFilename="p144.jpg" imageWidth="3508" imageHeight="2479">
        <ImageRegion id="r" custom="readingOrder {index:0;}">
            <Coords points="704,310 2138,310 2138,2234 704,2234"/>
        </ImageRegion>
    </Page>
</PcGts>
