<?xml version="1.0" encoding="UTF-8" standalone="yes"?>
<PcGts xmlns="http://schema.primaresearch.org/PAGE/gts/pagecontent/2013-07-15">
    <Metadata>
        <Creator>Transkribus</Creator>
        <Created>2025-12-12T12:51:51.596693</Created>
        <LastChange>2025-12-12T12:52:25.974+01:00</LastChange>
    </Metadata>
    <Page imageFilename="106777040_323_p145.jpg" imageWidth="3508" imageHeight="2479">
        <TextRegion id="tr_1765540341">
            <Coords points="255,447 2418,447 2418,779 255,779"/>
        </TextRegion>
        <TextRegion id="tr_1765540340">
            <Coords points="415,790 1118,790 1118,1628 415,1628"/>
        </TextRegion>
        <TextRegion id="tr_1765540344">
            <Coords points="1088,801 1321,801 1321,1600 1088,1600"/>
        </TextRegion>
        <TextRegion id="tr_1765540343">
            <Coords points="1317,777 1662,777 1662,1603 1317,1603"/>
        </TextRegion>
        <TextRegion id="tr_1765540338">
            <Coords points="1653,782 2026,782 2026,1581 1653,1581"/>
        </TextRegion>
        <TextRegion id="tr_1765540342">
            <Coords points="2008,780 2437,780 2437,1594 2008,1594"/>
        </TextRegion>
        <TextRegion id="tr_1765540339">
            <Coords points="402,1570 2441,1570 2441,1773 402,1773"/>
        </TextRegion>
    </Page>
</PcGts>
