<?xml version="1.0" encoding="UTF-8" standalone="yes"?>
<PcGts xmlns="http://schema.primaresearch.org/PAGE/gts/pagecontent/2013-07-15">
    <Metadata>
        <Creator>Transkribus</Creator>
        <Created>2025-12-12T12:51:51.596693</Created>
        <LastChange>2025-12-12T12:52:26.115+01:00</LastChange>
    </Metadata>
    <Page imageFilename="106777041_325_p147.jpg" imageWidth="3508" imageHeight="2479">
        <TextRegion id="tr_1765540328">
            <Coords points="350,420 2381,420 2381,722 350,722"/>
        </TextRegion>
        <TextRegion id="tr_1765540329">
            <Coords points="368,744 1063,744 1063,1546 368,1546"/>
        </TextRegion>
        <TextRegion id="tr_1765540330">
            <Coords points="1044,724 1315,724 1315,1557 1044,1557"/>
        </TextRegion>
        <TextRegion id="tr_1765540331">
            <Coords points="1308,731 1657,731 1657,1577 1308,1577"/>
        </TextRegion>
        <TextRegion id="tr_1765540327">
            <Coords points="1649,743 2019,743 2019,1423 1649,1423"/>
        </TextRegion>
        <TextRegion id="tr_1765540332">
            <Coords points="1980,750 2399,750 2399,1417 1980,1417"/>
        </TextRegion>
        <TextRegion id="tr_1765540333">
            <Coords points="390,1529 1772,1529 1772,1784 390,1784"/>
        </TextRegion>
    </Page>
</PcGts>
