<?xml version="1.0" encoding="UTF-8" standalone="yes"?>
<PcGts xmlns="http://schema.primaresearch.org/PAGE/gts/pagecontent/2013-07-15">
    <Metadata>
        <Creator>Transkribus</Creator>
        <Created>2025-09-23T14:49:01.420+02:00</Created>
        <LastChange>2025-12-12T13:08:49.357+01:00</LastChange>
    </Metadata>
    <Page imageFilename="p148.jpg" imageWidth="3508" imageHeight="2479">
        <ImageRegion id="r" custom="readingOrder {index:0;}">
            <Coords points="323,1108 1065,1108 1065,2111 323,2111"/>
        </ImageRegion>
    </Page>
</PcGts>
