<?xml version="1.0" encoding="UTF-8" standalone="yes"?>
<PcGts xmlns="http://schema.primaresearch.org/PAGE/gts/pagecontent/2013-07-15">
    <Metadata>
        <Creator>Transkribus</Creator>
        <Created>2025-09-23T14:49:01.952+02:00</Created>
        <LastChange>2025-12-12T13:08:08.655+01:00</LastChange>
    </Metadata>
    <Page imageFilename="p149.jpg" imageWidth="3508" imageHeight="2479">
        <ImageRegion id="r" custom="readingOrder {index:0;}">
            <Coords points="1465,584 2140,584 2140,1563 1465,1563"/>
        </ImageRegion>
    </Page>
</PcGts>
