<?xml version="1.0" encoding="UTF-8" standalone="yes"?>
<PcGts xmlns="http://schema.primaresearch.org/PAGE/gts/pagecontent/2013-07-15">
    <Metadata>
        <Creator>Transkribus</Creator>
        <Created>2025-12-12T12:46:55.977631</Created>
        <LastChange>2025-12-12T12:47:12.127+01:00</LastChange>
    </Metadata>
    <Page imageFilename="106777053_328_p150.jpg" imageWidth="3508" imageHeight="2479">
        <TextRegion id="tr_1765540031">
            <Coords points="339,457 2340,457 2340,801 339,801"/>
        </TextRegion>
        <TextRegion id="tr_1765540029">
            <Coords points="309,805 1017,805 1017,1687 309,1687"/>
        </TextRegion>
        <TextRegion id="tr_1765540030">
            <Coords points="1004,806 1281,806 1281,1708 1004,1708"/>
        </TextRegion>
        <TextRegion id="tr_1765540033">
            <Coords points="1273,809 1600,809 1600,1456 1273,1456"/>
        </TextRegion>
        <TextRegion id="tr_1765540032">
            <Coords points="1593,816 1969,816 1969,1447 1593,1447"/>
        </TextRegion>
        <TextRegion id="tr_1765540028">
            <Coords points="1947,810 2374,810 2374,1743 1947,1743"/>
        </TextRegion>
        <TextRegion id="tr_1765540034">
            <Coords points="366,1662 1341,1662 1341,1867 366,1867"/>
        </TextRegion>
    </Page>
</PcGts>
