<?xml version="1.0" encoding="UTF-8" standalone="yes"?>
<PcGts xmlns="http://schema.primaresearch.org/PAGE/gts/pagecontent/2013-07-15">
    <Metadata>
        <Creator>Transkribus</Creator>
        <Created>2025-09-23T14:49:02.471+02:00</Created>
        <LastChange>2025-12-12T13:07:39.945+01:00</LastChange>
    </Metadata>
    <Page imageFilename="p151.jpg" imageWidth="3508" imageHeight="2479">
        <ImageRegion id="r" custom="readingOrder {index:0;}">
            <Coords points="1794,487 2540,487 2540,1597 1794,1597"/>
        </ImageRegion>
    </Page>
</PcGts>
