<?xml version="1.0" encoding="UTF-8" standalone="yes"?>
<PcGts xmlns="http://schema.primaresearch.org/PAGE/gts/pagecontent/2013-07-15">
    <Metadata>
        <Creator>Transkribus</Creator>
        <Created>2025-12-12T12:46:55.977631</Created>
        <LastChange>2025-12-12T12:47:12.439+01:00</LastChange>
    </Metadata>
    <Page imageFilename="106777054_330_p152.jpg" imageWidth="3508" imageHeight="2479">
        <TextRegion id="tr_1765540032">
            <Coords points="286,454 2528,454 2528,766 286,766"/>
        </TextRegion>
        <TextRegion id="tr_1765540029">
            <Coords points="272,767 1041,767 1041,1575 272,1575"/>
        </TextRegion>
        <TextRegion id="tr_1765540031">
            <Coords points="1041,770 1324,770 1324,1581 1041,1581"/>
        </TextRegion>
        <TextRegion id="tr_1765540033">
            <Coords points="1318,771 1682,771 1682,1581 1318,1581"/>
        </TextRegion>
        <TextRegion id="tr_1765540028">
            <Coords points="1688,778 2084,778 2084,1570 1688,1570"/>
        </TextRegion>
        <TextRegion id="tr_1765540030">
            <Coords points="2060,783 2509,783 2509,1583 2060,1583"/>
        </TextRegion>
        <TextRegion id="tr_1765540027">
            <Coords points="329,1549 2478,1549 2478,1769 329,1769"/>
        </TextRegion>
    </Page>
</PcGts>
