<?xml version="1.0" encoding="UTF-8" standalone="yes"?>
<PcGts xmlns="http://schema.primaresearch.org/PAGE/gts/pagecontent/2013-07-15">
    <Metadata>
        <Creator>Transkribus</Creator>
        <Created>2025-09-23T14:49:03.249+02:00</Created>
        <LastChange>2025-12-12T13:06:42.012+01:00</LastChange>
    </Metadata>
    <Page imageFilename="p153.jpg" imageWidth="3508" imageHeight="2479">
        <ImageRegion id="r" custom="readingOrder {index:0;}">
            <Coords points="1711,520 2440,520 2440,1590 1711,1590"/>
        </ImageRegion>
    </Page>
</PcGts>
