<?xml version="1.0" encoding="UTF-8" standalone="yes"?>
<PcGts xmlns="http://schema.primaresearch.org/PAGE/gts/pagecontent/2013-07-15">
    <Metadata>
        <Creator>Transkribus</Creator>
        <Created>2025-12-12T12:46:55.977631</Created>
        <LastChange>2025-12-12T12:47:12.587+01:00</LastChange>
    </Metadata>
    <Page imageFilename="106777065_332_p154.jpg" imageWidth="3508" imageHeight="2479">
        <TextRegion id="tr_1765540028">
            <Coords points="310,466 2529,466 2529,794 310,794"/>
        </TextRegion>
        <TextRegion id="tr_1765540029">
            <Coords points="278,780 1077,780 1077,1611 278,1611"/>
        </TextRegion>
        <TextRegion id="tr_1765540026">
            <Coords points="1712,798 2118,798 2118,1615 1712,1615"/>
        </TextRegion>
        <TextRegion id="tr_1765540025">
            <Coords points="2096,811 2558,811 2558,1623 2096,1623"/>
        </TextRegion>
        <TextRegion id="tr_1765540027">
            <Coords points="285,1593 2512,1593 2512,1804 285,1804"/>
        </TextRegion>
    </Page>
</PcGts>
