<?xml version="1.0" encoding="UTF-8" standalone="yes"?>
<PcGts xmlns="http://schema.primaresearch.org/PAGE/gts/pagecontent/2013-07-15">
    <Metadata>
        <Creator>Transkribus</Creator>
        <Created>2025-09-23T14:49:07.381+02:00</Created>
        <LastChange>2025-12-12T13:06:17.372+01:00</LastChange>
    </Metadata>
    <Page imageFilename="p155.jpg" imageWidth="3508" imageHeight="2479">
        <ImageRegion id="r" custom="readingOrder {index:0;}">
            <Coords points="1806,438 2502,438 2502,1526 1806,1526"/>
        </ImageRegion>
    </Page>
</PcGts>
