<?xml version="1.0" encoding="UTF-8" standalone="yes"?>
<PcGts xmlns="http://schema.primaresearch.org/PAGE/gts/pagecontent/2013-07-15">
    <Metadata>
        <Creator>Transkribus</Creator>
        <Created>2025-12-12T12:46:55.977631</Created>
        <LastChange>2025-12-12T12:47:12.735+01:00</LastChange>
    </Metadata>
    <Page imageFilename="106777066_334_p156.jpg" imageWidth="3508" imageHeight="2479">
        <TextRegion id="tr_1765540023">
            <Coords points="318,462 2472,462 2472,789 318,789"/>
        </TextRegion>
        <TextRegion id="tr_1765540024">
            <Coords points="323,822 1069,822 1069,1599 323,1599"/>
        </TextRegion>
        <TextRegion id="tr_1765540028">
            <Coords points="1061,796 1342,796 1342,1590 1061,1590"/>
        </TextRegion>
        <TextRegion id="tr_1765540027">
            <Coords points="1333,792 1688,792 1688,1594 1333,1594"/>
        </TextRegion>
        <TextRegion id="tr_1765540026">
            <Coords points="1676,782 2065,782 2065,1571 1676,1571"/>
        </TextRegion>
        <TextRegion id="tr_1765540025">
            <Coords points="2048,782 2509,782 2509,1563 2048,1563"/>
        </TextRegion>
        <TextRegion id="tr_1765540022">
            <Coords points="330,1572 2502,1572 2502,1772 330,1772"/>
        </TextRegion>
    </Page>
</PcGts>
