<?xml version="1.0" encoding="UTF-8" standalone="yes"?>
<PcGts xmlns="http://schema.primaresearch.org/PAGE/gts/pagecontent/2013-07-15">
    <Metadata>
        <Creator>Transkribus</Creator>
        <Created>2025-09-23T14:49:10.547+02:00</Created>
        <LastChange>2025-12-12T13:05:30.544+01:00</LastChange>
    </Metadata>
    <Page imageFilename="p157.jpg" imageWidth="3508" imageHeight="2479">
        <ImageRegion id="r" custom="readingOrder {index:0;}">
            <Coords points="1820,505 2566,505 2566,1594 1820,1594"/>
        </ImageRegion>
    </Page>
</PcGts>
