<?xml version="1.0" encoding="UTF-8" standalone="yes"?>
<PcGts xmlns="http://schema.primaresearch.org/PAGE/gts/pagecontent/2013-07-15">
    <Metadata>
        <Creator>Transkribus</Creator>
        <Created>2025-12-12T12:46:55.977631</Created>
        <LastChange>2025-12-12T12:47:12.883+01:00</LastChange>
    </Metadata>
    <Page imageFilename="106777067_336_p158.jpg" imageWidth="3508" imageHeight="2479">
        <TextRegion id="tr_1765540026">
            <Coords points="338,502 2480,502 2480,800 338,800"/>
        </TextRegion>
        <TextRegion id="tr_1765540025">
            <Coords points="347,805 1051,805 1051,1641 347,1641"/>
        </TextRegion>
        <TextRegion id="tr_1765540030">
            <Coords points="1062,794 1335,794 1335,1653 1062,1653"/>
        </TextRegion>
        <TextRegion id="tr_1765540029">
            <Coords points="1332,809 1678,809 1678,1653 1332,1653"/>
        </TextRegion>
        <TextRegion id="tr_1765540027">
            <Coords points="1669,808 2064,808 2064,1650 1669,1650"/>
        </TextRegion>
        <TextRegion id="tr_1765540028">
            <Coords points="2037,822 2473,822 2473,1640 2037,1640"/>
        </TextRegion>
        <TextRegion id="tr_1765540024">
            <Coords points="366,1628 2417,1628 2417,1862 366,1862"/>
        </TextRegion>
    </Page>
</PcGts>
