<?xml version="1.0" encoding="UTF-8" standalone="yes"?>
<PcGts xmlns="http://schema.primaresearch.org/PAGE/gts/pagecontent/2013-07-15">
    <Metadata>
        <Creator>Transkribus</Creator>
        <Created>2025-09-23T14:49:11.525+02:00</Created>
        <LastChange>2025-12-12T13:05:07.182+01:00</LastChange>
    </Metadata>
    <Page imageFilename="p159.jpg" imageWidth="3508" imageHeight="2479">
        <ImageRegion id="r" custom="readingOrder {index:0;}">
            <Coords points="1160,535 1897,535 1897,1594 1160,1594"/>
        </ImageRegion>
    </Page>
</PcGts>
