<?xml version="1.0" encoding="UTF-8" standalone="yes"?>
<PcGts xmlns="http://schema.primaresearch.org/PAGE/gts/pagecontent/2013-07-15">
    <Metadata>
        <Creator>Transkribus</Creator>
        <Created>2025-12-12T12:46:55.977631</Created>
        <LastChange>2025-12-12T12:47:13.024+01:00</LastChange>
    </Metadata>
    <Page imageFilename="106777068_338_p160.jpg" imageWidth="3508" imageHeight="2479">
        <TextRegion id="tr_1765540028">
            <Coords points="265,459 2526,459 2526,793 265,793"/>
        </TextRegion>
        <TextRegion id="tr_1765540027">
            <Coords points="255,790 1057,790 1057,1592 255,1592"/>
        </TextRegion>
        <TextRegion id="tr_1765540026">
            <Coords points="1699,791 2091,791 2091,1594 1699,1594"/>
        </TextRegion>
        <TextRegion id="tr_1765540029">
            <Coords points="2068,800 2531,800 2531,1621 2068,1621"/>
        </TextRegion>
    </Page>
</PcGts>
