<?xml version="1.0" encoding="UTF-8" standalone="yes"?>
<PcGts xmlns="http://schema.primaresearch.org/PAGE/gts/pagecontent/2013-07-15">
    <Metadata>
        <Creator>Transkribus</Creator>
        <Created>2025-09-23T14:49:12.254+02:00</Created>
        <LastChange>2025-12-12T13:04:45.875+01:00</LastChange>
    </Metadata>
    <Page imageFilename="p161.jpg" imageWidth="3508" imageHeight="2479">
        <ImageRegion id="r" custom="readingOrder {index:0;}">
            <Coords points="1012,396 1726,396 1726,1680 1012,1680"/>
        </ImageRegion>
    </Page>
</PcGts>
