<?xml version="1.0" encoding="UTF-8" standalone="yes"?>
<PcGts xmlns="http://schema.primaresearch.org/PAGE/gts/pagecontent/2013-07-15">
    <Metadata>
        <Creator>Transkribus</Creator>
        <Created>2025-12-12T12:46:55.977631</Created>
        <LastChange>2025-12-12T12:47:13.188+01:00</LastChange>
    </Metadata>
    <Page imageFilename="106777069_340_p162.jpg" imageWidth="3508" imageHeight="2479">
        <TextRegion id="tr_1765540026">
            <Coords points="259,531 2578,531 2578,819 259,819"/>
        </TextRegion>
        <TextRegion id="tr_1765540024">
            <Coords points="303,821 1075,821 1075,1624 303,1624"/>
        </TextRegion>
        <TextRegion id="tr_1765540027">
            <Coords points="1364,838 2127,838 2127,1632 1364,1632"/>
        </TextRegion>
        <TextRegion id="tr_1765540025">
            <Coords points="2104,840 2566,840 2566,1639 2104,1639"/>
        </TextRegion>
        <TextRegion id="tr_1765540023">
            <Coords points="325,1611 2527,1611 2527,1836 325,1836"/>
        </TextRegion>
    </Page>
</PcGts>
