<?xml version="1.0" encoding="UTF-8" standalone="yes"?>
<PcGts xmlns="http://schema.primaresearch.org/PAGE/gts/pagecontent/2013-07-15">
    <Metadata>
        <Creator>Transkribus</Creator>
        <Created>2025-09-23T14:49:13.801+02:00</Created>
        <LastChange>2025-12-12T13:04:19.382+01:00</LastChange>
    </Metadata>
    <Page imageFilename="p163.jpg" imageWidth="3508" imageHeight="2479">
        <ImageRegion id="r" custom="readingOrder {index:0;}">
            <Coords points="1779,396 2547,396 2547,1639 1779,1639"/>
        </ImageRegion>
    </Page>
</PcGts>
