<?xml version="1.0" encoding="UTF-8" standalone="yes"?>
<PcGts xmlns="http://schema.primaresearch.org/PAGE/gts/pagecontent/2013-07-15">
    <Metadata>
        <Creator>Transkribus</Creator>
        <Created>2025-12-12T12:37:03.632821</Created>
        <LastChange>2025-12-12T12:37:10.821+01:00</LastChange>
    </Metadata>
    <Page imageFilename="106777070_342_p164.jpg" imageWidth="3508" imageHeight="2479">
        <TextRegion id="tr_1765539429">
            <Coords points="317,460 2374,460 2374,814 317,814"/>
        </TextRegion>
        <TextRegion id="tr_1765539431">
            <Coords points="328,862 1021,862 1021,1612 328,1612"/>
        </TextRegion>
        <TextRegion id="tr_1765539432">
            <Coords points="1406,843 1976,843 1976,1605 1406,1605"/>
        </TextRegion>
        <TextRegion id="tr_1765539430">
            <Coords points="1948,820 2377,820 2377,1605 1948,1605"/>
        </TextRegion>
        <TextRegion id="tr_1765539428">
            <Coords points="382,1594 2378,1594 2378,1789 382,1789"/>
        </TextRegion>
    </Page>
</PcGts>
