<?xml version="1.0" encoding="UTF-8" standalone="yes"?>
<PcGts xmlns="http://schema.primaresearch.org/PAGE/gts/pagecontent/2013-07-15">
    <Metadata>
        <Creator>Transkribus</Creator>
        <Created>2025-09-23T14:49:14.499+02:00</Created>
        <LastChange>2025-12-12T13:03:40.279+01:00</LastChange>
    </Metadata>
    <Page imageFilename="p165.jpg" imageWidth="3508" imageHeight="2479">
        <ImageRegion id="r" custom="readingOrder {index:0;}">
            <Coords points="311,411 1108,411 1108,1646 311,1646"/>
        </ImageRegion>
    </Page>
</PcGts>
