<?xml version="1.0" encoding="UTF-8" standalone="yes"?>
<PcGts xmlns="http://schema.primaresearch.org/PAGE/gts/pagecontent/2013-07-15">
    <Metadata>
        <Creator>Transkribus</Creator>
        <Created>2025-12-12T12:34:32.884679</Created>
        <LastChange>2025-12-12T12:34:52.102+01:00</LastChange>
    </Metadata>
    <Page imageFilename="106777061_344_p166.jpg" imageWidth="3508" imageHeight="2479">
        <TextRegion id="tr_1765539278">
            <Coords points="329,463 2439,463 2439,772 329,772"/>
        </TextRegion>
        <TextRegion id="tr_1765539281">
            <Coords points="326,795 1050,795 1050,1592 326,1592"/>
        </TextRegion>
        <TextRegion id="tr_1765539279">
            <Coords points="1346,788 2064,788 2064,1587 1346,1587"/>
        </TextRegion>
        <TextRegion id="tr_1765539280">
            <Coords points="2005,782 2450,782 2450,1589 2005,1589"/>
        </TextRegion>
        <TextRegion id="tr_1765539282">
            <Coords points="347,1569 2405,1569 2405,1786 347,1786"/>
        </TextRegion>
    </Page>
</PcGts>
