<?xml version="1.0" encoding="UTF-8" standalone="yes"?>
<PcGts xmlns="http://schema.primaresearch.org/PAGE/gts/pagecontent/2013-07-15">
    <Metadata>
        <Creator>Transkribus</Creator>
        <Created>2025-09-23T14:49:15.206+02:00</Created>
        <LastChange>2025-12-12T13:02:54.250+01:00</LastChange>
    </Metadata>
    <Page imageFilename="p167.jpg" imageWidth="3508" imageHeight="2479">
        <ImageRegion id="r" custom="readingOrder {index:0;}">
            <Coords points="1119,411 1910,411 1910,1673 1119,1673"/>
        </ImageRegion>
    </Page>
</PcGts>
