<?xml version="1.0" encoding="UTF-8" standalone="yes"?>
<PcGts xmlns="http://schema.primaresearch.org/PAGE/gts/pagecontent/2013-07-15">
    <Metadata>
        <Creator>Transkribus</Creator>
        <Created>2025-12-12T12:34:32.884679</Created>
        <LastChange>2025-12-12T12:34:52.412+01:00</LastChange>
    </Metadata>
    <Page imageFilename="106777062_346_p168.jpg" imageWidth="3508" imageHeight="2479">
        <TextRegion id="tr_1765539288">
            <Coords points="298,513 2560,513 2560,810 298,810"/>
        </TextRegion>
        <TextRegion id="tr_1765539289">
            <Coords points="329,817 1102,817 1102,1593 329,1593"/>
        </TextRegion>
        <TextRegion id="tr_1765539290">
            <Coords points="1085,809 1378,809 1378,1624 1085,1624"/>
        </TextRegion>
        <TextRegion id="tr_1765539287">
            <Coords points="1365,834 2157,834 2157,1602 1365,1602"/>
        </TextRegion>
        <TextRegion id="tr_1765539285">
            <Coords points="2105,824 2565,824 2565,1602 2105,1602"/>
        </TextRegion>
        <TextRegion id="tr_1765539286">
            <Coords points="363,1589 2553,1589 2553,1807 363,1807"/>
        </TextRegion>
    </Page>
</PcGts>
