<?xml version="1.0" encoding="UTF-8" standalone="yes"?>
<PcGts xmlns="http://schema.primaresearch.org/PAGE/gts/pagecontent/2013-07-15">
    <Metadata>
        <Creator>Transkribus</Creator>
        <Created>2025-12-12T12:34:32.884679</Created>
        <LastChange>2025-12-12T12:34:52.559+01:00</LastChange>
    </Metadata>
    <Page imageFilename="106777072_347_p169.jpg" imageWidth="3508" imageHeight="2479">
        <TextRegion id="tr_1765539285">
            <Coords points="353,447 2459,447 2459,759 353,759"/>
        </TextRegion>
        <TextRegion id="tr_1765539286">
            <Coords points="337,775 1812,775 1812,1572 337,1572"/>
        </TextRegion>
        <TextRegion id="tr_1765539283">
            <Coords points="1689,769 2067,769 2067,1586 1689,1586"/>
        </TextRegion>
        <TextRegion id="tr_1765539282">
            <Coords points="2055,774 2490,774 2490,1588 2055,1588"/>
        </TextRegion>
        <TextRegion id="tr_1765539284">
            <Coords points="411,1582 2481,1582 2481,1791 411,1791"/>
        </TextRegion>
    </Page>
</PcGts>
