<?xml version="1.0" encoding="UTF-8" standalone="yes"?>
<PcGts xmlns="http://schema.primaresearch.org/PAGE/gts/pagecontent/2013-07-15">
    <Metadata>
        <Creator>Transkribus</Creator>
        <Created>2025-12-12T12:34:32.884679</Created>
        <LastChange>2025-12-12T12:34:52.700+01:00</LastChange>
    </Metadata>
    <Page imageFilename="106777063_348_p170.jpg" imageWidth="3508" imageHeight="2479">
        <TextRegion id="tr_1765539289">
            <Coords points="281,465 2491,465 2491,777 281,777"/>
        </TextRegion>
        <TextRegion id="tr_1765539290">
            <Coords points="281,783 1316,783 1316,1610 281,1610"/>
        </TextRegion>
        <TextRegion id="tr_1765539295">
            <Coords points="1083,783 1321,783 1321,1612 1083,1612"/>
        </TextRegion>
        <TextRegion id="tr_1765539294">
            <Coords points="1315,776 1691,776 1691,1592 1315,1592"/>
        </TextRegion>
        <TextRegion id="tr_1765539293">
            <Coords points="1683,779 2069,779 2069,1612 1683,1612"/>
        </TextRegion>
        <TextRegion id="tr_1765539291">
            <Coords points="2045,787 2492,787 2492,1590 2045,1590"/>
        </TextRegion>
        <TextRegion id="tr_1765539292">
            <Coords points="299,1579 2482,1579 2482,1768 299,1768"/>
        </TextRegion>
    </Page>
</PcGts>
