<?xml version="1.0" encoding="UTF-8" standalone="yes"?>
<PcGts xmlns="http://schema.primaresearch.org/PAGE/gts/pagecontent/2013-07-15">
    <Metadata>
        <Creator>Transkribus</Creator>
        <Created>2025-12-12T12:34:32.884679</Created>
        <LastChange>2025-12-12T12:34:52.856+01:00</LastChange>
    </Metadata>
    <Page imageFilename="106777073_349_p171.jpg" imageWidth="3508" imageHeight="2479">
        <TextRegion id="tr_1765539286">
            <Coords points="285,460 2472,460 2472,772 285,772"/>
        </TextRegion>
        <TextRegion id="tr_1765539288">
            <Coords points="264,778 1303,778 1303,1611 264,1611"/>
        </TextRegion>
        <TextRegion id="tr_1765539290">
            <Coords points="1069,786 1316,786 1316,1558 1069,1558"/>
        </TextRegion>
        <TextRegion id="tr_1765539289">
            <Coords points="1300,772 1679,772 1679,1596 1300,1596"/>
        </TextRegion>
        <TextRegion id="tr_1765539287">
            <Coords points="1648,776 2055,776 2055,1583 1648,1583"/>
        </TextRegion>
        <TextRegion id="tr_1765539285">
            <Coords points="2025,778 2464,778 2464,1585 2025,1585"/>
        </TextRegion>
        <TextRegion id="tr_1765539284">
            <Coords points="312,1566 2438,1566 2438,1760 312,1760"/>
        </TextRegion>
    </Page>
</PcGts>
