<?xml version="1.0" encoding="UTF-8" standalone="yes"?>
<PcGts xmlns="http://schema.primaresearch.org/PAGE/gts/pagecontent/2013-07-15">
    <Metadata>
        <Creator>Transkribus</Creator>
        <Created>2025-12-12T12:34:32.884679</Created>
        <LastChange>2025-12-12T12:34:52.995+01:00</LastChange>
    </Metadata>
    <Page imageFilename="106777064_350_p172.jpg" imageWidth="3508" imageHeight="2479">
        <TextRegion id="tr_1765539292">
            <Coords points="277,448 2378,448 2378,823 277,823"/>
        </TextRegion>
        <TextRegion id="tr_1765539290">
            <Coords points="250,812 1161,812 1161,1639 250,1639"/>
        </TextRegion>
        <TextRegion id="tr_1765539288">
            <Coords points="1589,847 1991,847 1991,1648 1589,1648"/>
        </TextRegion>
        <TextRegion id="tr_1765539291">
            <Coords points="1970,852 2398,852 2398,1663 1970,1663"/>
        </TextRegion>
        <TextRegion id="tr_1765539289">
            <Coords points="289,1619 2364,1619 2364,1834 289,1834"/>
        </TextRegion>
    </Page>
</PcGts>
