<?xml version="1.0" encoding="UTF-8" standalone="yes"?>
<PcGts xmlns="http://schema.primaresearch.org/PAGE/gts/pagecontent/2013-07-15">
    <Metadata>
        <Creator>Transkribus</Creator>
        <Created>2025-09-23T14:49:17.340+02:00</Created>
        <LastChange>2025-12-12T13:01:29.743+01:00</LastChange>
    </Metadata>
    <Page imageFilename="p173.jpg" imageWidth="3508" imageHeight="2479">
        <ImageRegion id="r" custom="readingOrder {index:0;}">
            <Coords points="401,411 1501,411 1501,1817 401,1817"/>
        </ImageRegion>
    </Page>
</PcGts>
