<?xml version="1.0" encoding="UTF-8" standalone="yes"?>
<PcGts xmlns="http://schema.primaresearch.org/PAGE/gts/pagecontent/2013-07-15">
    <Metadata>
        <Creator>Transkribus</Creator>
        <Created>2025-12-12T12:34:32.884679</Created>
        <LastChange>2025-12-12T12:34:53.143+01:00</LastChange>
    </Metadata>
    <Page imageFilename="106777085_352_p174.jpg" imageWidth="3508" imageHeight="2479">
        <TextRegion id="tr_1765539283">
            <Coords points="364,505 2605,505 2605,797 364,797"/>
        </TextRegion>
        <TextRegion id="tr_1765539280">
            <Coords points="367,809 1191,809 1191,1606 367,1606"/>
        </TextRegion>
        <TextRegion id="tr_1765539284">
            <Coords points="1171,815 1403,815 1403,1624 1171,1624"/>
        </TextRegion>
        <TextRegion id="tr_1765539282">
            <Coords points="1436,821 2170,821 2170,1600 1436,1600"/>
        </TextRegion>
        <TextRegion id="tr_1765539281">
            <Coords points="2118,800 2594,800 2594,1590 2118,1590"/>
        </TextRegion>
        <TextRegion id="tr_1765539279">
            <Coords points="391,1581 2584,1581 2584,1787 391,1787"/>
        </TextRegion>
    </Page>
</PcGts>
