<?xml version="1.0" encoding="UTF-8" standalone="yes"?>
<PcGts xmlns="http://schema.primaresearch.org/PAGE/gts/pagecontent/2013-07-15">
    <Metadata>
        <Creator>Transkribus</Creator>
        <Created>2025-09-23T14:49:17.974+02:00</Created>
        <LastChange>2025-12-12T13:01:04.980+01:00</LastChange>
    </Metadata>
    <Page imageFilename="p175.jpg" imageWidth="3508" imageHeight="2479">
        <ImageRegion id="r" custom="readingOrder {index:0;}">
            <Coords points="1451,404 2508,404 2508,1808 1451,1808"/>
        </ImageRegion>
    </Page>
</PcGts>
