<?xml version="1.0" encoding="UTF-8" standalone="yes"?>
<PcGts xmlns="http://schema.primaresearch.org/PAGE/gts/pagecontent/2013-07-15">
    <Metadata>
        <Creator>Transkribus</Creator>
        <Created>2025-12-12T12:34:32.884679</Created>
        <LastChange>2025-12-12T12:34:53.276+01:00</LastChange>
    </Metadata>
    <Page imageFilename="106777086_354_p176.jpg" imageWidth="3508" imageHeight="2479">
        <TextRegion id="tr_1765539287">
            <Coords points="354,508 2657,508 2657,826 354,826"/>
        </TextRegion>
        <TextRegion id="tr_1765539288">
            <Coords points="381,839 1234,839 1234,1652 381,1652"/>
        </TextRegion>
        <TextRegion id="tr_1765539290">
            <Coords points="1578,837 2199,837 2199,1647 1578,1647"/>
        </TextRegion>
        <TextRegion id="tr_1765539286">
            <Coords points="2171,837 2637,837 2637,1658 2171,1658"/>
        </TextRegion>
        <TextRegion id="tr_1765539289">
            <Coords points="413,1619 2610,1619 2610,1851 413,1851"/>
        </TextRegion>
    </Page>
</PcGts>
