<?xml version="1.0" encoding="UTF-8" standalone="yes"?>
<PcGts xmlns="http://schema.primaresearch.org/PAGE/gts/pagecontent/2013-07-15">
    <Metadata>
        <Creator>Transkribus</Creator>
        <Created>2025-09-23T14:49:18.714+02:00</Created>
        <LastChange>2025-12-12T13:00:34.427+01:00</LastChange>
    </Metadata>
    <Page imageFilename="p177.jpg" imageWidth="3508" imageHeight="2479">
        <ImageRegion id="r" custom="readingOrder {index:0;}">
            <Coords points="380,385 1904,385 1904,1699 380,1699"/>
        </ImageRegion>
    </Page>
</PcGts>
