<?xml version="1.0" encoding="UTF-8" standalone="yes"?>
<PcGts xmlns="http://schema.primaresearch.org/PAGE/gts/pagecontent/2013-07-15">
    <Metadata>
        <Creator>Transkribus</Creator>
        <Created>2025-12-12T12:34:32.884679</Created>
        <LastChange>2025-12-12T12:34:53.420+01:00</LastChange>
    </Metadata>
    <Page imageFilename="106777087_356_p178.jpg" imageWidth="3508" imageHeight="2479">
        <TextRegion id="tr_1765539287">
            <Coords points="336,546 2619,546 2619,858 336,858"/>
        </TextRegion>
        <TextRegion id="tr_1765539288">
            <Coords points="360,884 1228,884 1228,1691 360,1691"/>
        </TextRegion>
        <TextRegion id="tr_1765539292">
            <Coords points="1169,881 1422,881 1422,1679 1169,1679"/>
        </TextRegion>
        <TextRegion id="tr_1765539291">
            <Coords points="1444,872 2208,872 2208,1683 1444,1683"/>
        </TextRegion>
        <TextRegion id="tr_1765539290">
            <Coords points="2168,851 2617,851 2617,1682 2168,1682"/>
        </TextRegion>
        <TextRegion id="tr_1765539289">
            <Coords points="372,1661 2600,1661 2600,1870 372,1870"/>
        </TextRegion>
    </Page>
</PcGts>
