<?xml version="1.0" encoding="UTF-8" standalone="yes"?>
<PcGts xmlns="http://schema.primaresearch.org/PAGE/gts/pagecontent/2013-07-15">
    <Metadata>
        <Creator>Transkribus</Creator>
        <Created>2025-09-23T14:49:19.355+02:00</Created>
        <LastChange>2025-12-12T13:00:05.670+01:00</LastChange>
    </Metadata>
    <Page imageFilename="p179.jpg" imageWidth="3508" imageHeight="2479">
        <ImageRegion id="r" custom="readingOrder {index:0;}">
            <Coords points="324,426 1996,426 1996,1765 324,1765"/>
        </ImageRegion>
    </Page>
</PcGts>
