<?xml version="1.0" encoding="UTF-8" standalone="yes"?>
<PcGts xmlns="http://schema.primaresearch.org/PAGE/gts/pagecontent/2013-07-15">
    <Metadata>
        <Creator>Transkribus</Creator>
        <Created>2025-12-12T12:34:32.884679</Created>
        <LastChange>2025-12-12T12:34:53.552+01:00</LastChange>
    </Metadata>
    <Page imageFilename="106777088_358_p180.jpg" imageWidth="3508" imageHeight="2479">
        <TextRegion id="tr_1765539280">
            <Coords points="339,510 2444,510 2444,842 339,842"/>
        </TextRegion>
        <TextRegion id="tr_1765539278">
            <Coords points="317,860 1176,860 1176,1694 317,1694"/>
        </TextRegion>
        <TextRegion id="tr_1765539282">
            <Coords points="1086,854 1323,854 1323,1667 1086,1667"/>
        </TextRegion>
        <TextRegion id="tr_1765539277">
            <Coords points="1313,861 2057,861 2057,1646 1313,1646"/>
        </TextRegion>
        <TextRegion id="tr_1765539279">
            <Coords points="2020,843 2467,843 2467,1641 2020,1641"/>
        </TextRegion>
        <TextRegion id="tr_1765539281">
            <Coords points="338,1652 2443,1652 2443,1836 338,1836"/>
        </TextRegion>
    </Page>
</PcGts>
