<?xml version="1.0" encoding="UTF-8" standalone="yes"?>
<PcGts xmlns="http://schema.primaresearch.org/PAGE/gts/pagecontent/2013-07-15">
    <Metadata>
        <Creator>Transkribus</Creator>
        <Created>2025-09-23T14:49:20.007+02:00</Created>
        <LastChange>2025-12-12T12:58:50.829+01:00</LastChange>
    </Metadata>
    <Page imageFilename="p181.jpg" imageWidth="3508" imageHeight="2479">
        <ImageRegion id="r" custom="readingOrder {index:0;}">
            <Coords points="324,407 1037,407 1037,1429 324,1429"/>
        </ImageRegion>
    </Page>
</PcGts>
