<?xml version="1.0" encoding="UTF-8" standalone="yes"?>
<PcGts xmlns="http://schema.primaresearch.org/PAGE/gts/pagecontent/2013-07-15">
    <Metadata>
        <Creator>Transkribus</Creator>
        <Created>2025-12-12T12:34:32.884679</Created>
        <LastChange>2025-12-12T12:34:53.687+01:00</LastChange>
    </Metadata>
    <Page imageFilename="106777078_360_p182.jpg" imageWidth="3508" imageHeight="2479">
        <TextRegion id="tr_1765539287">
            <Coords points="358,462 2484,462 2484,764 358,764"/>
        </TextRegion>
        <TextRegion id="tr_1765539284">
            <Coords points="346,755 1141,755 1141,1555 346,1555"/>
        </TextRegion>
        <TextRegion id="tr_1765539286">
            <Coords points="1682,771 2101,771 2101,1551 1682,1551"/>
        </TextRegion>
        <TextRegion id="tr_1765539283">
            <Coords points="2061,774 2503,774 2503,1552 2061,1552"/>
        </TextRegion>
        <TextRegion id="tr_1765539285">
            <Coords points="364,1531 2447,1531 2447,1753 364,1753"/>
        </TextRegion>
    </Page>
</PcGts>
