<?xml version="1.0" encoding="UTF-8" standalone="yes"?>
<PcGts xmlns="http://schema.primaresearch.org/PAGE/gts/pagecontent/2013-07-15">
    <Metadata>
        <Creator>Transkribus</Creator>
        <Created>2025-12-12T12:34:32.884679</Created>
        <LastChange>2025-12-12T12:34:53.823+01:00</LastChange>
    </Metadata>
    <Page imageFilename="106777079_362_p184.jpg" imageWidth="3508" imageHeight="2479">
        <TextRegion id="tr_1765539285">
            <Coords points="312,452 2550,452 2550,792 312,792"/>
        </TextRegion>
        <TextRegion id="tr_1765539284">
            <Coords points="298,816 1099,816 1099,1642 298,1642"/>
        </TextRegion>
        <TextRegion id="tr_1765539281">
            <Coords points="1690,787 2124,787 2124,1597 1690,1597"/>
        </TextRegion>
        <TextRegion id="tr_1765539282">
            <Coords points="2093,773 2560,773 2560,1587 2093,1587"/>
        </TextRegion>
        <TextRegion id="tr_1765539283">
            <Coords points="322,1599 2534,1599 2534,1788 322,1788"/>
        </TextRegion>
    </Page>
</PcGts>
