<?xml version="1.0" encoding="UTF-8" standalone="yes"?>
<PcGts xmlns="http://schema.primaresearch.org/PAGE/gts/pagecontent/2013-07-15">
    <Metadata>
        <Creator>Transkribus</Creator>
        <Created>2025-09-23T14:49:20.905+02:00</Created>
        <LastChange>2025-12-12T12:56:51.252+01:00</LastChange>
    </Metadata>
    <Page imageFilename="p185.jpg" imageWidth="3508" imageHeight="2479">
        <ImageRegion id="r" custom="readingOrder {index:0;}">
            <Coords points="304,418 1042,418 1042,904 304,904"/>
        </ImageRegion>
    </Page>
</PcGts>
