<?xml version="1.0" encoding="UTF-8" standalone="yes"?>
<PcGts xmlns="http://schema.primaresearch.org/PAGE/gts/pagecontent/2013-07-15">
    <Metadata>
        <Creator>Transkribus</Creator>
        <Created>2025-12-12T12:34:32.884679</Created>
        <LastChange>2025-12-12T12:34:53.963+01:00</LastChange>
    </Metadata>
    <Page imageFilename="106777080_364_p186.jpg" imageWidth="3508" imageHeight="2479">
        <TextRegion id="tr_1765539292">
            <Coords points="224,458 2431,458 2431,791 224,791"/>
        </TextRegion>
        <TextRegion id="tr_1765539290">
            <Coords points="227,789 1072,789 1072,1602 227,1602"/>
        </TextRegion>
        <TextRegion id="tr_1765539289">
            <Coords points="1601,777 2030,777 2030,1575 1601,1575"/>
        </TextRegion>
        <TextRegion id="tr_1765539291">
            <Coords points="1975,782 2431,782 2431,1570 1975,1570"/>
        </TextRegion>
        <TextRegion id="tr_1765539288">
            <Coords points="231,1571 2436,1571 2436,1765 231,1765"/>
        </TextRegion>
    </Page>
</PcGts>
