<?xml version="1.0" encoding="UTF-8" standalone="yes"?>
<PcGts xmlns="http://schema.primaresearch.org/PAGE/gts/pagecontent/2013-07-15">
    <Metadata>
        <Creator>Transkribus</Creator>
        <Created>2025-12-12T12:34:32.884679</Created>
        <LastChange>2025-12-12T12:34:54.105+01:00</LastChange>
    </Metadata>
    <Page imageFilename="106777081_366_p188.jpg" imageWidth="3508" imageHeight="2479">
        <TextRegion id="tr_1765539287">
            <Coords points="307,441 2421,441 2421,769 307,769"/>
        </TextRegion>
        <TextRegion id="tr_1765539286">
            <Coords points="305,773 1073,773 1073,1613 305,1613"/>
        </TextRegion>
        <TextRegion id="tr_1765539283">
            <Coords points="1616,766 2031,766 2031,1584 1616,1584"/>
        </TextRegion>
        <TextRegion id="tr_1765539285">
            <Coords points="1989,764 2433,764 2433,1586 1989,1586"/>
        </TextRegion>
        <TextRegion id="tr_1765539284">
            <Coords points="327,1580 2446,1580 2446,1767 327,1767"/>
        </TextRegion>
    </Page>
</PcGts>
