<?xml version="1.0" encoding="UTF-8" standalone="yes"?>
<PcGts xmlns="http://schema.primaresearch.org/PAGE/gts/pagecontent/2013-07-15">
    <Metadata>
        <Creator>Transkribus</Creator>
        <Created>2025-12-12T12:34:32.884679</Created>
        <LastChange>2025-12-12T12:34:54.229+01:00</LastChange>
    </Metadata>
    <Page imageFilename="106777093_367_p189.jpg" imageWidth="3508" imageHeight="2479">
        <TextRegion id="tr_1765539284">
            <Coords points="336,481 2517,481 2517,803 336,803"/>
        </TextRegion>
        <TextRegion id="tr_1765539282">
            <Coords points="328,811 1140,811 1140,1610 328,1610"/>
        </TextRegion>
        <TextRegion id="tr_1765539285">
            <Coords points="1139,811 1369,811 1369,1613 1139,1613"/>
        </TextRegion>
        <TextRegion id="tr_1765539281">
            <Coords points="1722,810 2126,810 2126,1593 1722,1593"/>
        </TextRegion>
        <TextRegion id="tr_1765539280">
            <Coords points="2113,800 2563,800 2563,1589 2113,1589"/>
        </TextRegion>
        <TextRegion id="tr_1765539283">
            <Coords points="354,1589 2549,1589 2549,1799 354,1799"/>
        </TextRegion>
    </Page>
</PcGts>
