<?xml version="1.0" encoding="UTF-8" standalone="yes"?>
<PcGts xmlns="http://schema.primaresearch.org/PAGE/gts/pagecontent/2013-07-15">
    <Metadata>
        <Creator>Transkribus</Creator>
        <Created>2025-09-23T14:49:23.459+02:00</Created>
        <LastChange>2025-12-12T12:55:27.631+01:00</LastChange>
    </Metadata>
    <Page imageFilename="p190.jpg" imageWidth="3508" imageHeight="2479">
        <ImageRegion id="r" custom="readingOrder {index:0;}">
            <Coords points="287,409 1330,409 1330,1802 287,1802"/>
        </ImageRegion>
    </Page>
</PcGts>
