<?xml version="1.0" encoding="UTF-8" standalone="yes"?>
<PcGts xmlns="http://schema.primaresearch.org/PAGE/gts/pagecontent/2013-07-15">
    <Metadata>
        <Creator>Transkribus</Creator>
        <Created>2025-12-12T12:34:32.884679</Created>
        <LastChange>2025-12-12T12:34:54.364+01:00</LastChange>
    </Metadata>
    <Page imageFilename="106777082_369_p191.jpg" imageWidth="3508" imageHeight="2479">
        <TextRegion id="tr_1765539282">
            <Coords points="457,493 2613,493 2613,806 457,806"/>
        </TextRegion>
        <TextRegion id="tr_1765539281">
            <Coords points="471,833 1216,833 1216,1614 471,1614"/>
        </TextRegion>
        <TextRegion id="tr_1765539284">
            <Coords points="1195,818 1474,818 1474,1640 1195,1640"/>
        </TextRegion>
        <TextRegion id="tr_1765539280">
            <Coords points="1489,821 2214,821 2214,1616 1489,1616"/>
        </TextRegion>
        <TextRegion id="tr_1765539279">
            <Coords points="2182,807 2637,807 2637,1615 2182,1615"/>
        </TextRegion>
        <TextRegion id="tr_1765539283">
            <Coords points="569,1607 2622,1607 2622,1815 569,1815"/>
        </TextRegion>
    </Page>
</PcGts>
