<?xml version="1.0" encoding="UTF-8" standalone="yes"?>
<PcGts xmlns="http://schema.primaresearch.org/PAGE/gts/pagecontent/2013-07-15">
    <Metadata>
        <Creator>Transkribus</Creator>
        <Created>2025-11-20T11:01:09.864903</Created>
        <LastChange>2025-12-12T12:54:49.158+01:00</LastChange>
    </Metadata>
    <Page imageFilename="103329728_192_p192.jpg" imageWidth="3508" imageHeight="2479">
        <ImageRegion id="r" custom="readingOrder {index:0;}">
            <Coords points="1361,405 2413,405 2413,1769 1361,1769"/>
        </ImageRegion>
        <TextRegion id="tr_1763632887" custom="readingOrder {index:1;}">
            <Coords points="0,0 3508,0 3508,2479 0,2479"/>
        </TextRegion>
    </Page>
</PcGts>
