<?xml version="1.0" encoding="UTF-8" standalone="yes"?>
<PcGts xmlns="http://schema.primaresearch.org/PAGE/gts/pagecontent/2013-07-15">
    <Metadata>
        <Creator>Transkribus</Creator>
        <Created>2025-12-12T12:32:03.001993</Created>
        <LastChange>2025-12-12T12:32:10.164+01:00</LastChange>
    </Metadata>
    <Page imageFilename="106777083_371_p193.jpg" imageWidth="3508" imageHeight="2479">
        <TextRegion id="tr_1765539130">
            <Coords points="382,476 2606,476 2606,806 382,806"/>
        </TextRegion>
        <TextRegion id="tr_1765539128">
            <Coords points="393,821 1189,821 1189,1616 393,1616"/>
        </TextRegion>
        <TextRegion id="tr_1765539131">
            <Coords points="1165,803 1405,803 1405,1610 1165,1610"/>
        </TextRegion>
        <TextRegion id="tr_1765539129">
            <Coords points="1402,835 2136,835 2136,1612 1402,1612"/>
        </TextRegion>
        <TextRegion id="tr_1765539127">
            <Coords points="2121,817 2582,817 2582,1619 2121,1619"/>
        </TextRegion>
        <TextRegion id="tr_1765539132">
            <Coords points="425,1586 2502,1586 2502,1819 425,1819"/>
        </TextRegion>
    </Page>
</PcGts>
